siren,nom,site_web,domaine,remarque
902063700,007 agent i - Agence immobilière à Montmélian,http://www.007agent-i.fr/,007agent-i.fr,
350902102,1 Pierre 2 Coups,https://www.1pierre2coups.com/,1pierre2coups.com,
824368518,100 % EXCLUSIF-IMMO,http://www.100e-i.com/,100e-i.com,
419915830,100 pour 100 IMMOBILIER,http://www.centpourcentimmobilier.com/,centpourcentimmobilier.com,
953207198,1000% IMMOBILIER,http://www.1000immobilier.fr/,1000immobilier.fr,
500316377,1001 ADRESSES,https://www.square-hashford-1001.fr/,square-hashford-1001.fr,
533854436,109 IMMOBILIER,http://www.109immobilier.com/,109immobilier.com,
829085372,11-34 IMMOBILIER,https://www.11-34immobilier.com/,11-34immobilier.com,
480560259,115 IMMOBILIER,https://www.115immobilier.com/,115immobilier.com,
892099805,1465 Immo,https://www.1465immo.fr/,1465immo.fr,
828047761,17 IMMO,http://www.17immo.fr/,17immo.fr,
939126389,1818-Immobilier,https://www.1818-immobilier.com/fr/,1818-immobilier.com,
817603137,19CENT86 Immobilier & Placements,https://19cent86.com/fr/,19cent86.com,
444106132,1DEPENDANCE IMMOBILIER,http://www.1dependanceimmobilier.fr/,1dependanceimmobilier.fr,
530514454,1PACT IMMO,http://www.1pactimmo.fr/,1pactimmo.fr,
828555458,1Pro'Immo,http://www.1proimmo.com/,1proimmo.com,
909395469,2 I TRANSACTIONS,https://www.2i-transactions.fr/,2i-transactions.fr,
487624777,2 J IMMO INVEST,https://www.proprietes-privees.com/,proprietes-privees.com,
378331912,2 MM,http://www.2mm.fr/,2mm.fr,
452925407,2 RC CONSULT,http://www.2rcconsult.com/,2rcconsult.com,
935004366,20/21 Immobilier,https://www.20-21immobilier.com/,20-21immobilier.com,
827708850,203 IMMOBILIER,http://www.niort203immobilier.fr/,niort203immobilier.fr,
925244188,2A IMMO - Agence de PONTGIBAUD,http://2aimmoauvergne.com/,2aimmoauvergne.com,
978260339,2A IMMO PATRIMOINE,https://www.2aimmo-patrimoine.com/,2aimmo-patrimoine.com,
490845682,2A Immobilier,https://www.agenceimmobiliereajaccio.fr/,agenceimmobiliereajaccio.fr,
841125784,2AMIS,http://www.2amisimmo.fr/,2amisimmo.fr,
927766139,2B,http://www.2bimmobilier.com/,2bimmobilier.com,
534366075,2D DEVELOPPEMENT,https://www.2ddeveloppement.com/,2ddeveloppement.com,
818189367,2G Immo,http://2g.immo/,2g.immo,
930679352,2KEYS IMMOBILIER,https://2keys.fr/,2keys.fr,
517911087,2M IMMOBILIER,https://www.2m-immo.com/,2m-immo.com,
823147285,2R IMMOBILIER,http://www.2r-immobilier.fr/,2r-immobilier.fr,
538552514,2S & CO Immo et Conseil,http://www.2sandco.com/,2sandco.com,
909629024,2S immobilier.fr,http://www.2simmobilier.fr/,2simmobilier.fr,
821866555,2Y FONCIER CONSEIL,http://2yfoncierconseil.com/,2yfoncierconseil.com,
402048318,3 A Immobilier,http://www.3a-immobilier.com/,3a-immobilier.com,
343950978,3 A IMMOBILIER BETHUNE,http://www.3aimmobilier.fr/,3aimmobilier.fr,
853005668,3 J IMMO,https://3jimmo.com/,3jimmo.com,
897726048,3 plus immo,https://www.3plus-immo.com/,3plus-immo.com,
838269173,3.14 Immobilier,https://314immobilier.fr/,314immobilier.fr,
887723039,3.5.7 IMMO,http://www.357immo.com/,357immo.com,
800747545,33-40 Immo,http://www.3340immo.com/,3340immo.com,
378588107,33IMMO,http://www.33immo.fr/,33immo.fr,
948974746,35.7 IMMOBILIER,https://www.35-7immobilier.com/,35-7immobilier.com,
977711597,360 TRANSACTIONS,https://www.360transactions.fr/,360transactions.fr,
899243539,360° une vue d' ensemble de l'immobilier,https://360pibrac-immo.com/fr/,360pibrac-immo.com,
904694908,3C Immobilier,https://3c.immo/,3c.immo,
438561557,3D IMMO,http://www.3dimmo.fr/,3dimmo.fr,
529074783,3D IMMOBILIER,http://www.3dimmobilier.fr/,3dimmobilier.fr,
919315523,3E IMMO,http://www.3eimmo.fr/,3eimmo.fr,
790079255,4 Chemins de l'Immobilier - Agence immobilière,http://www.4cheminsimmobilier.com/,4cheminsimmobilier.com,
983222753,4 H IMMOBILIER,https://4h-immobilier.fr/,4h-immobilier.fr,
891933715,42BIS IMMO,http://www.42bis-immo.com/,42bis-immo.com,
825246770,42EME AVENUE Andrézieux-Bouthéon,https://www.42emeavenue.com/,42emeavenue.com,
502111750,43 N 2 E Real Estate,http://www.43n2e-realestate.com/,43n2e-realestate.com,
391600103,4807 IMMOBILIER ANNECY - Centre Bonlieu,http://www.4807immobilier.com/,4807immobilier.com,
898361787,4C immobilier Agence immobilière Le Mans Gare Sud,https://www.4c-immobilier.fr/,4c-immobilier.fr,
850112715,4D IMMO,https://www.4d-immobilier.com/fr,4d-immobilier.com,
914949532,4M l'Agence,http://www.4mlagence.fr/,4mlagence.fr,
912703287,4Y Immobilier,http://www.4yimmobilier.com/,4yimmobilier.com,
952212629,50/50 Immobilier,http://www.50-50immobilier.fr/,50-50immobilier.fr,
444231088,55 IMMO,http://www.55immo.com/,55immo.com,
830227492,5EME AVENUE,https://www.5eme-avenue.com/,5eme-avenue.com,
538892811,5eme Avenue Immobilier,http://www.5emeavenue-immobilier.com/,5emeavenue-immobilier.com,
833702269,610 IMMO,https://www.610immo.fr/,610immo.fr,
519382162,66 IMMOBILIER,http://www.66immobilier.com/,66immobilier.com,
803858877,6eme SENS IMMOBILIER,http://www.evci.immo/,evci.immo,
949614648,7 L'immobilier,https://www.7limmobilier.fr/,7limmobilier.fr,
808083349,7EME RUE IMMOBILIER,http://www.7emerue.fr/,7emerue.fr,
829708932,8 IMMO,http://www.8immo.fr/,8immo.fr,
821788270,83IMMOBILIER,http://www.83immobilier.fr/,83immobilier.fr,
889608774,88 BIS IMMOBILIER,https://www.88bisimmobilier.com/,88bisimmobilier.com,
508660693,95BIS immobilier,http://www.95bis.com/,95bis.com,
839355922,A 4 IMM'O,http://www.a-4-immo.com/,a-4-immo.com,
451566863,A 91 IMMOBILIER,https://www.a-91-immobilier.fr/,a-91-immobilier.fr,
502703473,A COTE IMMOBILIER,http://www.acoteimmo.com/,acoteimmo.com,
833462674,A DEUX PAS agence immobilière,https://www.adeuxpas.fr/,adeuxpas.fr,
812572949,A DEUX PAS IMMO,https://www.a2pasimmo.fr/,a2pasimmo.fr,
477486666,A E C IMMOBILIER,http://www.aeci.fr/,aeci.fr,
523349009,A Et B Conseil Immobilier,https://www.aandbimmobilier.com/,aandbimmobilier.com,
753360213,A Immobilier,http://www.a-immobilier.com/,a-immobilier.com,
901564203,A LA BONNE PORTE,http://www.alabonneporte.fr/,alabonneporte.fr,
991550039,A LA CLE,http://www.a-la-cle.com/,a-la-cle.com,
513438341,A LA PETITE COMMISSION CHARTRES,http://www.alapetitecommission.fr/,alapetitecommission.fr,
882332356,A&C immobilier,http://www.aetcimmo.fr/,aetcimmo.fr,
942749748,A&M IMMO STORE,http://www.am-immobilierbriancon.fr/,am-immobilierbriancon.fr,
794294959,A&M IMMOBILIER,https://www.immobilier-am.fr/,immobilier-am.fr,
900862475,A&M IMMOBILIER,http://www.aetmimmobilier.fr/,aetmimmobilier.fr,
394589980,A&S IMMOBILIER,https://www.asimmobilier-pertuis.com/,asimmobilier-pertuis.com,
390274728,A-CHANTEAU,https://www.a-chanteau.fr/,a-chanteau.fr,
853037844,A-S consultants,https://www.a-sconsultants.fr/,a-sconsultants.fr,
831499082,A. GESTION IMMO,https://www.agestionimmo.fr/,agestionimmo.fr,
801367335,A.C.B.I - AGENCE CHRISTINE BOYER IMMOBILIER,http://www.agencecbi.com/,agencecbi.com,
539725911,"A.C.DIM -Action, Conseil, Developpement Immobilier",http://acdim-immo.com/,acdim-immo.com,
878420959,A.E.F SUD,https://aefimmobilier.com/fr/nos-biens,aefimmobilier.com,
788646123,A.F IMMOBILIER,http://www.af-immobilier.com/,af-immobilier.com,
807709597,A.G.I Gestion,https://www.agigestion-transaction.com/,agigestion-transaction.com,
815204896,A.GESTION,https://www.limoges-appart.fr/,limoges-appart.fr,
439221292,A.I.B.,http://www.aib.re/,aib.re,
438075608,A.I.V.B - Agence Immobilière du Val de Bussy,http://aivb.net/,aivb.net,
888050747,A.J Pro immo,https://www.ajpro-immo.com/,ajpro-immo.com,
922459714,A.M Immobilier - Alexandra Meynier,https://ameynier-immobilier.fr/,ameynier-immobilier.fr,
452671407,A.P.I Agence Pézenas Immobilier,http://www.api-pezenas.com/,api-pezenas.com,
750422198,A.P.S. IMMO,http://www.aps-immo.fr/,aps-immo.fr,
300685088,A.PEREZ Office de gestion immobilière,https://www.ogi64.com/,ogi64.com,
383914462,A.S.I L'AGENCE SERVICES IMMOBILIER,http://www.asi-immo.com/,asi-immo.com,
992212100,A.S.Immo,https://www.asimmo-gap.fr/,asimmo-gap.fr,
477510499,A.V.C IMMOBILIER,http://www.avc.re/,avc.re,
408751709,A.V.L.IMMOBILIER,https://www.avl-immobilier.com/,avl-immobilier.com,
794759902,A2B IMMO,https://www.a2bimmo.com/,a2bimmo.com,
480598416,A2B IMMOBILIER,http://www.a2bimmobilier.net/,a2bimmobilier.net,
802995233,A2D IMMOBILIER,https://www.a2d-immobilier.fr/,a2d-immobilier.fr,
948202940,A2M immobilier,http://www.a2mimmobilier.com/,a2mimmobilier.com,
488320946,A2P IMMO,https://www.a2pimmo.fr/,a2pimmo.fr,
979236908,A2Z AGENCY,https://www.a2z-agency.com/,a2z-agency.com,
829991835,A3A Immobilier,http://www.a3aimmobilier.fr/fr/,a3aimmobilier.fr,
902603778,A3G IMMOBILIER,http://www.a3gimmobilier.fr/,a3gimmobilier.fr,
481167260,A3M Immobilier,https://www.a3m-immobilier.com/,a3m-immobilier.com,
984146548,AA TRANSACTIONS,https://www.aa-transactions.com/,aa-transactions.com,
508269818,AAREVA IMMOBILIER,https://www.aareva-immobilier.com/,aareva-immobilier.com,
453017055,AB CONCEPT,http://www.abconcept-immobilier-vente.fr/,abconcept-immobilier-vente.fr,
913109450,AB Immo,http://www.abimmo25.fr/,abimmo25.fr,
514136225,AB IMMO SUD-OUEST,http://www.abimmo-sudouest.com/,abimmo-sudouest.com,
914881594,"AB, Immobilier",http://www.ab-lille.fr/,ab-lille.fr,
539514877,AB2J Immobilier,http://ab2j-immobilier.fr/,ab2j-immobilier.fr,
533815460,ABABSA Noredine,https://ikami.fr/,ikami.fr,
443658463,ABAFIM,http://www.abafim.fr/,abafim.fr,
397507310,ABAQUE GESTION,http://abaquegestion.fr/,abaquegestion.fr,
429097546,ABAXIMMO : L'IMMOBILIER PROCHE DE VOUS,http://www.abaximmo.com/,abaximmo.com,
504425984,ABBA GESTION,http://abbagestion.immoscope.fr/ABBAGESTION21_WEB/FR/Accueil.awp,abbagestion.immoscope.fr,
983299033,ABBATIALE IMMOBILIER,https://abbatiale-immobilier.fr/,abbatiale-immobilier.fr,
753494053,ABBESSES IMMOBILIER,https://www.abbesses-immobilier.fr/,abbesses-immobilier.fr,
384213823,ABBEVILLE IMMO,http://abbeville-immo.net/,abbeville-immo.net,
379703341,ABC IMMO,https://www.abcimmo.info/,abcimmo.info,
442885802,ABC IMMO,http://www.a-b-c-immobilier.com/,a-b-c-immobilier.com,
803693795,ABC IMMO,http://www.abcimmo83.fr/,abcimmo83.fr,
834721565,ABC IMMOBILIER D'ENTREPRISE,http://www.abc-ie.fr/,abc-ie.fr,
521101238,Abc vos charges.immo,https://www.abcvoscharges.com/,abcvoscharges.com,
812697589,ABCONSEILS,https://www.abconseils.immo/,abconseils.immo,
827801234,ABCS IMMOBILIER,http://www.abcsimmobilier.fr/,abcsimmobilier.fr,
479972572,ABCYLONE PATRIMOINE,http://www.abcylone-immo.com/,abcylone-immo.com,
391727286,ABEC IMMOBILIER,http://www.abec-immobilier.com/,abec-immobilier.com,
503299463,ABEILLE CONSEIL IMMOBILIER,https://www.abeille-conseilimmobilier.com/,abeille-conseilimmobilier.com,
344136759,ABEL CONSULTANTS,http://www.abel-immo.fr/,abel-immo.fr,
830094504,ABELHA IMMOBILIER,https://www.abelha-immo.fr/,abelha-immo.fr,
930680806,ABER ET MER IMMOBILIER,http://www.aberetmer-immobilier.fr/,aberetmer-immobilier.fr,
420635781,ABI AGENCE BEAUTOUR IMMOBILIER,http://www.beautour-immobilier.com/,beautour-immobilier.com,
993530807,ABIS IMMO 28,http://www.abisimmo28.com/,abisimmo28.com,
850687849,ABITHEA 87,https://www.abithea87.fr/,abithea87.fr,
949806012,Abithéa Besançon,http://besancon-abithea.fr/,besancon-abithea.fr,
802949263,ABL IMMOBILIER,https://www.abl-immobilier.fr/,abl-immobilier.fr,
498069095,ABM IMMO,https://www.abm-immo.com/,abm-immo.com,
421126723,ABONDANCE IMMOBILIERE,http://www.abondance-immo.com/,abondance-immo.com,
414655555,ABORD CASTANET IMMOBILIER,https://www.castanet-immobilier-orange.com/,castanet-immobilier-orange.com,
494642754,ABP Immobilier,http://www.abp-immo42.fr/,abp-immo42.fr,
499237527,ABRI-MER Immobilier Merlimont,https://abri-mer.fr/,abri-mer.fr,
494307408,ABS IMMO,http://www.absimmo28.com/,absimmo28.com,
507938835,ABSIS CONSEIL,http://absisconseil.fr/,absisconseil.fr,
502334410,ABSO Immobilier,http://absoimmobilier.fr/,absoimmobilier.fr,
899659114,ABSOLIM,https://www.absolim.immo/,absolim.immo,
883937716,ABTI,http://www.abti.bzh/,abti.bzh,
939014338,ABY IMMO,https://www.aby-immo.fr/,aby-immo.fr,
892018789,Abélard Immobilier,http://www.abelardimmobilier.com/,abelardimmobilier.com,
751773201,AC IMMOBILIER,http://www.ac-immobilier.net/,ac-immobilier.net,
802894907,AC IMMOBILIER,http://agence-acimmobilier.fr/,agence-acimmobilier.fr,
892976788,AC IMMOBILIER PATRIMOINE ET PROPRIETE,http://www.agenceacimmo.fr/,agenceacimmo.fr,
848565685,AC PROPERTY,https://www.ac-property.fr/,ac-property.fr,
887516995,AC PROPRIO,https://besancon.mikit.fr/,besancon.mikit.fr,
837940410,AC'COM IMMOBILIER,http://www.accom-immobilier.com/,accom-immobilier.com,
420451155,ACANTHE IMMOBILIER,https://www.acantheimmobilier.com/,acantheimmobilier.com,
843487000,ACCANO,http://www.accano.fr/,accano.fr,
883039729,ACCART Caroline,http://www.optimhome.com/,optimhome.com,
887772119,ACCASA,https://www.accasa.corsica/lots/1,accasa.corsica,
797461514,ACCENT DU SUD IMMOBILIER,http://www.accentdusud-immo.com/,accentdusud-immo.com,
440907772,ACCENT IMMOBILIER,http://www.accentimmobilier.com/,accentimmobilier.com,
794248880,ACCENT IMMOBILIER,http://www.accent-rodez.fr/,accent-rodez.fr,
811795111,ACCES CONSEIL IMMOBILIER PLERIN,http://www.acces-conseil-immobilier.com/,acces-conseil-immobilier.com,
395025380,ACCES IMMOBILIER,https://www.accesimmobilier.com/fr,accesimmobilier.com,
882069826,ACCES IMMOBILIER,https://www.immobilierbuzet.fr/,immobilierbuzet.fr,
818765240,ACCESS IMMO,http://www.access-immo95.fr/,access-immo95.fr,
831122957,ACCESS PROPERTIES,https://www.accessproperties.fr/,accessproperties.fr,
752870105,Accessible Immobilier,http://www.accessible-immobilier.com/,accessible-immobilier.com,
424600864,ACCESSION IMMO,http://www.accession-immo.com/,accession-immo.com,
440582518,ACCI PLUS IMMOBILIER,https://www.acciplusimmobilier.fr/fr/,acciplusimmobilier.fr,
538440991,ACCORD Groupe Immobilier,http://www.agence-accord.com/,agence-accord.com,
487872137,ACCORD IMMO,https://accordimmo.pro/,accordimmo.pro,
813526514,ACCORD IMMO PROVENCE,https://www.accord-immobilier84.com/,accord-immobilier84.com,
341873727,ACCORD immobilier,http://www.aix-provence-immobilier.fr/,aix-provence-immobilier.fr,
344306733,ACCORD IMMOBILIER,http://accordimmobilier.com/,accordimmobilier.com,
421061904,ACCORD IMMOBILIER,https://accord-immobilier.re/,accord-immobilier.re,paramètres de suivi retirés
520948233,ACCORD IMMOBILIER,http://accord-immo.com/,accord-immo.com,
750931552,ACCORD IMMOBILIER,http://www.accord-immobilier15.com/,accord-immobilier15.com,
511779381,ACCORD IMMOBILIER 63 - Agence Immobilière,https://www.accordimmobilier63.fr/,accordimmobilier63.fr,
901655803,ACCORD IMMOBILIER: L'agence des halles,http://www.accordimmo34.com/,accordimmo34.com,
353514854,ACCORIMM MIONS,http://www.accorimm.fr/,accorimm.fr,
352752752,ACCORT IMMOBILIER,http://www.accort.com/,accort.com,
477503734,ACCUEIL VOLTAIRE IMMOBILIER,https://www.aivoltaire.com/,aivoltaire.com,
441340544,ACD IMMOBILIER,http://www.acd-immobilier.com/,acd-immobilier.com,
898847983,Achetez Neuf Immo,http://www.achetezneufimmo.fr/,achetezneufimmo.fr,
480236207,ACHEUL-IMMO,http://www.acheulimmo.com/,acheulimmo.com,
439103862,ACI CAEN - AGENCE CAPITAL IMMOBILIER,http://www.agence-aci.com/,agence-aci.com,
409514635,ACI GESTION,https://www.aip-location.com/,aip-location.com,
539190249,ACI KÔTE IMMOBILIER,http://www.koteimmobilier.com/,koteimmobilier.com,
330076860,ACIE,http://www.acie.fr/,acie.fr,
892443383,ACJ IMMOBILIER,https://acj-immobilier.fr/estimation-en-ligne/,acj-immobilier.fr,
523246395,ACM Immobilier - Agence Centrale Mansonnienne,https://www.acm-maisonslaffitte.com/,acm-maisonslaffitte.com,
842429417,ACMA IMMOBILIER,https://www.acma-immobilier.com/,acma-immobilier.com,
448929091,ACOR'IMMO,http://www.acorimmo.fr/,acorimmo.fr,
929243939,ACOVEA IMMOBILIER,http://www.acovea-immobilier.com/,acovea-immobilier.com,
431593649,ACP IMMOBILIER,http://www.acp-immobilier.com/,acp-immobilier.com,
793276726,ACP IMMOBILIER,http://www.acp-immo.fr/,acp-immo.fr,
850328527,ACP SUD IMMOBILIER,http://www.acp-sudimmobilier.fr/,acp-sudimmobilier.fr,
451843007,ACP TRANSACTIONS,http://www.acp-transactions.fr/,acp-transactions.fr,
918155920,ACPI CONSEIL,http://acpi-conseil.fr/,acpi-conseil.fr,
820048866,ACQUERIM LES HAUTS DE FRANCE,http://www.acquerim.fr/,acquerim.fr,
819064031,ACS IMMOBILIER,http://www.acs-immobilier.fr/,acs-immobilier.fr,
381257930,ACT IMMOBILIER,http://www.act-immobilier.com/,act-immobilier.com,
494777709,ACT IMMOBILIER,https://www.actimmobilier69.com/,actimmobilier69.com,
518506860,ACT IMMOBILIER,http://www.actimmobilier.net/,actimmobilier.net,
815302583,ACT IMMOBILIER,http://www.actimmo76.net/,actimmo76.net,
881932214,Act'Icimmo,http://www.acticimmo31.com/,acticimmo31.com,
334865557,ACT'IMMO,http://www.actimmo.org/,actimmo.org,
414924571,ACT'IMMO,https://www.actimmo-43.fr/,actimmo-43.fr,
921255568,ACT'IMMO,http://www.actimmo.re/,actimmo.re,
810328369,ACT'IMMO CALAIS,http://www.actimmocalais.fr/,actimmocalais.fr,
482211687,ACT-IMMO,http://www.actimmo50.fr/,actimmo50.fr,
349969014,ACTA IMMOBILIER,http://www.actaimmobilier.fr/,actaimmobilier.fr,
951041326,ACTARY SOLUTIONS IMMOBILIER,https://www.actarysolutions-immo.fr/,actarysolutions-immo.fr,
485217483,acte2immo,http://www.agencecostelloise.com/,agencecostelloise.com,
844292250,ACTENMAIN,https://actenmain.fr/,actenmain.fr,
445352529,ACTEUR SUD,http://www.acteursud.com/,acteursud.com,
937648046,ACTI'LOG TRANSACTION,https://actilog-transaction.fr/,actilog-transaction.fr,
902903590,ACTI-IMMO,https://acti-immo.fr/,acti-immo.fr,
839353158,ACTIA CONCEPT,http://www.actia-concept.fr/,actia-concept.fr,
485232722,ACTIF IMMOBILIER,http://www.actif-cluses.com/,actif-cluses.com,
404721573,ACTIF IMMOBILIER AISN'OISE,https://www.actif-immobilier-aisnoise.com/,actif-immobilier-aisnoise.com,
491456778,Actif'Immo,http://www.actifimmo93.com/,actifimmo93.com,
791088131,ACTIFI,http://www.actifi.fr/,actifi.fr,
892877846,ACTIFIMMO Flers,http://www.actifimmo61.fr/,actifimmo61.fr,
524447414,ACTIFS IMMOBILIER,http://www.actifs-immobilier.fr/,actifs-immobilier.fr,
827693623,ACTIMMO,http://www.agence-actimmo.fr/,agence-actimmo.fr,
438784878,ACTIMMO CONSEIL,https://actimmoconseil.fr/,actimmoconseil.fr,
317328151,ACTIMMO58,https://www.actimmo58.fr/a-vendre/1,actimmo58.fr,
880884465,ACTION IMMO,https://agenceactionimmo.fr/fr/,agenceactionimmo.fr,
825123631,Action Immo Internationale,http://www.actionim.net/mentions+legales.html,actionim.net,
522800689,ACTION IMMOBILIER,http://www.immoaction.fr/,immoaction.fr,
795393065,ACTION IMMOBILIER,https://www.action.immo/,action.immo,
820482289,ACTION IMMOBILIER,https://www.action-immo.fr/,action-immo.fr,
385344502,ACTION IMMOBILIERE,http://www.actionimmobiliere-aixenprovence.fr/,actionimmobiliere-aixenprovence.fr,
851997437,ACTION IMMOBILIERE,http://action-immo.com/,action-immo.com,
904544368,Action Immobilière Agence immobilière Lannion,http://www.action-immobiliere.com/,action-immobiliere.com,
753890128,Actions Services Immobiliers-Expert Immobilier,http://www.agence-aiguebelette.fr/,agence-aiguebelette.fr,
529916298,ACTISSIMMO,http://www.actissimmo.com/,actissimmo.com,
833220940,ACTIV PATRIMONIA,http://www.activpatrimonia-immobilier.com/,activpatrimonia-immobilier.com,
842002206,ACTIV'IMMO Agence Immobilière Moûtiers,https://www.agenceactiv.immo/,agenceactiv.immo,
789108388,ACTIVA GESTION,http://www.immo-diffusion.fr/,immo-diffusion.fr,
895248573,ACTIVES TRANSACTIONS CONSEILS,https://www.a-transactionsconseils.com/,a-transactionsconseils.com,
398202655,ACTIVIMM cabinet LEMAIRE,http://www.activimm.com/,activimm.com,
818197535,ACTU IMMO,https://www.actu-immo.net/,actu-immo.net,
789886108,Actu'elles transac,http://www.actuellestransac.fr/,actuellestransac.fr,
901872622,ACTUEL IMMO,http://www.actuelimmo62.fr/,actuelimmo62.fr,
450488069,ACTUEL IMMOBILIER,http://www.actuel-immo.com/,actuel-immo.com,
501191720,Actuel Immobilier - Aix-en-Provence,http://www.beauxvillages.com/,beauxvillages.com,
438197501,Act’Immo Services,http://www.actimmoservices.com/,actimmoservices.com,
439211731,AD HOC IMMOBILIER,https://www.adhoc-immobilier.com/,adhoc-immobilier.com,
509816260,AD HOME IMMOBILIER,http://www.adhome-immobilier.com/,adhome-immobilier.com,
450866371,AD IMMO,https://www.agenceadimmo.com/,agenceadimmo.com,
794226183,AD IMMOBILIER,http://www.adimmobilier38.fr/,adimmobilier38.fr,
831308440,AD NOSTRA IMMOBILIER,http://www.ad-nostra.fr/,ad-nostra.fr,
802286211,AD PRESTIMMO,http://www.bastiaprestimmo.com/,bastiaprestimmo.com,
894331503,ADB GESTION,https://adb-gestion.com/,adb-gestion.com,
948477294,ADB REACT,http://www.adbreact.fr/,adbreact.fr,
452562408,ADC IMMOBILIER,https://www.adc-immobilier-pertuis.com/,adc-immobilier-pertuis.com,
503424590,ADDICT IMMOBILIER,https://www.addict-immo.com/,addict-immo.com,
912700770,ADEKA IMMOBILIER,https://www.adeka-immobilier.fr/,adeka-immobilier.fr,
812907905,Adelie Gestion,https://www.adeliegestion.com/,adeliegestion.com,
518691324,ADEPT IMMO,http://www.adeptimmo.fr/,adeptimmo.fr,
502550296,Adequadom,https://www.adequadom.com/fr,adequadom.com,
437919251,ADEQUAT,https://www.agenceadequat.fr/,agenceadequat.fr,
919584755,ADEQUAT IMMO,http://www.adequatimmo.com/,adequatimmo.com,
519118988,ADEQUAT IMMOBILIER,http://www.adequatimmobilier.com/,adequatimmobilier.com,
932703671,ADEQUATION IMMOBILIER,https://adequationimmobilier.com/,adequationimmobilier.com,
804881167,ADimmo17,http://www.adimmo17.fr/,adimmo17.fr,
845018639,Adiù Immobilier,https://agenceadiu.com/,agenceadiu.com,
517821492,ADK IMMO,https://adk-immo.fr/,adk-immo.fr,
301169116,ADL IMMOBILIER transactions,http://www.adl-immo.fr/,adl-immo.fr,
505303552,ADM,http://www.adm-immo.com/,adm-immo.com,
415168541,ADM immobilier,https://www.admimmo.fr/,admimmo.fr,
953778396,ADM IMMOBILIER,https://www.adm-immobilier.com/,adm-immobilier.com,
494724115,ADMIMO,https://www.admimo.fr/,admimo.fr,
315903344,ADMIN IMMOBILIERE ANNECIENNE 2,http://www.2a-immo.fr/,2a-immo.fr,
809826878,ADN Immo,http://www.adn-immo.com/,adn-immo.com,
828730663,ADN IMMO,http://www.adnimmo.com/,adnimmo.com,
899172563,ADN IMMOBILIER,https://www.adnimmoconseil.com/,adnimmoconseil.com,
819244450,ADN IMMOBILIER TRANSACTIONS,https://www.adn-immobilier.com/,adn-immobilier.com,
789466935,ADOM IMMOBILIER - CONSEIL TRANSACTION IMMOBILIERE,http://www.adom-immobilier.fr/,adom-immobilier.fr,
310863592,ADOMIA RESIDENCES,https://www.sidr.fr/offres-immobilieres/,sidr.fr,
808133912,ADOPTE UN TOIT,http://www.adopteuntoit.com/,adopteuntoit.com,
878178482,ADRIA Immobilier,http://www.adriaimmo.fr/,adriaimmo.fr,
348326273,ADVENIER IMMOBILIER,http://www.advenierimmobilier.fr/,advenierimmobilier.fr,
899365811,ADYA immobilier,http://www.adya-immobilier.fr/,adya-immobilier.fr,
452063209,AD’HOC CONSEIL,http://www.adhoc-conseil.com/,adhoc-conseil.com,
841909484,AEB PROPERTIES,https://www.aeb-properties.com/fr/,aeb-properties.com,
814504072,AEDIFIM,https://www.aedifim-immobilier.fr/,aedifim-immobilier.fr,
828494674,AEI COTE MER,http://www.aei-var.com/,aei-var.com,
388330425,AEI IMMOBILIER,http://www.aei-immo.com/,aei-immo.com,
434768370,AETHICA,https://www.adi-logements.fr/,adi-logements.fr,
901257345,AEV IMMO,https://aev.immo/fr/,aev.immo,
801267345,AF Immobilier,https://www.agenceimmobiliere93.fr/,agenceimmobiliere93.fr,
853299469,AF Immobilier,https://www.af-immobiliercaen.com/,af-immobiliercaen.com,
334281151,AF INFO IMMOBILIER,https://www.immobiliersaint-raphael.com/,immobiliersaint-raphael.com,
422481358,AFACOM Cabinet d'affaires,https://www.afacom.com/,afacom.com,
451094452,AFDI MARTINIQUE,http://www.immobilier.net/,immobilier.net,
509846960,AFFAIRES IMMOBILIERES DE LA DORDOGNE – K PARCELIER,http://dazimmo.free.fr/,dazimmo.free.fr,
512652751,AFFAIRIMMO,http://www.affairimmo.fr/,affairimmo.fr,
538984642,Affinis Immobilier : agence immobilière,https://www.affinis-immo.com/,affinis-immo.com,
786302869,AFI CONNERRE,http://www.agence-fertoise.fr/,agence-fertoise.fr,
890331879,AFI IMMOBILIER,https://afi-conseil.fr/,afi-conseil.fr,
478596224,AFR Immobilier Chatou,https://www.afr-immobilier.com/agence-immobiliere-chatou-haut.php,afr-immobilier.com,
840915037,AFTER IMMOBILIER,http://www.afterimmobilier.fr/,afterimmobilier.fr,
443735824,AFTIM - L'immobilier au Touquet-Paris-Plage,https://www.aftim.fr/,aftim.fr,
404328189,AG FREY IMMO,http://www.ag-freyimmo.net/,ag-freyimmo.net,
503051286,AG IMMOBILIER - COMMISSIONS REDUITES,http://www.agimmobilier.fr/,agimmobilier.fr,
753823897,AG IMMOBILIER BREST,http://www.agimmobilier-brest.com/,agimmobilier-brest.com,
494715014,AG IMMOBILIER GESTION,http://www.ag-immobilier-gestion.com/,ag-immobilier-gestion.com,
479942609,AG.I IMMOBILIER,http://www.ag-immobilier.com/,ag-immobilier.com,
530735505,AG2S IMMOBILIER,http://www.ag2s-immobilier.com/,ag2s-immobilier.com,
823558036,AG9 IMMOBILIER,https://ag9-immobilier.fr/,ag9-immobilier.fr,
941510281,AGAPE,https://www.agape-immobilier.fr/,agape-immobilier.fr,
912205200,AGAT'IMMO,http://www.agatimmo.fr/,agatimmo.fr,
508206596,AGATE IMMOBILIER,https://www.agate-immobilier.fr/,agate-immobilier.fr,
428178354,Agay Immobilier,https://www.agencesdusud.com/,agencesdusud.com,
343529962,AGE IMMOBILIER,http://www.ageimmobilier.com/,ageimmobilier.com,
300413515,AGEI,https://agence-agei.com/,agence-agei.com,
381276088,AGEMO,https://www.agence-agemo.fr/,agence-agemo.fr,
834225583,"Agence ""rue du PARTICULIER"" Bayeux",https://www.rueduparticulier.com/,rueduparticulier.com,
790873699,Agence 13'Nego,http://www.13-nego.fr/,13-nego.fr,
532310232,AGENCE 147,http://www.agence147.fr/,agence147.fr,
504657016,Agence 3 Villes Immobilier,https://www.3villesimmo.fr/,3villesimmo.fr,
490463205,AGENCE 360° IMMOBILIER,http://www.360immobilier.com/,360immobilier.com,
942498619,Agence 3v Immobilier,https://www.agence3v.com/,agence3v.com,
834097636,AGENCE 53,http://www.agence53.fr/,agence53.fr,
499714871,Agence 63 Immobilier Transactions Immobilières,http://www.63immobilier.com/,63immobilier.com,
478738552,AGENCE A 2 I,http://www.agence-a2i.fr/,agence-a2i.fr,
948642400,AGENCE A PART,http://www.agenceapartargences.com/,agenceapartargences.com,
349638320,AGENCE A PLUS,http://www.agenceaplus.com/,agenceaplus.com,
478315021,AGENCE A.M.I. LONGNY AU PERCHE,http://www.ami-longny.com/,ami-longny.com,
332852334,AGENCE AAPROGIMMO,http://www.aaprogimmo.fr/,aaprogimmo.fr,
304057771,Agence Abatilles Arcachon,https://www.agenceabatilles.com/,agenceabatilles.com,
481000339,Agence Acantalis,https://acantalis.com/fr/,acantalis.com,
305178246,AGENCE ACAPULCO,http://www.agence-acapulco.com/,agence-acapulco.com,
523872356,AGENCE ACCESS PRO,http://www.accesspro.fr/,accesspro.fr,
509483608,AGENCE ACHE LAURAINE,http://www.ache-immobilier.fr/,ache-immobilier.fr,
533861225,AGENCE ACIM,http://www.gbm-immobilier.fr/,gbm-immobilier.fr,
454091844,AGENCE ACTU,http://www.agence-actu.com/,agence-actu.com,
844123133,Agence ADB du Roannais - Administrateur de biens,https://www.adbduroannais.com/,adbduroannais.com,
495405359,Agence Adhemar Immobilier,http://www.agenceadhemar.com/,agenceadhemar.com,
644801235,AGENCE AFICO IMMOBILIER,https://www.afico.fr/,afico.fr,
938680980,AGENCE AIA IMMOBILIER,http://www.aia-immobilier.fr/fr/,aia-immobilier.fr,
487495640,Agence AIFI/Villaret Saint Paul,http://villaretsaintpaulimmobilier.com/,villaretsaintpaulimmobilier.com,
410725485,AGENCE AIGUES MORTES IMMOBILIER,http://www.aigues-mortes-immobilier.com/,aigues-mortes-immobilier.com,
410008320,AGENCE AIP CERIZAY,http://www.bocagimmo.com/,bocagimmo.com,
887848836,AGENCE AIR,http://www.lagenceair.fr/,lagenceair.fr,
331984484,AGENCE ALAIN,http://www.agence-alain.com/,agence-alain.com,
934746793,Agence ALIENOR immobilier,https://www.alienorimmobilier.com/,alienorimmobilier.com,
482691128,AGENCE ALOHA IMMOBILIER,http://conciergeriealoha.fr/,conciergeriealoha.fr,
484170873,Agence Alpes & Chalets Chamonix,https://www.alpes-chalets.com/,alpes-chalets.com,
333891935,Agence Alpina Immobilier,http://www.agence-alpina.com/,agence-alpina.com,
429115660,Agence Alsace-Lorraine,https://agencealsace-lorraine.com/,agencealsace-lorraine.com,
442590568,AGENCE ALTI,http://www.agencealti.fr/,agencealti.fr,
800705014,Agence ANGELI,http://www.saint-aygulf-immobilier.com/,saint-aygulf-immobilier.com,
447990318,Agence Antioche SARL,https://antioche-immobilier.com/fr/,antioche-immobilier.com,
397819848,AGENCE APP IMMOBILIER,http://www.app-immo.com/,app-immo.com,
440602910,AGENCE APPERE,http://www.agence-appere.com/index.html,agence-appere.com,
401616875,Agence Arcade Immobilier,https://www.arcade-immo.fr/,arcade-immo.fr,
518176722,AGENCE ARDECHE SUD IMMOBILIER,http://www.07aasi.fr/,07aasi.fr,
380860742,AGENCE ARGUENON,http://www.agencearguenon.com/,agencearguenon.com,
457207538,AGENCE ARGUS IMMOBILIER,https://www.argus-immobilier-bordeaux.fr/,argus-immobilier-bordeaux.fr,
480277268,Agence ARIENTI IMMOBILIER - Dieulefit,http://www.immobilierarienti.com/,immobilierarienti.com,
384056990,AGENCE ARNAUD ADVENIER,http://www.immobilier-advenier.com/,immobilier-advenier.com,
810390831,AGENCE ARRIO,http://www.agencearrioimmobilier.com/,agencearrioimmobilier.com,
385384235,Agence Art Immobilier International,http://www.cbrimmobilier.fr/,cbrimmobilier.fr,
938522604,AGENCE ATELIER PIA,https://atelier-pia.fr/a-propos/,atelier-pia.fr,
325820470,Agence ATHERAC - Transaction,https://www.atherac-laclusaz.com/,atherac-laclusaz.com,
393755848,Agence Atlantic Immobilier,http://www.atlantic-immobilier.com/,atlantic-immobilier.com,
881836373,Agence Atrium 64,http://www.agence-atrium-64.com/,agence-atrium-64.com,
448483933,AGENCE AUGUSTE IMMO,http://www.auguste-immo.fr/,auguste-immo.fr,
420393001,AGENCE AULIS,http://www.agenceaulis.com/,agenceaulis.com,
503036105,Agence AUTREMENT IMMO,http://www.autrementimmo.com/,autrementimmo.com,
839276789,Agence Auxois Morvan Immobilier,https://auxois-morvan-immo.online/,auxois-morvan-immo.online,nom corrigé
381413301,AGENCE AVESNES IMMO,https://www.avesnesimmo.fr/,avesnesimmo.fr,
419612411,Agence Avril,https://agenceavril.com/fr/ventes,agenceavril.com,
442984266,Agence Axo Aix en provence,https://cote-sud.immo/,cote-sud.immo,
418762092,Agence Azur Immobilier,http://www.azurimmobilier.com/,azurimmobilier.com,
492035829,Agence B et R IMMOBILIER,http://www.br-immobilier.fr/,br-immobilier.fr,
439306705,AGENCE B&B IMMOBILIER,https://www.agencebb.fr/,agencebb.fr,
848024733,Agence B.HOME.B IMMOBILIER à La Bernerie-en-Retz,http://www.bhomeb-immobilier.fr/,bhomeb-immobilier.fr,
434554150,AGENCE BAGUELIN IMMOBILIER,http://www.baguelin-immobilier.com/,baguelin-immobilier.com,
947896320,Agence Bailly Simon Immobilier,http://www.bsimmobilier.fr/,bsimmobilier.fr,
347453250,AGENCE BALTHAZAR,http://www.agence-location-lot.fr/,agence-location-lot.fr,
314281734,AGENCE BANNIER,http://www.bannier-immobilier.fr/,bannier-immobilier.fr,
753597822,AGENCE BANO IMMOBILIER,http://www.bano-immo.com/,bano-immo.com,
752590265,AGENCE BARATTE IMMOBILIER,http://www.baratte-immobilier.fr/,baratte-immobilier.fr,
709805089,Agence Baronnai,http://www.baronnai.fr/,baronnai.fr,
519902571,AGENCE BARRIO IMMOBILIER,http://www.barrioimmobilier.com/,barrioimmobilier.com,
379504988,Agence Barthelet,http://www.bartheletimmobilier.fr/,bartheletimmobilier.fr,
419754759,AGENCE BAT'S,http://www.agencebats.fr/,agencebats.fr,
343548020,Agence Batimmo Immobilier,http://www.batimmo-immobilier.com/,batimmo-immobilier.com,
799180898,AGENCE BAZILLE,http://www.agencebazille.fr/,agencebazille.fr,
792622524,Agence BC Immobilier,http://www.bc-immobilier.fr/,bc-immobilier.fr,
887908739,AGENCE BEATRICE VALLEJO,http://vallejo-immobilier.com/,vallejo-immobilier.com,
921880696,Agence Beaufort côté Plage,http://www.agencebeaufort.fr/,agencebeaufort.fr,
076150010,AGENCE BECI,http://agence-beci.com/,agence-beci.com,
434565735,AGENCE BEGIP,https://www.begip.fr/,begip.fr,
521394692,AGENCE BELISIMMO,http://www.belisimmo.com/,belisimmo.com,
505076984,AGENCE BENOIT,http://www.agencebenoit.fr/,agencebenoit.fr,
347830051,AGENCE BENOIT IMMOBILIER,http://www.benoitimmobilier.com/,benoitimmobilier.com,
572720977,Agence Benquet Biarritz,http://www.agence-benquet.com/,agence-benquet.com,
309346104,AGENCE BERTI PRESTIGE,http://www.berti-and-sons.com/,berti-and-sons.com,
348738253,AGENCE BFM,https://www.agencebfm-immo.com/,agencebfm-immo.com,
908178692,Agence BGL Transactions Immobilières,https://www.bglimmo.fr/,bglimmo.fr,
403651235,AGENCE BIRON,http://immobilier-biron.fr/,immobilier-biron.fr,
439034273,AGENCE BITERROISE IMMOBILIERE,http://www.agencebiterroise.fr/,agencebiterroise.fr,
385352455,AGENCE BLANCOISE,http://www.agenceblancoise.com/,agenceblancoise.com,
488496084,Agence BLANDINEAU La Montagne,http://www.agence-blandineau.com/,agence-blandineau.com,
388254518,AGENCE BLOSSAC Châtellerault,http://www.agence-blossac.fr/,agence-blossac.fr,
842685497,Agence BONHOMME IMMOBILIER,https://bonhomme.immo/fr/,bonhomme.immo,
490485893,AGENCE BONPRE,http://www.agence-bonpre.com/,agence-bonpre.com,
086080256,AGENCE BOURGOGNE,http://www.agencebourgogne.fr/,agencebourgogne.fr,
484937107,AGENCE BOURGOGNE IMMOBILIERE,https://www.abimmobiliere.com/cgi-bin/index.cgi,abimmobiliere.com,
329681282,AGENCE BOURILLON,http://www.agencebourillon.com/,agencebourillon.com,
824090609,AGENCE BRESLES IMMOBILIER,http://bresles.immo.free.fr/,bresles.immo.free.fr,
384267118,AGENCE BRETAGNE SUD,http://www.immobilier-abs.com/,immobilier-abs.com,
811228667,AGENCE BRETIL'IMMO,http://www.bretilimmo.com/,bretilimmo.com,
529011744,AGENCE BRITULIENNE,http://www.agencebritulienne.fr/,agencebritulienne.fr,
384307054,Agence Bru et Fils,http://lacanau.bruimmobilier.fr/,lacanau.bruimmobilier.fr,
952740421,Agence BRUN IMMO SOLEIL Cagnes-sur-mer,https://www.brunimmosoleil.com/,brunimmosoleil.com,
790320980,AGENCE BSD,http://www.agencebsd.fr/,agencebsd.fr,
394928576,AGENCE BôMarché,http://www.bomarche.fr/,bomarche.fr,
502357536,Agence C2i Metz,http://www.agence-immobiliere-c2i-metz.fr/,agence-immobiliere-c2i-metz.fr,
849498225,AGENCE CALVET - LE COMPTOIR DE L'IMMOBILIER,http://www.agence-immobiliere-beziers.com/,agence-immobiliere-beziers.com,
534684360,Agence CaP,http://www.agencecap.fr/,agencecap.fr,
307737544,AGENCE CAP ARCACHON,https://www.agence-cap.com/,agence-cap.com,
915364210,Agence Capitale Couronne Immobilier,http://www.capitalecouronne.fr/,capitalecouronne.fr,
892690165,AGENCE CAPSUD IMMO,https://www.capsud-immo.com/,capsud-immo.com,
808270938,AGENCE CARDINAL,http://www.cardinal-immonilier.fr/,cardinal-immonilier.fr,
511822199,AGENCE CARNOT IMMOBILIER,http://www.carnotimmo.com/,carnotimmo.com,
908190127,Agence Caroline Immobilier,https://www.caroline-immobilier.fr/,caroline-immobilier.fr,
808378681,Agence Carré,http://www.xn--agence-carr-lbb.fr/,xn--agence-carr-lbb.fr,
831423405,Agence Carré Royal International,https://www.cr-immobilier-montreuil.com/,cr-immobilier-montreuil.com,
942025107,AGENCE CASA ROSA,http://www.agencecasarosa.fr/,agencecasarosa.fr,
423073659,AGENCE CATALANE,http://www.agence-catalane-immobiliere.fr/,agence-catalane-immobiliere.fr,
852156025,AGENCE CATALANE,http://www.agence-catalane.com/,agence-catalane.com,
921914602,Agence CAUX TALOU,https://www.agencecauxtalou.com/,agencecauxtalou.com,
309824951,AGENCE CENTRALE,https://agence-centrale.fr/,agence-centrale.fr,
342460649,AGENCE CENTRALE,http://www.agencecentrale89.com/,agencecentrale89.com,
498411396,AGENCE CENTRALE DE LUYNES,https://www.monconseil.immo/,monconseil.immo,
347706541,AGENCE CENTRALE DE SEVRAN,http://www.agencecentraledesevran.com/,agencecentraledesevran.com,
343082632,AGENCE CENTRALE IMMOBILIER,https://www.agencecentrale92.com/,agencecentrale92.com,
801482902,AGENCE CENTRALE IMMOBILIERE,http://www.aci78.fr/,aci78.fr,
347570988,Agence Centrale Immobilière,http://www.aci-immo.fr/,aci-immo.fr,
568200687,AGENCE CENTRALE MAY,http://www.aulnay-immobilier.com/,aulnay-immobilier.com,
538906462,Agence Centre d'Aulnay,https://www.aca-immo.fr/,aca-immo.fr,
430468033,Agence CERES,https://www.agenceceres.fr/,agenceceres.fr,
891605784,AGENCE CG IMMO,https://www.agencecgimmo.com/,agencecgimmo.com,
495374803,Agence CGIC,http://www.cgic.fr/,cgic.fr,
528133499,Agence Charny Immobilier ®,http://www.charny-immobilier.com/,charny-immobilier.com,
844188342,AGENCE CHARRIER IMMOBILIER,http://www.charrierimmobilier.com/,charrierimmobilier.com,
384437315,Agence Chatelet l'immo des 2 frères,http://www.agence-chatelet.fr/,agence-chatelet.fr,
499527737,AGENCE CHRIS IMMO,https://www.agencechrisimmo.com/,agencechrisimmo.com,
844406025,Agence CITY BORDEAUX,https://www.citylimmo.com/,citylimmo.com,
989834866,AGENCE CL IMMOBILIER,https://www.agenceclimmobilier.com/,agenceclimmobilier.com,
829176106,AGENCE CLARET,https://agenceclaret.com/fr/,agenceclaret.com,
794107599,Agence Coeur Habitat,http://www.coeur-habitat.fr/,coeur-habitat.fr,
493481600,AGENCE COMBRONDE,http://www.monagencefamiliale.com/,monagencefamiliale.com,
815404652,AGENCE COSI,http://www.immobiliertroyes.com/,immobiliertroyes.com,
401690383,AGENCE COTE D ARGENT,http://www.immobilier-biarritz-argent.com/,immobilier-biarritz-argent.com,
350561056,AGENCE COTE D'OPALE,https://www.agence-cotedopale.com/,agence-cotedopale.com,
788476828,AGENCE COUDARD,https://www.agencecoudard.fr/,agencecoudard.fr,
524085693,AGENCE COULLAUD,http://www.agencecoullaud.fr/,agencecoullaud.fr,
938531027,Agence COURTIN Immobilier,http://www.courtinimmobilier.fr/,courtinimmobilier.fr,
752479865,Agence Couturier de l'immobilier,http://www.agence-7.com/,agence-7.com,
818530560,Agence Craponne En Arzon,https://www.dohm.fr/,dohm.fr,
532352986,Agence creff immobilier dans le finistère sud,https://www.creff-immobilier.com/,creff-immobilier.com,
391003688,AGENCE CREIL IMMO,http://www.creilimmo.fr/,creilimmo.fr,
328539309,AGENCE CREUSOISE,http://www.agencecreusoise.com/,agencecreusoise.com,
970200218,AGENCE CROUSSE-FAIRWEATHER,http://www.agence-crousse.fr/,agence-crousse.fr,
389251117,AGENCE CV IMMOBILIER - NICOLAS VAYRAC - LOUVIERS,http://cvimmobilier.fr/,cvimmobilier.fr,
510136708,Agence Cévenole Immobilier,https://www.agencecevenole.com/,agencecevenole.com,
912559184,Agence Côté Luberon Immobilier,http://www.cote-luberon.fr/,cote-luberon.fr,
917974719,AGENCE D EXPERTS,http://www.agencedexperts.fr/,agencedexperts.fr,
334147014,AGENCE D'IVRY,http://www.immobilier-agence-ivry.fr/,immobilier-agence-ivry.fr,
438258246,AGENCE DAGON IMMOBILIER,https://www.dagon-immobilier.com/,dagon-immobilier.com,
440961043,AGENCE DAMELY IMMOBILIER,https://www.damely-immobilier.fr/fr/,damely-immobilier.fr,
841877335,AGENCE DARCY,http://www.agencedarcy.fr/,agencedarcy.fr,
847718608,AGENCE DAVID DA FONSECA IMMOBILIER,https://dafonsecaimmobilier.com/,dafonsecaimmobilier.com,
902949056,AGENCE DE BOMPAS,http://agencedebompas.fr/,agencedebompas.fr,
522081744,Agence de Boufflers,http://www.agencedeboufflers.fr/,agencedeboufflers.fr,
437820368,AGENCE DE CARNAC,http://www.lebec-carnac.com/,lebec-carnac.com,
315919209,AGENCE DE CHAMPAGNE,https://www.immobiliere-champenoise.com/,immobiliere-champenoise.com,
921620415,AGENCE DE CUERS,https://www.agencedecuers.com/,agencedecuers.com,
920746443,AGENCE DE GONESSE,http://www.agencedegonesse.com/,agencedegonesse.com,
413555525,AGENCE DE L EUROPE,http://www.agencedeleurope.com/,agencedeleurope.com,
916420268,AGENCE DE L ILL,http://www.agence-ill.com/,agence-ill.com,
398786582,AGENCE DE L OCEAN Saint-Molf,http://www.saintmolf-immobilier.fr/,saintmolf-immobilier.fr,
805139706,Agence de l'Abbaye,http://agencedelabbaye.net/,agencedelabbaye.net,
351304258,AGENCE DE L'AVENUE,http://www.agenceavenue.com/,agenceavenue.com,
472203959,AGENCE DE L'ESTEREL,http://www.agencedelesterel.com/,agencedelesterel.com,
878163971,AGENCE DE L'HORIZON,http://www.agencedelhorizon.com/,agencedelhorizon.com,
410359681,AGENCE DE L'OCEAN,http://www.ocean-immobilier.com/,ocean-immobilier.com,
477604094,AGENCE DE L'OCRE,http://www.agencedelocre.fr/,agencedelocre.fr,
522970557,AGENCE DE L'ODET Fouesnant,http://www.agencedelodet.com/,agencedelodet.com,
480038462,Agence de l'Étang Immobilier,http://www.agencedeletang.fr/,agencedeletang.fr,
487583353,Agence de l'étoile,http://www.agencedeletoile.fr/,agencedeletoile.fr,
531824779,AGENCE DE LA BAIE,http://www.cote-immobilier.com/,cote-immobilier.com,
799299425,AGENCE DE LA BAIE,https://agencedelabaie.fr/fr/,agencedelabaie.fr,
834720120,Agence de la Basilique,https://www.immobilier-saint-maximin.com/,immobilier-saint-maximin.com,
417875051,AGENCE DE LA BASSEE,http://www.agencedelabassee.com/,agencedelabassee.com,
444557045,AGENCE DE LA BOULE D'OR,http://www.agencebouledor.com/,agencebouledor.com,
423612423,AGENCE DE LA COMEDIE,https://www.agencecomedie.fr/,agencecomedie.fr,
839911252,AGENCE DE LA COSTIERE,https://www.agencecostiere.com/,agencecostiere.com,
809255524,AGENCE DE LA COTE,http://www.ag-delacote.fr/,ag-delacote.fr,
890404783,Agence de la cote d'opale,https://agencecotedopale.fr/,agencecotedopale.fr,
394643043,AGENCE DE LA COTE VERMEILLE,http://www.immobilier-66.fr/,immobilier-66.fr,
978770105,AGENCE DE LA DIVES,https://www.agencedeladives.com/fr,agencedeladives.com,
893556035,AGENCE DE LA DURDENT,http://www.agencedeladurdent.fr/,agencedeladurdent.fr,
380918821,AGENCE DE LA GARE,https://www.agencegare.immo/,agencegare.immo,
519294763,AGENCE DE LA GARE,http://www.gare-immobilier.com/,gare-immobilier.com,
538517392,AGENCE DE LA GARE,http://www.immodelagare.com/,immodelagare.com,
808614978,AGENCE DE LA GARE,http://www.agencedelagare-brunoy.com/,agencedelagare-brunoy.com,
814241170,AGENCE DE LA GARE,https://agencedelagare-lafertesousjouarre.fr/,agencedelagare-lafertesousjouarre.fr,
907949028,AGENCE DE LA GAUDRÉE,https://www.agencegaudree.com/,agencegaudree.com,
314451477,AGENCE DE LA HALLE,https://www.agence-halle.fr/,agence-halle.fr,
487473175,AGENCE DE LA JULINE,http://www.immobilier-de-la-juline.fr/,immobilier-de-la-juline.fr,
422007989,Agence de la Lanterne,https://www.agencedelalanterne.fr/,agencedelalanterne.fr,
804677284,AGENCE DE LA MADELEINE,https://www.agencedelamadeleine.com/,agencedelamadeleine.com,
414774075,AGENCE DE LA MAIRIE,http://www.agencesdelamairie.fr/,agencesdelamairie.fr,
442163630,AGENCE DE LA MAIRIE,http://www.agdelamairie.fr/,agdelamairie.fr,
451999981,AGENCE DE LA MAIRIE,http://www.agence-delamairie.fr/,agence-delamairie.fr,
432002897,AGENCE DE LA MAISON ROUGE,http://www.maison-rouge.fr/,maison-rouge.fr,
425123411,AGENCE DE LA MER,http://www.agencedelamerfrejus.fr/,agencedelamerfrejus.fr,
532450160,AGENCE DE LA MER - IMMOBILIER,http://www.agencedelamer-lagrandemotte.com/,agencedelamer-lagrandemotte.com,
912040094,Agence de la Passerelle Lille Marcq-en-Baroeul,https://www.passerelle.immo/,passerelle.immo,
312493745,AGENCE DE LA PLACE,https://www.agencedelaplace.net/index.php,agencedelaplace.net,
486380124,AGENCE DE LA PLAGE,https://www.otim.fr/,otim.fr,
086180643,AGENCE DE LA POSTE,http://www.agencedelaposte.fr/,agencedelaposte.fr,
422717298,AGENCE DE LA POSTE,http://agence-delaposte.com/,agence-delaposte.com,
801092883,AGENCE DE LA PRESQU'ILE SEVELLEC IMMOBILIER,https://www.agencedelapresquile.com/,agencedelapresquile.com,
533099537,AGENCE DE LA SALAMANDRE,http://www.salamandre-immobilier.fr/?debut_articles_recents=6,salamandre-immobilier.fr,ancre retirée
408072676,AGENCE DE LA SCIE,http://www.agencedelascie.fr/,agencedelascie.fr,
499389930,AGENCE DE LA VALLEE,http://www.immovallee.com/,immovallee.com,
813443827,AGENCE DE LA VALLEE,https://www.agence2lavallee.fr/fr/,agence2lavallee.fr,
310082870,AGENCE DE LOCMARIA,http://www.agence-de-locmaria.com/,agence-de-locmaria.com,
305255671,AGENCE DE L’ANJOU,http://www.agencedelanjou.fr/,agencedelanjou.fr,
843145681,AGENCE DE PROMOTION IMMOBILIÈRE,https://api-compiegne.com/,api-compiegne.com,
415851112,AGENCE DE PROVENCE,http://www.agencedeprovence.com/,agencedeprovence.com,
791875032,AGENCE DE VALCROS,http://www.domaine-de-valcros.com/,domaine-de-valcros.com,
418998720,Agence DE VALLIERE de NANTERRE CENTRE,http://www.agencedevalliere.com/,agencedevalliere.com,
532297926,AGENCE DE VILLEPREUX,https://www.agence-de-villepreux.fr/,agence-de-villepreux.fr,
903940856,AGENCE DEFOUILHOUX,https://www.agence-defouilhoux.fr/,agence-defouilhoux.fr,
842841926,AGENCE DEHAIS,http://www.immobilier-location-evreux.fr/,immobilier-location-evreux.fr,
849955497,Agence Deleu Immobilier Wambrechies,http://www.deleuimmobilier.com/,deleuimmobilier.com,
394661797,Agence Delphine Teillaud Location,http://www.delphine-teillaud.com/,delphine-teillaud.com,
511679789,Agence DELTOUR IMMOBILIER,https://www.deltour-immobilier.fr/,deltour-immobilier.fr,
854028065,AGENCE DES 3 PICS,https://www.agencedes3pics.fr/,agencedes3pics.fr,
411761513,AGENCE DES 3 PINS,http://www.immobilier-pierrefeu.com/,immobilier-pierrefeu.com,
316157338,AGENCE DES 4 SERGENTS,http://www.agence4sergents.net/,agence4sergents.net,
495232068,AGENCE DES ALLEES LACANAU & CARCANS MAUBUISSON,https://www.agencedesallees.com/,agencedesallees.com,
751861683,Agence des Arcades,http://www.arcades-immo.fr/,arcades-immo.fr,
791259930,Agence Des Arènes,http://www.agenceimmobilieredesarenes.com/,agenceimmobilieredesarenes.com,
853264992,AGENCE DES ATELIERS,http://www.arles.immo/,arles.immo,
884625716,AGENCE DES BAINS,http://www.agence-des-bains.com/,agence-des-bains.com,
445168404,AGENCE DES BAOUS,http://www.agencedesbaous.com/,agencedesbaous.com,
453423170,AGENCE DES BASTIDES,http://www.adb-immo.com/,adb-immo.com,
929002467,Agence des Bastides,https://www.agencedesbastides.fr/fr,agencedesbastides.fr,
482733193,Agence des bords de seine,http://www.abs-immo.fr/,abs-immo.fr,
479985814,AGENCE DES CLAYES,http://www.agence-des-clayes.fr/,agence-des-clayes.fr,
437651839,Agence des deux mers,https://www.agencedes2mers.com/,agencedes2mers.com,
397824962,Agence des Druides,https://www.agence-des-druides.fr/,agence-des-druides.fr,
424355360,AGENCE DES DUCS,http://www.agencedesducs.com/,agencedesducs.com,
522451830,Agence des Fleurs,http://www.agencedesfleurs.com/,agencedesfleurs.com,
848219531,Agence des Flots,https://www.agencedesflots.com/,agencedesflots.com,
882895881,Agence des Forges Immobilier - Agence de Vallet,https://www.agencedesforges.fr/,agencedesforges.fr,
909507741,AGENCE DES GAVES,https://www.agencedesgaves.com/,agencedesgaves.com,
531296267,AGENCE DES HALLES,https://agencedeshalles86.fr/fr/,agencedeshalles86.fr,
879620433,Agence des hautes vallées,http://agencedeshautesvallees.fr/,agencedeshautesvallees.fr,
332909191,AGENCE DES JALLES,https://www.bruimmobilier.fr/,bruimmobilier.fr,
884482092,AGENCE DES LACS,http://www.agence-des-lacs.com/,agence-des-lacs.com,
948452917,AGENCE DES LACS,https://www.agencedeslacs.com/,agencedeslacs.com,
403446503,Agence des Lices,https://www.agencedeslices.fr/,agencedeslices.fr,
918318916,Agence des Lices,https://www.agencedeslices.immo/,agencedeslices.immo,
444822712,AGENCE DES MILLE ETANGS,http://www.agencedesmilleetangs.com/,agencedesmilleetangs.com,
813830080,Agence des Ocres Roussillon,http://www.agence-des-ocres.com/fr/,agence-des-ocres.com,
383344611,AGENCE DES PARCS,http://www.agence-des-parcs.fr/,agence-des-parcs.fr,
820390656,Agence des pentes,https://www.agencedespentes.fr/,agencedespentes.fr,
393717566,AGENCE DES PINS,http://agence-des-pins.com/,agence-des-pins.com,
907545636,Agence des Plages - Meschers Sur Gironde,https://agencedesplages.immo/fr/,agencedesplages.immo,
424832855,Agence Des Présidents Centre,http://www.agence-des-presidents.com/,agence-des-presidents.com,
349274381,AGENCE DES REMPARTS,https://www.agencedesremparts.com/,agencedesremparts.com,
799418256,Agence des sablons,https://www.agencedessablons.com/,agencedessablons.com,
481335339,AGENCE DES SACRES - Immobilier,http://www.agence-des-sacres.com/,agence-des-sacres.com,
507589687,AGENCE DES SOURCES,http://www.agencedessources.fr/fr/,agencedessources.fr,
929942688,AGENCE DES TANNEURS,http://agencedestanneurs.fr/,agencedestanneurs.fr,
444684336,Agence Des Trois Provinces Immobiler,http://www.atpimmobilier.fr/,atpimmobilier.fr,
430376202,AGENCE DES TROIS RIVIERES,https://www.ag3r.fr/,ag3r.fr,
349361543,Agence Desbenoit,http://www.imogroup-amberieu.com/,imogroup-amberieu.com,
798377016,Agence Devier Immobilier - Montpellier,http://www.devier-immobilier.com/,devier-immobilier.com,
523270882,AGENCE DILO89 IMMOBILIER,https://www.agencedilo.fr/,agencedilo.fr,
451188866,AGENCE DOM-IMMO,http://www.dom-immo.fr/,dom-immo.fr,
480700053,Agence Dordogne Vallée,https://www.dordognevallee.com/,dordognevallee.com,
928736222,Agence Doyon Immobilier,https://www.doyon-immobilier.fr/fr,doyon-immobilier.fr,
852030295,AGENCE DRACENOISE,http://agencedracenoise.com/,agencedracenoise.com,
980959696,Agence du Banville,http://www.agencedubanville.fr/,agencedubanville.fr,
340781244,AGENCE DU BEAUFORTAIN,http://www.immobilier-beaufortain.com/,immobilier-beaufortain.com,
509332136,AGENCE DU BELVEDERE,http://www.stleu-belvedere.com/,stleu-belvedere.com,
392535720,AGENCE DU BOURG,http://www.immobilier-dubourg.com/,immobilier-dubourg.com,
818909046,AGENCE DU CANAL,http://www.canalimmo11.com/,canalimmo11.com,
323362699,Agence du Cardinal,http://www.agenceducardinal.fr/fr/,agenceducardinal.fr,
534753454,AGENCE DU CASINO GESTION,http://www.bancelimmobilier.com/,bancelimmobilier.com,
398896084,AGENCE DU CENTRE,http://www.agenceducentre62.com/,agenceducentre62.com,
403717259,AGENCE DU CENTRE,http://www.agenceducentre.net/,agenceducentre.net,
494471816,AGENCE DU CENTRE,http://www.agence-centre.fr/,agence-centre.fr,
512902305,AGENCE DU CENTRE,http://www.agenceducentre.fr/,agenceducentre.fr,
812363943,AGENCE DU CENTRE,http://www.agence-immobiliere-ducentre-tournan.fr/,agence-immobiliere-ducentre-tournan.fr,
419316898,AGENCE DU CENTRE IMMOBILIER,http://www.adcrambouillet.com/,adcrambouillet.com,
404742496,AGENCE DU CHATEAU,http://www.agenceduchateau-clisson.fr/offres.htm,agenceduchateau-clisson.fr,
429069107,AGENCE DU CHATEAU,http://www.agenceduchateau.fr/,agenceduchateau.fr,
447499716,AGENCE DU CHATEAU,http://www.agenceduchateau.com/,agenceduchateau.com,
848008884,AGENCE DU CHATEAU,https://agenceduchateau77.fr/fr/,agenceduchateau77.fr,
898326616,AGENCE DU CHATEAU,https://www.agence-chateau.immo/,agence-chateau.immo,
384748810,AGENCE DU CHATEAU COMPIEGNE,http://www.ag-chateau-compiegne.com/,ag-chateau-compiegne.com,
447765793,AGENCE DU CHATEAU GIF SUR YVETTE,http://www.agenceduchateaugif.fr/,agenceduchateaugif.fr,
821817236,AGENCE DU CHAUDRON,https://www.votreatoutimmobilier.fr/,votreatoutimmobilier.fr,
421761438,Agence Du Château,https://www.agenceduchateau-leraincy.fr/,agenceduchateau-leraincy.fr,
928900109,AGENCE DU CHÂTEAU,http://www.agence-du-chateau.fr/,agence-du-chateau.fr,
951482124,Agence du Château,https://www.agencechateauportet.fr/,agencechateauportet.fr,
798023875,AGENCE DU COIN GM,https://www.agenceducoin83.com/,agenceducoin83.com,
311521728,AGENCE DU COLOMBIER,http://www.agenceducolombier.com/,agenceducolombier.com,
982170540,AGENCE DU COMMERCE,https://agencecommerce.fr/,agencecommerce.fr,
499345049,AGENCE DU COURREAU,http://www.agenceducourreau.fr/,agenceducourreau.fr,
752874107,AGENCE DU DAUPHIN,http://www.agencedudauphin.com/,agencedudauphin.com,
434742110,AGENCE DU DONJON,https://www.agencedudonjon.com/annonces-immobilieres.php,agencedudonjon.com,
801491309,AGENCE DU DONJON,http://www.agencedudonjon.immo/,agencedudonjon.immo,
517853255,Agence du Fort Carré,https://agencedufortcarre.com/,agencedufortcarre.com,
392521894,AGENCE DU GABIER,http://www.gabier-immobilier.com/,gabier-immobilier.com,
304218084,AGENCE DU GIFFRE,http://www.agence-du-giffre.com/,agence-du-giffre.com,
912245776,AGENCE DU GLACIER 3600,https://www.agenceduglacier3600.com/,agenceduglacier3600.com,
438286023,AGENCE DU GOLFE,https://www.agencedugolfe.com/,agencedugolfe.com,
328668140,AGENCE DU GRAND MONT,http://www.grand-mont.com/,grand-mont.com,
391809043,AGENCE DU LEVANT,http://www.agencedulevant.fr/,agencedulevant.fr,
525091278,AGENCE DU LION,http://www.agencedulion-95.com/,agencedulion-95.com,
815389101,AGENCE DU LION,http://www.agence-du-lion.fr/,agence-du-lion.fr,
383184249,AGENCE DU LITTORAL,http://www.agencedulittoral.com/,agencedulittoral.com,
488168022,AGENCE DU LITTORAL,https://www.agencedulittoral5.com/,agencedulittoral5.com,
834186355,AGENCE DU LITTORAL,https://www.agencedulittoral85.com/,agencedulittoral85.com,
913728937,Agence du Littoral,http://www.agencedulittoral-immobilier.fr/,agencedulittoral-immobilier.fr,
909572356,Agence du Louron,https://www.agencedulouron.fr/,agencedulouron.fr,
380692426,AGENCE DU LYS,https://www.agencedulys.com/,agencedulys.com,
320565286,AGENCE DU MARCHE,http://www.admimmo.com/,admimmo.com,
404872202,AGENCE DU MARCHE,http://www.agence-dumarche.com/,agence-dumarche.com,
397804055,AGENCE DU MATZ,http://www.agence-du-matz.com/,agence-du-matz.com,
324273721,AGENCE DU MERCANTOUR,https://www.mercantour-vesubie.com/,mercantour-vesubie.com,
351516471,AGENCE DU MIDI,http://www.agencedumidi-grasse.com/,agencedumidi-grasse.com,
454070814,AGENCE DU MONTOIS,http://www.agence-du-montois.fr/,agence-du-montois.fr,
382739613,AGENCE DU PALAIS,https://www.agence-du-palais-pau.fr/,agence-du-palais-pau.fr,
488223447,AGENCE DU PALAIS,https://agencedupalaisgers.fr/,agencedupalaisgers.fr,
310146410,Agence du Palais Le Havre,https://www.agencedupalais.com/,agencedupalais.com,
390253516,AGENCE DU PANIER,https://www.agence-du-panier.fr/annonces,agence-du-panier.fr,
343077582,AGENCE DU PARC,http://www.agence-du-parc.com/,agence-du-parc.com,
502598071,AGENCE DU PARC,http://www.agence-du-parc-annecy.com/,agence-du-parc-annecy.com,
749866067,AGENCE DU PARC,http://www.agenceduparc.net/,agenceduparc.net,
901869560,AGENCE DU PARC,https://www.agenceduparc-carrouges.fr/,agenceduparc-carrouges.fr,
965200041,AGENCE DU PARC,https://agenceduparc91.fr/,agenceduparc91.fr,
878954395,Agence du Parc - Antibes,http://www.parcimmo.com/,parcimmo.com,
937989184,Agence du parc Caudebec en Caux,http://www.agenceduparc-immo.fr/,agenceduparc-immo.fr,
391676459,Agence du Pavillon,https://www.agencedupavillon.immo/,agencedupavillon.immo,
479835365,Agence du Pays,http://www.agencedupays.fr/,agencedupays.fr,
394373641,AGENCE DU PERIGORD,https://www.agence-du-perigord.com/,agence-du-perigord.com,
819606419,AGENCE DU PORT,http://www.agence-du-port-dives.com/,agence-du-port-dives.com,
949237382,Agence du port by OBM consulting,https://www.obmconsult.com/,obmconsult.com,
410252290,Agence du Quai - Mangin immobilier,http://www.agenceduquai-immobilier.fr/,agenceduquai-immobilier.fr,
422167379,AGENCE DU ROANNAIS,http://www.agenceduroannais.com/,agenceduroannais.com,
752818013,AGENCE DU STEIR,http://www.agencedusteir.fr/,agencedusteir.fr,
447488826,Agence du Sud,http://www.agencedusud.fr/,agencedusud.fr,
417576782,AGENCE DU TERROIR,http://www.agenceduterroir.com/,agenceduterroir.com,
319100707,AGENCE DU THEATRE,http://www.agence-du-theatre.com/,agence-du-theatre.com,
879271310,Agence du Théâtre,https://www.agence-theatre.fr/,agence-theatre.fr,
911772150,Agence du val d'or,http://www.agvaldor.com/,agvaldor.com,
324274927,AGENCE DU VALASSE,http://www.agenceduvalasse.fr/,agenceduvalasse.fr,
383038528,AGENCE DU VIEUX MARCHE,http://www.agenceduvieuxmarche.fr/,agenceduvieuxmarche.fr,
511559650,Agence du Vieux Port,https://www.agence-duvieuxport.fr/,agence-duvieuxport.fr,
803405497,AGENCE DU VIGNOBLE,http://www.agenceduvignoble.com/,agenceduvignoble.com,
537750168,Agence du Village,https://agenceduvillagelaroquette.com/fr/,agenceduvillagelaroquette.com,
915106223,Agence Ducal Immobilier,https://www.ducalimmobilier.com/,ducalimmobilier.com,
408636835,Agence Duhamel,http://www.duhamel-immobilier.fr/,duhamel-immobilier.fr,
431780410,AGENCE DUMAS IMMOBILIER,http://www.adi71.com/,adi71.com,
450811005,AGENCE DURET,http://www.agences-duret.fr/,agences-duret.fr,
921415675,Agence DVENTURA IMMOBILIER,https://agence-dventura-immobilier.com/,agence-dventura-immobilier.com,
527594402,Agence Easy Menton,http://www.easy-menton.fr/,easy-menton.fr,
387450802,Agence Eclats Montévrain,https://www.agence-eclats.com/,agence-eclats.com,
798662888,AGENCE ECLORE,http://www.agence-eclore.com/,agence-eclore.com,
993678960,AGENCE ECUME & CIME,https://www.agence-ecumecime.com/,agence-ecumecime.com,
394243729,Agence EGIDE IMMOBILIER,http://www.egidimmo.fr/,egidimmo.fr,
800422255,Agence Eleonor Bergerac,https://www.agence-eleonor.fr/fr,agence-eleonor.fr,
480304195,AGENCE ELMOSNINO,http://www.agence-elmosnino.com/,agence-elmosnino.com,
990023152,AGENCE ELUSATE,http://www.agence-elusate.com/,agence-elusate.com,
332480128,AGENCE EMERAUDE,https://www.agence-emeraude.fr/,agence-emeraude.fr,
414239509,Agence Emeraude du Grau d'Agde,http://www.agde-immobilier.com/,agde-immobilier.com,
490095247,Agence Epoque Gestion,http://www.anthonys-immobilier.com/,anthonys-immobilier.com,
453910465,Agence Escarénoise,http://www.agence-escarenoise.com/,agence-escarenoise.com,
343107884,AGENCE ESCUDERO,https://www.agence-escudero.com/,agence-escudero.com,
539544114,AGENCE ESNAULT IMMOBILIERE,http://www.agence-esnault-immo.fr/,agence-esnault-immo.fr,
347677866,AGENCE ESPADON,https://www.espadon-immo.com/,espadon-immo.com,
894017862,Agence Estia Immobilier Nancy,https://www.immo-estia.fr/,immo-estia.fr,
054804166,Agence Etoile,https://www.agence-etoile.fr/,agence-etoile.fr,
420424129,Agence Eureka,http://www.agence-eureka.fr/,agence-eureka.fr,
424110823,AGENCE EURIM,http://www.eurim-toulouse.com/fr/,eurim-toulouse.com,
351970017,Agence Euro Gestion,https://www.location-saintes.com/,location-saintes.com,
934489071,Agence Euro Immobilier,http://www.euroimmobilier33.com/,euroimmobilier33.com,
519487748,AGENCE EUROPEENNE,http://www.agenceeuropeenne.com/,agenceeuropeenne.com,
853279461,Agence Evora immobilier,https://www.evoraimmobilier.fr/,evoraimmobilier.fr,
891549412,AGENCE EXPERT IMMOBILIER,http://www.agence-expertimmobilier.com/,agence-expertimmobilier.com,
808665657,Agence Favreau Malakoff,https://www.meilleursagents.com/agence-immobiliere/agence-cabinet-favreau-malakoff-51992/,meilleursagents.com,paramètres de suivi retirés; site tiers (pas le site propre de l'agence) — à vérifier
879092856,Agence FDI 56 Lorient,https://www.fdi56.com/content/1/estimation-en-ligne.html,fdi56.com,
321131609,AGENCE FERRAN,https://www.immobilierferran.com/,immobilierferran.com,
811966118,AGENCE FERRARIS IMMOBILIER,https://ferraris-immobilier.com/fr/,ferraris-immobilier.com,
523455624,Agence Fimm,http://www.agencefimm.com/,agencefimm.com,
810119222,Agence Finistarmor,https://www.finistarmor.com/,finistarmor.com,
894238682,AGENCE FOCH,https://www.agencefoch-immobilier.fr/,agencefoch-immobilier.fr,
844481556,Agence Fort,http://www.agencefort.com/,agencefort.com,
479711343,AGENCE FORTISSIMMO,https://www.fortissimmo.fr/,fortissimmo.fr,
521900050,Agence Franco Hollandaise,https://www.agencefrancohollandaise.com/,agencefrancohollandaise.com,
753861061,Agence FSIMMOBILIER,http://www.fsimmobilier.com/,fsimmobilier.com,
433144672,Agence Funel,http://www.agencefunel.com/,agencefunel.com,
433443892,AGENCE GABARROU IMMOBILIER,http://www.gabarrouimmobilier.com/,gabarrouimmobilier.com,
501907380,Agence Gai Soleil,http://www.agencegaisoleil.com/,agencegaisoleil.com,
489997304,AGENCE GALERIE CASANOVA,http://www.agencegalerie.fr/fr/agence-montpellier.htm,agencegalerie.fr,
873500805,AGENCE GAUTER,https://www.agence-gauter.com/,agence-gauter.com,
810019372,AGENCE GAUTIER,https://www.gautierimmo.fr/,gautierimmo.fr,
422248724,Agence Gay Immobilier,https://www.agence-gay-immobilier.fr/,agence-gay-immobilier.fr,
318457983,Agence GESTIM,http://www.gestim.fr/,gestim.fr,
401825898,AGENCE GESTION IMMOBILIERE DU SALIN,https://www.agis-immo-toulouse.fr/,agis-immo-toulouse.fr,
790054670,AGENCE GESTIUM,https://gestium.immo/categorie/ventes/,gestium.immo,
917697781,AGENCE GIN,http://www.gin-immobilier.com/,gin-immobilier.com,
842475915,AGENCE GIRAULT IMMO,http://www.girault-immobilier.fr/,girault-immobilier.fr,
913686689,AGENCE GIUDICELLI IMMOBILIER,https://www.giudicelli-immobilier.fr/,giudicelli-immobilier.fr,
340707447,AGENCE GIVERDON IMMOBILIER,http://www.giverdon-immobilier.fr/fr/index.aspx,giverdon-immobilier.fr,
498155159,AGENCE GLOESER BUXEROLLES,http://www.immobilier-gloeser.com/,immobilier-gloeser.com,
322187972,AGENCE GRAND NIMES S.A.,http://www.grandnimes.com/,grandnimes.com,
105017453,Agence GRAND'RUE IMMOBILIER POITIERS,https://www.grandrueimmobilier.fr/,grandrueimmobilier.fr,
848066726,AGENCE GREUB,http://www.agence-greub.fr/,agence-greub.fr,
414671065,AGENCE GRISOLLE,https://www.agencegrisolle.com/,agencegrisolle.com,
818767782,AGENCE GROLLEAU,http://www.agence-grolleau.com/,agence-grolleau.com,
451028815,AGENCE GROSSI,https://agencegrossi.com/v2/,agencegrossi.com,
479829087,AGENCE GUILLEMOT,http://www.agenceguillemot.fr/,agenceguillemot.fr,
901898551,AGENCE GUITON IMOGROUP,http://www.imogroup-louhans.com/,imogroup-louhans.com,
497532986,Agence Guyenne Immobilier,https://guyenne-immobilier.com/,guyenne-immobilier.com,
798925236,Agence Habitat Conseil,https://www.agence-habitat-conseil.com/,agence-habitat-conseil.com,
539258400,Agence Hampton Immobilier,https://www.hampton-immobilier.com/,hampton-immobilier.com,
492080114,Agence HAP immobilier,https://www.hapimmobilier.com/,hapimmobilier.com,
985181478,AGENCE HIE,https://www.hie-immobilier.fr/,hie-immobilier.fr,
517752176,AGENCE HM IMMO,http://www.hm-immo.fr/,hm-immo.fr,
949044226,AGENCE HOME NANCY,https://www.home-immobilier-nancy.fr/,home-immobilier-nancy.fr,
944423284,AGENCE HOMELIOS,https://agence-homelios.fr/,agence-homelios.fr,
932031594,Agence Homely,https://www.agencehomely.fr/,agencehomely.fr,
752922070,Agence HOMICCA,https://homicca.fr/,homicca.fr,
820617629,Agence Horizon Immobilier,http://www.immobilier-horizon.fr/,immobilier-horizon.fr,
530845205,AGENCE HORIZONEO,https://horizoneo.fr/,horizoneo.fr,
790093785,AGENCE HUDELLET,http://www.agence-hudellet.com/,agence-hudellet.com,
427080155,AGENCE HURLEVENT,http://www.hurlevent-immobilier.fr/,hurlevent-immobilier.fr,
493578967,AGENCE i.D.G,http://www.idgers.com/,idgers.com,
789264694,Agence I2T Nîmes,http://www.i2t.fr/,i2t.fr,
839056983,Agence ICI,http://www.immobilier-ici.com/,immobilier-ici.com,
907517700,AGENCE ICI,https://www.ici-74.com/,ici-74.com,
521818518,Agence ICImmobilier Jean-Marc Eisenbach,https://www.agence-icimmobilier.fr/,agence-icimmobilier.fr,
953107224,Agence ID Lodge,https://idlodge.com/,idlodge.com,
793068867,AGENCE IDLR BOURBONNE LES BAINS,https://www.idlr-immobilier-bourbonne-les-bains.fr/,idlr-immobilier-bourbonne-les-bains.fr,
919422097,Agence IDYLHOM,https://idylhom.fr/,idylhom.fr,
539023838,AGENCE IFK,http://www.agence-ifk.com/,agence-ifk.com,
332809383,Agence Iluro Oloron Ste Marie,http://www.iluro.fr/,iluro.fr,
812453686,Agence IMB,http://www.imb-bordeaux.fr/,imb-bordeaux.fr,
522804996,AGENCE IMMEA,http://www.immea.fr/,immea.fr,
398294041,AGENCE IMMO,http://www.immo-amiens.com/,immo-amiens.com,
808925168,Agence Immo 06,https://agenceimmo06.com/fr/,agenceimmo06.com,
513526269,Agence IMMO 14,https://www.immo14-touques.fr/,immo14-touques.fr,
850553355,Agence Immo Dordogne,http://www.immodordogne.fr/,immodordogne.fr,
528118318,AGENCE IMMO K,https://www.agenceimmok.com/,agenceimmok.com,
510754385,AGENCE IMMO LIGHT,http://www.immobilier-gradignan.com/,immobilier-gradignan.com,
824796361,Agence Immo Ngl32,https://www.agence-immo-ngl32.com/,agence-immo-ngl32.com,
927735498,AGENCE IMMO PLAGE SAINT VIVIEN DU MEDOC,https://www.agence-immoplage.com/,agence-immoplage.com,
439237116,Agence Immo Soleil,http://www.immosoleil.fr/,immosoleil.fr,
501726384,Agence Immo Transac Réunion,https://www.immotransac.re/,immotransac.re,
750081838,AGENCE IMMO65,http://www.immo65-luz.com/,immo65-luz.com,
952940054,Agence Immobilier 2R,http://immobilier-2r.com/,immobilier-2r.com,
788749885,Agence immobilier MY HOME,http://www.myhome-france.com/default.asp,myhome-france.com,
828826024,AGENCE IMMOBILIERE ATTIC,http://www.atticimmobilier.fr/,atticimmobilier.fr,
381571520,AGENCE IMMOBILIERE BASTIAISE,https://www.agencemartelli.com/,agencemartelli.com,
338840192,AGENCE IMMOBILIERE BERNADETTE WILLART,http://www.bernadettewillart.fr/site/index.php,bernadettewillart.fr,
319014106,AGENCE IMMOBILIERE BORDENAVE,http://www.immobilierbordenave.com/fr/contact,immobilierbordenave.com,
508534484,AGENCE IMMOBILIERE BRESSON,http://www.immobresson.com/,immobresson.com,
890797657,AGENCE IMMOBILIERE CLEMENCEAU,http://www.immoclemenceau.fr/,immoclemenceau.fr,
520904509,AGENCE IMMOBILIERE CléHOME,http://www.clehome.fr/,clehome.fr,
401391743,AGENCE IMMOBILIERE COMBARIEU,http://www.combarieuimmobilier.com/,combarieuimmobilier.com,
403418494,AGENCE IMMOBILIERE D ENTREPRISE BREST,https://www.immobiliere-entreprise.fr/,immobiliere-entreprise.fr,
989253992,AGENCE IMMOBILIERE DE L'ISSOLE,https://immodelissole.com/,immodelissole.com,
500556659,AGENCE IMMOBILIERE DE L'OUTRE FORET,https://www.immo-soultz-foret.fr/,immo-soultz-foret.fr,
452785660,AGENCE IMMOBILIERE DE LA FERME,https://www.immobilier-igny.fr/,immobilier-igny.fr,
351498993,AGENCE IMMOBILIERE DE LA PRESQU'ILE,http://www.immo-capferret.com/,immo-capferret.com,
483788907,AGENCE IMMOBILIERE DE LA SOURCE,http://www.lasource-immobilier.com/,lasource-immobilier.com,
982703159,AGENCE IMMOBILIERE DE PUSIGNAN,http://ivars-immobilier.com/,ivars-immobilier.com,
490336054,AGENCE IMMOBILIERE DE VILLENEUVE,http://www.agence-immobilier-aveyron.com/,agence-immobilier-aveyron.com,
488184292,AGENCE IMMOBILIERE DES THERMES,http://www.contreximmo.fr/,contreximmo.fr,
929713345,Agence Immobiliere Desjardins,https://www.desjardins.immo/,desjardins.immo,
322448168,AGENCE IMMOBILIERE DU CENTRE VAR,http://www.cabinetcapi.com/,cabinetcapi.com,
497986398,AGENCE IMMOBILIERE DU CHATEAU,https://www.aic-22.com/annonces-immobilieres-quintin.html,aic-22.com,
393781414,AGENCE IMMOBILIERE DU GOLFE,http://www.aggolfe.com/,aggolfe.com,paramètres de suivi retirés
434429387,AGENCE IMMOBILIERE DU GRAND OUEST,http://www.grandouest-immo.com/,grandouest-immo.com,
492400494,AGENCE IMMOBILIERE DU HOUTLAND,http://www.immoduhoutland.com/,immoduhoutland.com,
451956130,AGENCE IMMOBILIERE DU TELHUET,https://www.agenceimmobilieredutelhuet.com/,agenceimmobilieredutelhuet.com,
494121932,AGENCE IMMOBILIERE DU TIGNET,http://www.agencedutignet.fr/,agencedutignet.fr,
377575709,AGENCE IMMOBILIERE EUROPEENNE,http://www.immoeurop.com/,immoeurop.com,
348853870,AGENCE IMMOBILIERE F. LABADIE,http://www.labadie-immobilier.fr/,labadie-immobilier.fr,
891339657,AGENCE IMMOBILIERE GAEL STURTZ,https://www.agence-gaelsturtz.com/,agence-gaelsturtz.com,
500750575,AGENCE IMMOBILIERE GAP,http://www.tradipierreimmo.fr/,tradipierreimmo.fr,
753877109,AGENCE IMMOBILIERE GERALDINE JULLIEN BRIANCON,https://www.immobilier-briancon.com/,immobilier-briancon.com,
900852625,Agence Immobiliere Homerie,https://www.agence-homerie.fr/,agence-homerie.fr,
479270258,AGENCE IMMOBILIERE ISILOGIS,http://www.isilogis.com/,isilogis.com,
794590760,AGENCE IMMOBILIERE LA CLÉ,http://www.lacle-immo.com/,lacle-immo.com,
351268750,AGENCE IMMOBILIERE LA PROVENCALE,https://www.la-provencale.net/,la-provencale.net,
377565569,AGENCE IMMOBILIERE LAGUILLON,https://www.agence-laguillon.com/,agence-laguillon.com,
438165268,AGENCE IMMOBILIERE LANGONAISE,https://www.langogneimmo.net/fr,langogneimmo.net,
453994774,AGENCE IMMOBILIERE LE PRIEURE,https://www.le-prieure-immobilier.com/,le-prieure-immobilier.com,
344357231,AGENCE IMMOBILIERE LES LOGIS DE BROU,http://www.leslogisdebrou.com/,leslogisdebrou.com,
413772906,AGENCE IMMOBILIERE LES OLIVIERS,http://www.agence-les-oliviers.com/index.php,agence-les-oliviers.com,
350037248,Agence immobiliere LOLMEDE,http://www.lolmede.com/,lolmede.com,
480194497,Agence Immobiliere Pissos - AB'Immo- Magali ELBEL,https://www.abimmo3340.fr/,abimmo3340.fr,
394002273,AGENCE IMMOBILIERE RENAND,http://www.immorenand.com/,immorenand.com,
659804843,AGENCE IMMOBILIERE ROMY,http://www.agenceromy.com/,agenceromy.com,
420052433,AGENCE IMMOBILIERE ROUBAIX IMMOPARC BARBIEUX IPB,https://www.immoparcbarbieux.fr/,immoparcbarbieux.fr,
398451575,AGENCE IMMOBILIERE SAINT MARTIN,http://www.agence-saint-martin.fr/,agence-saint-martin.fr,
433984267,AGENCE IMMOBILIERE SOUILLE FRERES,https://www.agencesouilleagen.com/,agencesouilleagen.com,
433905288,AGENCE IMMOBILIERE THIERRY FOURNY,http://www.agence-fourny.fr/,agence-fourny.fr,
792491250,AGENCE IMMOBILIERE VAL DE LOIRE,https://www.agence-valdeloire.fr/,agence-valdeloire.fr,
891552317,Agence immobilière - Cabinet AS&Co.,http://asco.immo/,asco.immo,
527805808,Agence immobilière - Cabinet Chaigneau Marchand,https://cabinetcm.fr/Accueil/,cabinetcm.fr,
495332017,Agence immobilière - J'habite En Ville,https://www.jhabiteenville.fr/,jhabiteenville.fr,
949760086,Agence immobilière - LA LOCALE LIMOGES,http://agencelalocale.fr/,agencelalocale.fr,
953523859,Agence immobilière - La Ref' Immobilier,https://www.laref-immobilier.com/,laref-immobilier.com,
519436059,Agence Immobilière - Raphaël Delobelle Immobilier,http://www.jm-immobilier-valenciennes.com/,jm-immobilier-valenciennes.com,
794687350,Agence Immobilière - Rive Gauche / Chens-sur-Léman,http://www.arg.immo/,arg.immo,
882856339,Agence Immobilière : Cabinet TORQUEBIAU immobilier,http://www.ctimmobilier.com/,ctimmobilier.com,
482048170,Agence immobilière A C D IMMOBILIER,http://www.acd-immobilier21.com/,acd-immobilier21.com,
478684665,Agence Immobilière ABIE,http://www.abie-immobilier.com/,abie-immobilier.com,
814323028,Agence immobilière Acor Immobilier Châtillon,https://www.acorimmobilier.com/,acorimmobilier.com,
810581686,Agence Immobilière Actia Immo - La Roche sur Yon,https://www.actia-immobilier.fr/,actia-immobilier.fr,
950768770,Agence Immobilière ALEXANDRE PETRUCCI - Luynes,http://www.alexandrepetrucci.fr/,alexandrepetrucci.fr,
830520086,Agence immobilière Alsa Transactions,http://www.alsa-transactions.fr/,alsa-transactions.fr,
504999368,Agence immobilière APS Immobilier Arbois,http://www.aps-jura-immobilier.com/,aps-jura-immobilier.com,
951022912,Agence immobilière ARDENNES PATRIMOINE IMMOBILIER,http://a-p-immobilier.fr/,a-p-immobilier.fr,
802494112,Agence immobilière Arras LA RUCHE DE L’IMMOBILIER,http://www.larucheimmoarras.fr/,larucheimmoarras.fr,
437500986,Agence Immobilière AZUR IMMO Roquevaire,https://azurimmo-provence.com/fr/,azurimmo-provence.com,
814726899,Agence immobilière Balducci Immobilier Dijon,http://www.balduccimmo.com/,balduccimmo.com,
901561530,Agence Immobilière Beaumont le Roger,https://www.immobilieredebeaumont.com/,immobilieredebeaumont.com,
852337179,Agence Immobilière Beaunoise,http://www.aib1.com/,aib1.com,
491330973,Agence Immobilière Bel'immo,http://www.beligneuximmo.fr/,beligneuximmo.fr,
507473445,Agence immobilière Belles Demeures de Bretagne,https://www.bellesdemeuresdebretagne.fr/,bellesdemeuresdebretagne.fr,
804494284,Agence Immobilière Bourges-Smile Immo/Cloix-Lumet,https://www.cloixlumet.net/,cloixlumet.net,
818443020,Agence immobilière Cabinet Gilles Charmes,http://www.cabinetgilles.com/,cabinetgilles.com,
479705998,Agence immobilière CAROLE B IMMOBILIER à Marmande,http://www.carolebimmo.com/,carolebimmo.com,
824792048,Agence immobilière Castex Immo Salies du Salat,http://www.casteximmo.fr/,casteximmo.fr,
512059056,Agence immobilière Cerizay - Julie Immobilier,http://www.julie-immobilier.fr/,julie-immobilier.fr,
524921350,Agence immobilière CIM Occitanie - Montauban,http://www.agencecim.fr/,agencecim.fr,
803363167,Agence immobilière Cime Transactions Lyon,https://www.cime-transactions.com/,cime-transactions.com,
882427834,Agence immobilière Clervimmo La Suite Marseille,http://clervimmolasuite.com/,clervimmolasuite.com,
804093086,Agence immobilière Clos Salomon,http://www.clos-salomon.com/,clos-salomon.com,
493893564,Agence immobilière CO IMMOBILIER Legé,https://www.coimmobilier.fr/,coimmobilier.fr,paramètres de suivi retirés
907601850,Agence Immobilière Concept immo +,https://conceptimmoplus.com/fr/,conceptimmoplus.com,
503649857,AGENCE Immobilière COUTHEILLAS,https://www.agence-hardelot.com/,agence-hardelot.com,
791785728,Agence Immobilière de l'Hippodrome,http://www.immolambersart.fr/,immolambersart.fr,
402814735,Agence immobilière Debuisson immobilier Arras,http://www.debuissonimmobilier.fr/,debuissonimmobilier.fr,
532157351,Agence Immobilière Dieppe - ABF Immobilier,http://www.abfimmobilier.fr/,abfimmobilier.fr,
452068687,Agence immobilière du 20ème,http://www.immo20.com/,immo20.com,
413591033,Agence Immobilière du Château,http://www.agence-du-chateau.com/,agence-du-chateau.com,
828933796,Agence Immobilière Du Mascaret,http://www.agencedumascaret.com/,agencedumascaret.com,
949287908,Agence Immobilière Ecully | LUCIEN,http://luluimmo.fr/,luluimmo.fr,
837698422,Agence Immobilière EDO,https://www.edo.immo/,edo.immo,
349043794,Agence Immobilière Efka,https://www.efkaimmobilier.fr/,efkaimmobilier.fr,
521773804,Agence immobilière ESPACE IMMO 38,http://www.espaceimmo38.com/,espaceimmo38.com,
950976589,Agence immobilière Evian FRISON immobilier,http://www.frison.immo/,frison.immo,
391787694,Agence Immobilière Ferrari,https://www.immoferrari.com/,immoferrari.com,
884141367,Agence immobilière Foch Tarbes,http://www.agencefochimmobilier.fr/,agencefochimmobilier.fr,
814933925,Agence immobilière FONCIER PEI,http://www.foncier-pei.re/,foncier-pei.re,
882868896,Agence immobilière FYNE ACCESS Lyon,https://www.fyneaccess.com/,fyneaccess.com,
841989908,Agence immobilière GARY Immobilier,http://www.gary-immobilier.fr/,gary-immobilier.fr,
831708920,Agence Immobilière Guyane : IMMO-VERT,https://www.immovert.net/,immovert.net,
977656065,Agence immobilière Immosphera,http://immosphera.fr/,immosphera.fr,
882299688,Agence Immobilière ISI,https://www.agence-immobiliere-vaison-la-romaine.com/,agence-immobiliere-vaison-la-romaine.com,
478028673,Agence immobilière Isula à Ajaccio,http://www.isula.fr/,isula.fr,
914874441,Agence Immobilière L' Atelier Locatif,https://www.latelier-locatif.com/,latelier-locatif.com,
513670216,Agence Immobilière L'ILMO,http://www.lilmo.fr/,lilmo.fr,
412564882,Agence Immobilière L'Occitane,http://www.occitane.fr/,occitane.fr,
830952297,Agence immobilière LA MAISON ANGEVINE Angers,http://www.lamaisonangevine.com/,lamaisonangevine.com,
482595394,Agence immobilière Landis 68 MUNSTER,http://www.immo-landis68.fr/qui-sommes-nous.html,immo-landis68.fr,
528150766,Agence immobilière LCM Conseil Moutiers,https://lcm-conseil.net/,lcm-conseil.net,
939679825,Agence immobilière Le Chêne,https://lechene.ovh/,lechene.ovh,
102121738,Agence immobilière Le Havre - Cabinet MARIE,http://www.cabinetmarie.com/,cabinetmarie.com,
482582087,Agence Immobilière Le Mans sud - 72 Immobilier,http://www.72immobilier.fr/,72immobilier.fr,
395378078,Agence immobilière les Allées Grignan,http://www.immo-les-allees.com/,immo-les-allees.com,
894824226,Agence immobilière Les Clefs E-mmobilières Louhans,https://www.lesclefs-e-mmobilieres.fr/,lesclefs-e-mmobilieres.fr,
818248957,Agence immobilière Lesage à Vernon,https://www.lesage-immobilier-vernon.com/,lesage-immobilier-vernon.com,
420849309,AGENCE IMMOBILIÈRE LIBÉRATION 24,http://www.liberation24immo.com/,liberation24immo.com,
407788066,Agence Immobilière LM,https://www.agencelm.immo/,agencelm.immo,
531478659,Agence Immobilière Logis d'Alsace,http://www.logis-alsace.com/,logis-alsace.com,
994955623,Agence immobilière LV IMMOBILIER,http://www.lv-immobilier.fr/,lv-immobilier.fr,
751542226,Agence Immobilière PIERRE,http://www.agencepierre.com/,agencepierre.com,
887899995,Agence immobilière PLESSIS IMMOBILIER La Riche,https://plessisimmobilier.fr/,plessisimmobilier.fr,
919544908,Agence immobilière R.D.S Immo,http://rds-immo.com/,rds-immo.com,
751003344,Agence immobilière RVM Immobilier Ceyzériat,http://www.rvm-immobilier.fr/,rvm-immobilier.fr,
528320187,Agence immobilière Salengro Immo Villeurbanne,http://www.salengro-immo.fr/,salengro-immo.fr,
378459689,Agence Immobilière Sanfourche-Peiro,https://sanfourche-peiro.fr/,sanfourche-peiro.fr,
823301296,Agence Immobilière Sceaux French Immobilier,https://french-immobilier.com/,french-immobilier.com,
501936421,Agence immobilière Select Imvest Besançon,http://www.selectimvest.fr/,selectimvest.fr,
392932588,Agence Immobilière Serra,https://www.serra-immobilier.fr/,serra-immobilier.fr,
915250815,Agence immobilière SG Immobilier - La Garde,http://www.sgimmo83.fr/,sgimmo83.fr,
914448667,Agence immobilière TCB IMMOBILIER,https://tcbimmobilier.fr/,tcbimmobilier.fr,
893530675,Agence immobilière Toulon Quadrimmo,http://www.quadrimmo83.com/,quadrimmo83.com,
310106638,Agence Immobilière Turlot,http://www.turlot.fr/,turlot.fr,
484576970,Agence immobilière Var Vacances et Transactions,http://www.varvacances.fr/,varvacances.fr,
838021277,Agence Immobilière VRIGNAUD IMMO,https://www.vrignaud-immo.com/,vrignaud-immo.com,
345158315,Agence immobilière Will'man,https://www.willman.fr/,willman.fr,
947894325,Agence immobilière YOUR Immobilier Lyon,https://www.yourimmobilier.com/,yourimmobilier.com,
522167949,"Agence immobilière à Rezé, Nantes Sud Immobilier",https://www.nantessudimmobilier.com/,nantessudimmobilier.com,
962504296,agence immobilière à Villeurbanne,http://www.decultieux-immobilier.com/,decultieux-immobilier.com,
833613052,AGENCE IMMOBILYS,http://www.agenceimmobilys.fr/,agenceimmobilys.fr,
441557030,Agence Immoblier Patient,http://www.agenceimmobilierepatient.fr/,agenceimmobilierepatient.fr,
434147179,AGENCE IMMOLYS,http://www.immolysbeaune.com/,immolysbeaune.com,
904139714,AGENCE IMMOREVE,http://www.immoreve.fr/,immoreve.fr,
734200355,AGENCE IMMOSUD,http://www.agence-immosud.fr/,agence-immosud.fr,
489861609,AGENCE IMMOTECH,http://www.agence-immotech.com/,agence-immotech.com,
980587893,Agence IMMOTION,https://www.agenceimmotion.com/,agenceimmotion.com,
500387832,Agence Immotion - Nantes,http://www.agence-immotion.fr/,agence-immotion.fr,
940612807,Agence Immédiat,http://www.agence-immediat.fr/,agence-immediat.fr,
937552602,AGENCE ING,https://www.agence-ing.fr/,agence-ing.fr,
922406400,Agence Initiales - Presqu'île Immobilier,https://initiales-immobilier.fr/,initiales-immobilier.fr,
992351536,AGENCE INNOVATION FERREIRA IMMOBILIER,https://www.innovation-ferreira-immobilier.com/,innovation-ferreira-immobilier.com,
517750980,Agence INTENSIMMO,http://www.intens.immo/,intens.immo,
829514587,Agence INTRAMUROS,https://www.intramurosimmo.com/,intramurosimmo.com,
754040129,Agence IPC - Immobilière du Pays des Châteaux,http://www.ipc67.com/,ipc67.com,
918557596,AGENCE ISAIA,http://www.isaia.immo/,isaia.immo,
441247418,AGENCE JASPE,https://www.agence-jaspe.fr/,agence-jaspe.fr,
477508725,Agence JCG Immo Solliès-Pont,https://www.jcgimmo.com/,jcgimmo.com,
382925675,AGENCE JEAN POSSON,http://www.posson-immobilier.fr/,posson-immobilier.fr,
449273465,AGENCE JOLY,http://www.agencejoly.com/,agencejoly.com,
387898562,Agence Joël Ohayon,https://www.agence-joel-ohayon.fr/,agence-joel-ohayon.fr,
072807100,Agence JP CONSTANT Immobilier La ciotat,https://www.constantimmobilier.com/,constantimmobilier.com,
884902180,AGENCE JULIEN VICHY IMMOBILIER,https://www.julienvichyimmobilier.fr/,julienvichyimmobilier.fr,
844328328,Agence Jump Partners Coupérie & Bonneau,https://www.jump-partners.com/,jump-partners.com,
899226872,Agence Justimmo Anglet,https://www.fabiomartin.fr/,fabiomartin.fr,
500738646,AGENCE KALLISTE IMMOBILIER,http://www.immobilierajaccio.fr/,immobilierajaccio.fr,
752040543,AGENCE KAYA IMMOBILIER,http://www.kayaimmobilier.com/,kayaimmobilier.com,
890294986,Agence KERNEL Immobilier Gonesse,http://www.kernel-immobilier.fr/,kernel-immobilier.fr,
352644041,AGENCE L' ANJOU,http://www.agence-immobiliere-saumur.com/,agence-immobiliere-saumur.com,
491101580,Agence L'empire Immobilier St Jean de Monts,https://www.lempire-immobilier.fr/,lempire-immobilier.fr,
484064605,Agence l'ENTREPRISE,https://www.entreprise-immo.fr/,entreprise-immo.fr,
503232712,AGENCE L'IMMOBILIERE,https://agence-limmobiliere.fr/,agence-limmobiliere.fr,
339184210,Agence L'OLYMPE,http://www.olympe-immo.com/,olympe-immo.com,
434188801,AGENCE LA BISQUINE,http://www.agencelabisquine.fr/,agencelabisquine.fr,
815125794,AGENCE LA DEMEURE,https://www.agence-lademeure.fr/,agence-lademeure.fr,
392330528,AGENCE LA LANDAISE,http://www.agencelalandaise.com/,agencelalandaise.com,
822784864,AGENCE LA MANUFACTURE,http://lamanufacture-immobilier.fr/,lamanufacture-immobilier.fr,
415257310,Agence La Provencale,http://www.immobilier-laprovencale.com/,immobilier-laprovencale.com,
444359921,Agence La Salvetat Immobilier,http://www.lasalvetat-immo.com/,lasalvetat-immo.com,
409041381,AGENCE LACLOTRE TRANSACTION,https://www.agencelaclotre.fr/,agencelaclotre.fr,
306646225,AGENCE LAGRUE - SOGITRA,http://www.lagrue-immobilier-vichy.com/,lagrue-immobilier-vichy.com,
481698587,Agence Larroque Immobilier,http://www.immolarroque.fr/,immolarroque.fr,
828593905,AGENCE LAVALLARD IMMOBILIER,https://www.lavallard-immobilier.com/,lavallard-immobilier.com,
393194857,Agence LBI,https://www.lbi-immo.fr/,lbi-immo.fr,
894479062,AGENCE LCK,https://www.agencelck.com/,agencelck.com,
511026999,AGENCE LE CHALET,http://www.agencelechalet.com/,agencelechalet.com,
479528770,AGENCE LE FRANC,http://www.agencelefranc.fr/,agencelefranc.fr,
524908027,AGENCE LE GUERN IMMOBILIER,http://www.agence-leguern.com/,agence-leguern.com,
985137165,AGENCE LE LAGON,https://www.lagon-immobilier.com/,lagon-immobilier.com,
534715420,Agence Le Meur,https://www.agencelemeur.com/,agencelemeur.com,
340385897,AGENCE LE MISTRAL PALAYER IMMOBILIER,http://www.le-mistral.fr/,le-mistral.fr,
492805023,Agence Le Phare,http://www.agencelephare.fr/,agencelephare.fr,
848506861,Agence Le Réseau,https://www.agencelereseau.com/,agencelereseau.com,
442902904,AGENCE LEBAIL,http://www.agencelebail.com/,agencelebail.com,
850630468,AGENCE LEBLANC,http://www.agenceleblanc.fr/,agenceleblanc.fr,
840562193,Agence LEDUC,https://immobilier.agence-leduc.fr/,immobilier.agence-leduc.fr,
443941661,Agence LEFRANÇOIS Immobilier,http://www.lefrancois-immobilier.com/,lefrancois-immobilier.com,
881245351,Agence Legrandveneur Immobilier - Fontainebleau,http://www.legrandveneur.com/,legrandveneur.com,
448999169,AGENCE LEMASSON CONSEIL,https://www.lemasson-conseil.com/,lemasson-conseil.com,
824358402,AGENCE LENAIN,https://www.agencelenain.com/,agencelenain.com,
443670682,Agence Les Chenets Immobilier,http://www.les-chenets-immobilier.com/,les-chenets-immobilier.com,
440962991,Agence Les Lingoustes,http://leslingoustes-immobilier.fr/,leslingoustes-immobilier.fr,
433763232,AGENCE LES MIMOSAS,http://www.lesmimosasimmobilier.com/fr/,lesmimosasimmobilier.com,
795364587,AGENCE LES OLIVIERS,http://www.agencelesoliviers.fr/,agencelesoliviers.fr,
827632126,Agence Les Templiers,http://www.agencelestempliers.com/,agencelestempliers.com,
931326243,AGENCE LES TERRASSES IMMOBILIER,https://company50631izy.netty.fr/,company50631izy.netty.fr,
447686189,AGENCE LES TROIS MOULINS,http://www.agenceles3moulins.com/,agenceles3moulins.com,
894971662,Agence Lescure Immobilier,https://www.lescureimmobilier.com/,lescureimmobilier.com,
303859789,AGENCE LIBERTY,http://www.agenceliberty.fr/,agenceliberty.fr,
824665673,AGENCE LIEURE,http://www.lieure.com/,lieure.com,
500910690,AGENCE LORIN,http://www.agencelorin.fr/,agencelorin.fr,
929799872,Agence Lou Provence,https://agencelouprovence.com/fr/,agencelouprovence.com,
382291763,Agence Louedec,http://www.agencelouedec.com/,agencelouedec.com,
889614756,AGENCE LOUGAROT,http://www.agence-lougarot.com/,agence-lougarot.com,
848566469,Agence LOUIS-BERECOCHEA,https://www.louis-berecochea.fr/resultats?transac=vente,louis-berecochea.fr,
520649716,AGENCE LTNL IMMO,https://www.ltnl-immo.fr/,ltnl-immo.fr,
403041643,Agence Lucas,http://www.agencelucas.com/,agencelucas.com,
403204605,AGENCE LUGA IMMOBILIER,http://www.agence-luga.com/,agence-luga.com,
929834489,Agence Maes Immobilier Wambrechies,http://www.maesimmobilier.fr/,maesimmobilier.fr,
897973475,AGENCE MAJA,http://www.agencemaja.fr/,agencemaja.fr,
524962024,Agence Majestic Immobilier Thonon,http://www.majestic-immobilier.fr/,majestic-immobilier.fr,
908178304,AGENCE MAJORELLE,http://www.agence-majorelle.com/,agence-majorelle.com,
989878517,Agence MANALEX IMMOBILIER,http://www.manalex-immobilier.fr/,manalex-immobilier.fr,
398022939,Agence Margaux Immobilier,http://www.margauximmobilier.fr/,margauximmobilier.fr,
393542261,Agence MARGUERETTAZ IMMOBILIER,https://www.marguerettaz.immo/fr/,marguerettaz.immo,
852622935,Agence Mariani Propriano,https://propriano.letuc.com/,propriano.letuc.com,
529664286,AGENCE MARIE-HELENE TOURNIER,https://www.mhtournier-immobilier.fr/,mhtournier-immobilier.fr,
525289443,Agence MARTIN Sisteron,http://www.agencemartinimmo.com/,agencemartinimmo.com,
451340822,AGENCE MARTY,https://www.agencemarty.com/,agencemarty.com,
399201391,AGENCE MAS VERMEIL,http://www.agencemasvermeil.fr/,agencemasvermeil.fr,
834224644,AGENCE MATHIEU,http://www.agencemathieu.fr/,agencemathieu.fr,
492863378,AGENCE MAUGARD GAYRAUD,http://www.agencemaugard.com/,agencemaugard.com,
407702281,AGENCE MAUPASSANT,http://www.fecampimmo.com/,fecampimmo.com,
520639147,Agence MAUPIN Pont Sainte Maxence,http://www.agence-maupin-immobilier.fr/,agence-maupin-immobilier.fr,
334913175,AGENCE MOTTE,http://www.agence-motte.com/,agence-motte.com,
407986116,AGENCE MOUREY,https://www.agencemourey.com/,agencemourey.com,
538525148,AGENCE MURAT IMMO,http://www.muratimmo.com/,muratimmo.com,
408368280,AGENCE MURIEL VIDAL,http://www.murielvidal.com/,murielvidal.com,
982564676,AGENCE MUSCAT IMMOBILIER,https://www.muscat.immo/,muscat.immo,
813919677,AGENCE MY HOME,http://www.agence-myhome.com/,agence-myhome.com,
528808785,Agence My Toulouse,https://www.agence-mytoulouse.com/,agence-mytoulouse.com,
437713407,AGENCE N T IMMOBILIER,http://www.nt-immobilier.fr/,nt-immobilier.fr,
534470380,AGENCE NAT-IMMO,http://www.agencenatimmo.fr/,agencenatimmo.fr,
403503766,Agence Nautile Immobilier,http://www.nautileimmobilier.com/,nautileimmobilier.com,
989571658,AGENCE NOBEL IMMOBILIER,https://www.agencenobelimmobilier.fr/,agencenobelimmobilier.fr,
790818579,AGENCE NORMANDE IMMOBILIERE,http://www.agence-normande.fr/,agence-normande.fr,
839063898,Agence Nouveau-Propriétaire,http://www.nouveau-proprietaire.fr/,nouveau-proprietaire.fr,
514713700,AGENCE NOVADIMM,https://www.novadimm.com/,novadimm.com,
423190719,AGENCE OCEANE,http://www.agenceoceanelorient.fr/,agenceoceanelorient.fr,
789992047,Agence Océane Pontaillac,https://www.agence-oceane17.com/,agence-oceane17.com,
535147763,AGENCE ODEIA IMMOBILIER,https://www.agence-odeia-immobilier.com/,agence-odeia-immobilier.com,
788863546,AGENCE OLIVIER,http://www.agence-olivier.fr/,agence-olivier.fr,
341405322,AGENCE OLT,http://www.agenceolt.fr/,agenceolt.fr,
503802126,Agence ONESTIM Immobilier Montbrison,http://www.agenceonestim.com/,agenceonestim.com,
801440587,AGENCE OPEN-IMMOBILIER,http://www.open-immo34.com/,open-immo34.com,
833361496,AGENCE OTTONELLO,http://www.agence-ottonello.com/fr/agence-ottonello.htm,agence-ottonello.com,
421356619,AGENCE OUEST OCEAN,http://www.ouest-ocean.com/,ouest-ocean.com,
395025125,Agence PACAUT,http://agence-pacaut.fr/,agence-pacaut.fr,
504815515,AGENCE PAILLETTE,http://www.agencepailletteimmobilierbeauvais.fr/,agencepailletteimmobilierbeauvais.fr,
804139269,Agence PALM AVENUE - Expert immobilier Palm Beach,https://palmavenue.fr/fr/,palmavenue.fr,
332639335,AGENCE PARE,http://www.agencepare.fr/,agencepare.fr,
818048449,AGENCE PARTAM IMMOBILIER,http://www.partamimmobilier.fr/,partamimmobilier.fr,
850670035,AGENCE PASCAL,https://agencepascal.net/,agencepascal.net,
528874019,Agence Pascale Louis Immobilier,http://www.pascalelouis-immobilier.fr/,pascalelouis-immobilier.fr,
328308119,AGENCE PASSY,http://www.agencepassy.com/,agencepassy.com,
414909341,AGENCE PATIOS DE LA MASSANE,http://www.patiosmassane.com/,patiosmassane.com,
413905373,Agence Patrimoine Immobilier API,https://www.immocannes.com/,immocannes.com,
815205802,Agence Patrimonia,http://www.agence-patrimonia.fr/,agence-patrimonia.fr,
403382096,Agence PEDRINI,http://www.regiepedrini.fr/,regiepedrini.fr,
317838191,AGENCE PEILLEX DOUVAINE,http://www.sweethomeleman.fr/,sweethomeleman.fr,
701820052,AGENCE PELE,http://www.agence-pele.fr/,agence-pele.fr,
106658743,AGENCE PERIGORD IMMOBILIER,https://agenceperigordimmobilier.com/,agenceperigordimmobilier.com,
532320967,Agence PERNELLE,https://www.agencepernelle.com/,agencepernelle.com,
317218451,AGENCE PIERRE,http://www.agence-pierre.fr/,agence-pierre.fr,
448978916,AGENCE PIERRE LOTI,http://www.agence-pierre-loti.fr/,agence-pierre-loti.fr,
398261511,Agence Pierres Dorées,http://www.agencepierresdorees.com/,agencepierresdorees.com,
823899802,Agence PIETRAPOLIS LYON 7eme,"https://www.pietrapolis.fr/agence/pietrapolis-lyon-7-lyon-69007,5",pietrapolis.fr,
579200882,Agence Pitrel,http://www.agencepitrel.fr/,agencepitrel.fr,
413300575,AGENCE PORT ET PLAGE,http://www.port-et-plage.com/,port-et-plage.com,
384207965,Agence Portbail Immobilier,http://www.portbail-immo.fr/,portbail-immo.fr,
483613295,AGENCE POUR MON BIEN,https://www.pourmonbien.net/,pourmonbien.net,
445194228,AGENCE PRIMA IMMOBILIER,http://www.prima-immobilier.com/,prima-immobilier.com,
538779729,AGENCE PRIVILEGE,http://www.agenceprivilege.com/,agenceprivilege.com,
333321255,AGENCE PROBY SCIT,http://www.proby.fr/,proby.fr,
999536329,AGENCE PROVEUX,http://agence-proveux.fr/,agence-proveux.fr,
485323984,Agence PROX’IMMO,http://www.proximmo-voiron.fr/,proximmo-voiron.fr,
440028470,AGENCE PRUNIER,http://www.maisons-bourgogne.fr/,maisons-bourgogne.fr,
790280846,AGENCE PRUVOST IMMOBILIER,http://www.pruvost-immo.com/,pruvost-immo.com,
416444735,AGENCE PUCCETTI,http://www.agencepuccetti.com/,agencepuccetti.com,
349963306,AGENCE PY,https://www.agence-py.fr/,agence-py.fr,
529107674,Agence Pyrenees Immobilier ( A.P.I ),http://www.pyrenees-immobilier.com/,pyrenees-immobilier.com,
984073064,Agence Pénates & Associés,http://www.penates-immobilier.fr/,penates-immobilier.fr,
789067808,AGENCE RALPH IMMO,http://www.ralph-immo.fr/,ralph-immo.fr,
439361502,Agence Reflet Marine Immobilier,http://www.reflet-marine-immobilier.com/,reflet-marine-immobilier.com,
898438569,AGENCE REGARD,https://www.immoregard.com/fr,immoregard.com,
484093489,AGENCE REIMS CATHEDRALE,http://www.reims-cathedrale.fr/,reims-cathedrale.fr,
502087786,Agence RELOOK IMMO,http://www.relook-immo.com/,relook-immo.com,
887682466,"Agence REM, La Gestion Autrement",https://www.agence-rem.fr/,agence-rem.fr,
309023232,AGENCE REMAUD,http://www.agenceremaud.com/,agenceremaud.com,
976220152,Agence Rembert,https://www.agencerembert.com/,agencerembert.com,
429952781,AGENCE REPARAT,https://www.agencereparat.com/,agencereparat.com,
982589764,Agence Republic Albertville,http://www.agencerepublic.fr/,agencerepublic.fr,
016750929,AGENCE REPUBLIQUE,http://www.republique-immobilier.com/,republique-immobilier.com,
818848871,AGENCE RESIDENCE,https://www.agence-residence.com/,agence-residence.com,
928697234,Agence Residence,https://www.agence-residence.fr/fr,agence-residence.fr,
449470111,AGENCE REVELLIMMO,http://www.revellimmo.fr/,revellimmo.fr,
882497597,AGENCE REYNES,https://www.agence-reynes.com/,agence-reynes.com,
930989728,Agence RH IMMOBILIER,https://www.rh-immobilier.fr/,rh-immobilier.fr,
913679999,Agence Rive Gauche,http://www.rivegaucheimmobilier.fr/,rivegaucheimmobilier.fr,
798374161,Agence RIVOLI,https://www.lagencerivoli.fr/,lagencerivoli.fr,
308797463,AGENCE ROBERT,https://www.agence-robert.com/,agence-robert.com,
617320676,AGENCE ROBERVAL,http://www.agenceroberval.fr/,agenceroberval.fr,
342503885,AGENCE ROMAND,http://www.romand.com/,romand.com,
428228696,AGENCE ROUSSEAU,https://www.immo-rousseau.fr/fr/,immo-rousseau.fr,
392378295,Agence Royale,http://www.agence-royale.fr/,agence-royale.fr,
384307237,Agence Ruisseaux Théâtre,https://www.ruisseaux-immobilier.com/,ruisseaux-immobilier.com,
326125929,Agence RÉAL Bordeaux,http://www.realgroup.fr/,realgroup.fr,
902927821,Agence Résidence du Port Mandelieu-la-Napoule,https://www.agenceresidenceduport.com/,agenceresidenceduport.com,
912009479,Agence S&F Immobilier Associés,http://www.sf-immobilier.fr/,sf-immobilier.fr,
803779529,AGENCE S'ABSTENIR,http://www.agence-sabstenir.com/,agence-sabstenir.com,
893521716,Agence Sabine HENRI - Immobilier Rural,https://www.immobilier-rural.com/,immobilier-rural.com,
430121137,Agence Saint Clair Immobilier,http://www.agence-saint-clair.fr/,agence-saint-clair.fr,
810367151,AGENCE SAINT LOUIS,http://www.immobiliercaen.fr/,immobiliercaen.fr,
893636662,Agence Saint Maur,http://www.agencesaintmaur.fr/,agencesaintmaur.fr,
480233139,Agence Saint Nicolas,https://www.agence-saintnicolas-meulan.fr/,agence-saintnicolas-meulan.fr,
444724009,Agence Saint-Joseph,http://www.century21-asj-yvetot.com/,century21-asj-yvetot.com,
390814226,AGENCE SAINTE MARIE,http://www.agencesaintemarie.com/,agencesaintemarie.com,
800911018,AGENCE SAINTE MARIE IMMOBILIER,http://www.sainte-marie-immobilier.com/,sainte-marie-immobilier.com,
419364294,Agence Sainte Marthe,http://www.agence-saintemarthe.com/,agence-saintemarthe.com,
521571893,AGENCE SANSON,http://agence-sanson.fr/,agence-sanson.fr,
414840181,AGENCE SANTACREU,http://www.agence-santacreu.com/,agence-santacreu.com,
988359329,AGENCE SARIMO,https://www.sarimo.fr/,sarimo.fr,
329234645,Agence Saulire,http://www.agencesaulire.com/,agencesaulire.com,
501309272,AGENCE SCHIETSE IMMOBILIER,http://www.schietse-immobilier.com/,schietse-immobilier.com,
440450070,AGENCE SCHORP,http://www.agence-schorp.com/,agence-schorp.com,
353191489,Agence SENECAL Immobilier ROUEN,https://www.byg2simmobilier.fr/,byg2simmobilier.fr,
453408874,AGENCE SERGE BASTIEN,https://www.agencebastien.fr/,agencebastien.fr,
353956980,AGENCE SIB,http://www.sib91.fr/,sib91.fr,
414077511,AGENCE SIMON AMBOISE,http://www.agence-simon.com/,agence-simon.com,
444659817,Agence SITI – Thoissey,https://www.agencesiti.fr/,agencesiti.fr,
393533922,AGENCE SMI-SMG,https://agence-smismg.fr/,agence-smismg.fr,
063200059,Agence Soclova Cours Saint Laud,https://www.soclova.fr/location-achat/achat/achat-logement-social-angers/,soclova.fr,
843283979,AGENCE SOLUTION IMMO FOUGERES,https://www.agencesolutionimmo.com/,agencesolutionimmo.com,
315334664,Agence Somaprim,https://www.somaprim.com/,somaprim.com,
379900541,AGENCE SOUILLÉ FRERES,https://www.agence-souille.com/,agence-souille.com,
998591507,Agence SOVAGIM,http://sovagim.com/,sovagim.com,
437731870,Agence Soyez,http://www.agencesoyez.fr/,agencesoyez.fr,
394020549,AGENCE ST HUBERT,http://www.agencesainthubert.fr/,agencesainthubert.fr,
802317537,AGENCE STAND'IMM,http://www.standimm.com/index.php,standimm.com,
893431684,Agence STB Immobilier,https://www.stbimmo.com/,stbimmo.com,
481210300,AGENCE STI LA GRANDE MOTTE,https://www.sti-immo.fr/agence-la-grande-motte.html,sti-immo.fr,
891356453,AGENCE STORM,https://www.storm-immobilier.fr/,storm-immobilier.fr,
312478274,Agence Strasbourg Immobilière,https://www.asi67.com/,asi67.com,
511070872,Agence Sweet Home Conseil,http://www.sweethomeconseil.com/,sweethomeconseil.com,
385002498,AGENCE SYGESTIM,http://www.sygestim.fr/,sygestim.fr,
980098800,AGENCE SYLVAIN IMMOBILIER,http://www.sylvain-immo.com/,sylvain-immo.com,
941563603,AGENCE TALLEC IMMOBILIER,http://www.tallecimmo.fr/,tallecimmo.fr,
534884713,AGENCE TEISSIER,http://www.agence-teissier.com/,agence-teissier.com,
410114425,AGENCE TERRE DE SOLEIL,http://www.agenceterredesoleil.com/,agenceterredesoleil.com,
751620618,AGENCE TERRES CATALANES,http://www.agenceterrescatalanes.com/,agenceterrescatalanes.com,
929550515,AGENCE TERRES D'ESTUAIRE,http://www.agenceterresdestuaire.fr/,agenceterresdestuaire.fr,
522282714,AGENCE THOM,http://www.agencethom.com/,agencethom.com,
920015526,AGENCE THOMAS,http://www.agence-thomas.fr/,agence-thomas.fr,
309066520,Agence Thouaré Immobilier,http://www.immobilier-thouare.com/,immobilier-thouare.com,
341742260,AGENCE TISSOT,http://www.agencetissot.com/fr/,agencetissot.com,
838715878,Agence Topaze immobilier,https://www.topazeimmobilier.com/,topazeimmobilier.com,
938127503,Agence Tourangelle,http://www.agencetourangelle.fr/,agencetourangelle.fr,
441169364,AGENCE TOURRE,http://www.agencetourre.com/,agencetourre.com,
448795294,AGENCE TRANSAC IMMO,http://transac-immobilier.fr/,transac-immobilier.fr,
934716804,Agence Treize Immobilier,https://www.treize-immobilier.fr/,treize-immobilier.fr,
382922797,AGENCE TRINIMMO,http://www.trinimmo.com/,trinimmo.com,
349874891,Agence Valcros,http://www.valcros.fr/,valcros.fr,
807746474,AGENCE VALDEENNE,http://www.agencevaldeenne.fr/,agencevaldeenne.fr,
840090773,Agence Valentin,https://www.agencevalentin.com/,agencevalentin.com,
790640429,AGENCE VALLEE IMMOBILIER,http://www.immo-vallee.com/,immo-vallee.com,
978181188,AGENCE VALOIR IMMOBILIER,https://www.agencevaloirimmobilier.fr/,agencevaloirimmobilier.fr,
903405322,Agence Vancia Immobilier Rillieux-la-Pape,https://vancia-immobilier.fr/,vancia-immobilier.fr,
482630340,AGENCE VAUBAN,http://www.agencevauban.com/,agencevauban.com,
452827314,Agence Vayrac Immobilier,https://www.vayracimmobilier.com/,vayracimmobilier.com,
417874385,AGENCE VENDALI II,http://www.vendali-immobilier.com/,vendali-immobilier.com,
488461120,AGENCE VERHILLE,http://www.immobilierverhille.com/,immobilierverhille.com,
440224269,AGENCE VERNAY,http://www.vernay-immo.fr/,vernay-immo.fr,
437946114,AGENCE VIGNE,http://www.agence-vigne.com/,agence-vigne.com,
398406819,Agence VINENT IMMOBILIER,http://www.vinent-immobilier.com/,vinent-immobilier.com,
878847276,AGENCE VIVA,https://agence-viva.fr/,agence-viva.fr,
905016317,AGENCE VMIMMO,https://www.vmimmo.fr/,vmimmo.fr,
905212122,Agence Voirol Immobilier,https://www.agencevoirol.com/,agencevoirol.com,
783436660,Agence Vosgelis de Neufchâteau,https://www.vosgelis.fr/,vosgelis.fr,
808957344,AGENCE VOVARD IMMOBILIER,http://www.vovardimmobilier.fr/,vovardimmobilier.fr,
849488275,Agence WHITLEY Real Estate & Services,https://www.whitley-immobilier.com/,whitley-immobilier.com,
412876856,AGENCE WILLAME IMMOBILIER,http://www.awi59.com/,awi59.com,
434803987,Agence XL Immobilier – Nancy,http://www.xl-immo.net/,xl-immo.net,
448947101,AGENCE.COM,http://www.pralognan-agence.com/,pralognan-agence.com,
828419481,AGENCEIMMO.RE,http://www.agenceimmo.re/,agenceimmo.re,
451161939,AGENCES D' AUJOURD'HUI,https://www.ada-immo.com/,ada-immo.com,
484957352,AGENCES POUGET,http://www.quercyimmo.com/,quercyimmo.com,
429943616,AGENCES SAMIM,http://www.agence-samim.com/,agence-samim.com,
404269151,Agencia,http://www.agencia.fr/,agencia.fr,
420500324,Agencia,http://agencia-immo.fr/,agencia-immo.fr,
791816432,AGENCITY BUSSY,"https://www.agencity.com/agence/agencity-bussy-bussy-saint-georges-77600,8",agencity.com,
791170269,AGENCY IMMO,http://www.agencyimmo03.fr/,agencyimmo03.fr,
879095719,Agency Immobilier,https://www.agency-immobilier.fr/,agency-immobilier.fr,
849044771,AGENT EXCLUSIF,http://www.agentexclusif.fr/,agentexclusif.fr,
508160371,AGENT EXCLUSIF.COM,https://agentexclusif.com/,agentexclusif.com,
752096677,Agent Mandataire France,https://www.agentmandataire.fr/,agentmandataire.fr,
892783598,AGENT NICOIS,http://www.agentnicois.com/fr/,agentnicois.com,
845256023,AGENTZIA,https://www.lagentzia.com/,lagentzia.com,
390926467,AGEO CONSEILS,http://www.ageoconseils.fr/,ageoconseils.fr,
393534045,AGEPRIM IMMOBILIER,https://www.ageprim.fr/,ageprim.fr,
502472012,AGERIS IMMOBILIER,http://www.ageris.immo/,ageris.immo,
533377289,AGES LOC,http://www.agesloc.com/,agesloc.com,
530975457,AGESTIA,http://www.alsagest.com/,alsagest.com,
449280742,AGESTIS – Groupe SAINT-AGNE,http://www.agestis-immobilier.com/,agestis-immobilier.com,
489976084,AGESTYS,http://www.agestys.fr/,agestys.fr,
421771304,AGEVAL IMMO,http://www.agevalimmobilier.com/fr/,agevalimmobilier.com,
828074039,AGI IMMOBILIER,https://agi-immo.fr/,agi-immo.fr,
400988812,AGIL IMMOBILIER,https://www.rk-conseil.fr/notre-agence-immobiliere/agil-immobilier/,rk-conseil.fr,
891697922,AGILITY Immobilier,https://www.agility-immobilier.fr/,agility-immobilier.fr,
397467200,AGIT GOSIER,http://www.fontenoy.com/,fontenoy.com,
450410287,AGIT IMMOBILIER,http://www.agitimmo.com/,agitimmo.com,
350324844,AGL IMMOBILIER,http://www.agl-immobilier.fr/,agl-immobilier.fr,
824468854,AGM IMMOBILIER,http://www.agmimmobilier.com/,agmimmobilier.com,
812459303,AGV Immobilier transactions immobilières,http://www.agv-immobilier.com/,agv-immobilier.com,
431494772,AHORA IMMOBILIER,http://www.ahoraimmobilier.com/,ahoraimmobilier.com,
753756832,AIB,http://www.aibmareil.com/,aibmareil.com,
809592082,AIB IMMOBILIER,http://www.aibimmobilier.fr/,aibimmobilier.fr,
315683623,AIC,http://aicimmobilier.fr/,aicimmobilier.fr,
977969898,AID Plus - Immobilier à Sarcelles,https://www.aidplus.fr/,aidplus.fr,
821513256,AIFD Immobilier,http://www.aifd-immobilier.fr/,aifd-immobilier.fr,
843087677,AIGUES VIVES IMMO,https://www.aiguesvivesimmo.fr/,aiguesvivesimmo.fr,
329086664,AIK - Agence Immobilière du Kochersberg,https://www.aik-immo.com/,aik-immo.com,
508969995,AILLEURS IMMOBILIER,http://www.ailleurs-immobilier.com/,ailleurs-immobilier.com,
330098120,AIN RHONE IMMOBILIER,http://ain-rhone-immobilier.fr/,ain-rhone-immobilier.fr,
750512790,AINTER-IMMO,http://www.ainter-immo.com/,ainter-immo.com,
381858232,AIP IMMOBILIER,http://www.aip-immobilier.fr/,aip-immobilier.fr,
931358725,AIP Les Herbiers,http://www.aiplesherbiers.com/,aiplesherbiers.com,
512068339,AIP SANCY - Immobilier de Tourisme,https://www.aip-sancy.com/fr,aip-sancy.com,
421530205,AIPC,https://www.archimmobilier.fr/,archimmobilier.fr,
410355200,AIPG,http://www.aipg.fr/,aipg.fr,
515306991,AIPN Menard Immobilier Sotteville,http://www.aipn-immo-76.com/fr/,aipn-immo-76.com,
810360842,AIR IMMOBILIER,https://www.airimmobilier.com/,airimmobilier.com,
823691431,AIR TERRE MER IMMOBILIER,http://www.airterremer-immobilier.com/,airterremer-immobilier.com,
537961146,AIS BEAUSSAIS SUR MER,https://www.agence-immo-service.com/,agence-immo-service.com,
819695594,AIX LA DURANNE IMMOBILIER,http://www.aix-laduranne-immobilier.fr/,aix-laduranne-immobilier.fr,
537522039,Aix-Puyricard Immobilier,http://www.aix-puyricard-immo.fr/,aix-puyricard-immo.fr,
814576997,AIXTY,http://www.aixty.com/,aixty.com,
752960484,AIZENAY IMMOBILIER,https://www.aizenay-immobilier.fr/,aizenay-immobilier.fr,
347629560,AJACCIO IMMOBILIER,http://www.ajaccio-immobilier.com/fr,ajaccio-immobilier.com,
420995771,AJC IMMOBILIER,http://www.agence-ajc.com/,agence-ajc.com,
521377846,AJC IMMOBILIER CANNES,http://www.ajcimmobiliercannes.fr/,ajcimmobiliercannes.fr,
841285125,AJC IMMOBILIER PRÉBENDES,http://www.ajc-immobilier.com/,ajc-immobilier.com,
438567828,AJL IMMOBILIER,http://www.ajl-immobilier.com/,ajl-immobilier.com,
811537224,AJOA IMMOBILIER,http://www.ajoaimmobilier.fr/,ajoaimmobilier.fr,
941973638,AJR Consultants - Arthur Loyd Tours,https://www.arthur-loyd.com/tours,arthur-loyd.com,
901782847,AJUSTE IMMOBILIER,https://www.ajuste-immobilier.com/,ajuste-immobilier.com,
385153986,AJY IMMOBILIER,http://www.ajy.fr/,ajy.fr,
804504215,AK IMMO,http://www.akimmo.fr/,akimmo.fr,
498775485,AKELLIANCE SAS,https://www.akelliance.com/,akelliance.com,
829299718,AKESIA,https://www.akesia.fr/,akesia.fr,
899803639,AKOMI,http://www.akomi.fr/,akomi.fr,
989525241,Akor Immobilier Sommières,http://www.akor-immobilier.fr/,akor-immobilier.fr,
493017776,aktya,http://www.aktya.fr/,aktya.fr,
904545001,AKYLES IMMO,http://www.akyles-immo.com/,akyles-immo.com,
500340484,AKYOM,http://www.akyom.fr/,akyom.fr,
841278708,ALAIN RENOU IMMOBILIER,http://www.alainrenoutransactions.fr/,alainrenoutransactions.fr,
883650749,ALAIN RIONDET IMMOBILIER,http://www.ari-immobilier.fr/,ari-immobilier.fr,
498921089,Alain Rivière Sweven Immobilier,https://www.sweven-immo.fr/,sweven-immo.fr,
504921321,ALARIC IMMO,https://www.alaric-immo.fr/,alaric-immo.fr,
833993702,ALBALYS IMMOBILIER,http://albalys-immobilier.fr/,albalys-immobilier.fr,
492260542,Alban and Friends,https://www.albanandfriends.com/,albanandfriends.com,
485152516,Alban Thouroude EI Cimm Immobilier,https://alban-thouroude.cimm.com/,alban-thouroude.cimm.com,
392053518,ALBANNE IMMOBILIER,https://www.albanneimmo.fr/fr/,albanneimmo.fr,
481667681,ALBATROS IMMOBILIER,http://www.albatros-immobilier.com/,albatros-immobilier.com,
845021583,ALBERT 1ER IMMOBILIER,http://www.agencealbert1er.fr/,agencealbert1er.fr,
795377167,Albert Ancre Immo,https://www.albertancreimmo.fr/,albertancreimmo.fr,
524694783,ALBERT IMMO,http://www.albert-immo.fr/,albert-immo.fr,
532580867,ALBERT IMMOBILIER,http://www.albert-immobilier.com/,albert-immobilier.com,
891405052,ALBET IMMOBILIER,http://www.albet-immobilier.fr/,albet-immobilier.fr,
453951006,ALBIEZ IMMOBILIER,http://www.albiez-immobilier.com/,albiez-immobilier.com,
818681462,ALBIGNY IMMOBILIER,https://www.albigny-immobilier.com/,albigny-immobilier.com,
901266056,ALC IMMOBILIER ALENCON,http://www.alcimmobilier.com/,alcimmobilier.com,
917478109,Alexandra DAUBY - Noovimo,https://adauby.noovimo.fr/fr,adauby.noovimo.fr,
798439352,Alexandra Djordjevic,https://lmdimmobilier.fr/,lmdimmobilier.fr,
524509643,ALEXANDRA DUFOUR IMMOBILIER,https://www.alexandradufourimmobilier.com/,alexandradufourimmobilier.com,
931612931,ALEXANDRY IMMOBILIER,http://www.alexandryimmobilier.fr/,alexandryimmobilier.fr,
819868811,Aleximmo,https://www.agence-aleximmo.fr/,agence-aleximmo.fr,
894028919,ALFRED PROPERTY,http://www.alfred-property.com/,alfred-property.com,
791851652,ALGT IMMO,http://www.algtimmo.fr/,algtimmo.fr,
803806264,ALHYS IMMOBILIER,http://www.alhys.com/,alhys.com,
431576826,ALIZE IMMO,https://www.alizeimmo.fr/,alizeimmo.fr,
502193881,ALK IMMO ANNECY,http://www.alkimmo.com/,alkimmo.com,
353789738,ALLAIN IMMOBILIER,http://www.allain-immobilier.com/,allain-immobilier.com,
842091274,ALLIANCE DES MASCAREIGNES,http://www.alliancedesmascareignes.net/,alliancedesmascareignes.net,
800396871,ALLIANCE IMMO 78,http://www.alliance-immo-78.fr/,alliance-immo-78.fr,
448188045,ALLIANCE IMMOBILIER,http://www.immobilier-alliance.com/,immobilier-alliance.com,
448105163,ALLIANCE IMMOBILIER LUXEUIL,http://www.alliance-immobilier-luxeuil.fr/,alliance-immobilier-luxeuil.fr,
449950815,ALLIANCE IMMOBILIER SERVICE,http://www.allianceimmobilierservice.com/,allianceimmobilierservice.com,
414587238,ALLIANCE IMMOBILIERE 81,http://www.ai81.fr/,ai81.fr,
414576967,ALLIANCES IMMOBILIER,http://www.alliancesimmo.com/,alliancesimmo.com,
891750630,ALLIANCES IMMOBILIERES,http://www.alliances.immo/,alliances.immo,
534839816,ALLO IMMO PRO,http://www.allo-immopro.com/,allo-immopro.com,
878727205,ALLOWA,http://www.allowa.com/,allowa.com,
934592189,ALMA IMMO,http://www.alma-immo.fr/,alma-immo.fr,
449674548,ALMA IMMOBILIER,https://www.immobilier-alma.com/,immobilier-alma.com,
978123602,ALMA IMMOBILIER,https://www.almabyevelynele.com/,almabyevelynele.com,
834554586,ALOES IMMOBILIER,https://www.aloesimmo.com/fr/,aloesimmo.com,
541850111,ALOGEA,https://www.alogea.fr/,alogea.fr,
413101197,Alp Agence,https://www.alpagence.com/,alpagence.com,
982933731,ALP'ELITE Immobilier,http://www.alp-elite-immobilier.fr/,alp-elite-immobilier.fr,
414566240,ALP'IMMO,http://www.alp-immo.com/,alp-immo.com,
981365752,Alpaca Immobilier,https://alpaca.immo/,alpaca.immo,
891265860,ALPAGES IMMOBILIER,http://www.alpages-immo.com/,alpages-immo.com,
450513874,ALPAZUR IMMOBILIER,http://www.alpazur.fr/,alpazur.fr,
905097671,ALPES AZUR IMMO,http://www.alpes-azur-immo.com/,alpes-azur-immo.com,
820034320,ALPES IMMOBILIER,https://www.alpesimmobilier.com/,alpesimmobilier.com,
813040649,ALPES IMMOBILIER 05,http://www.alpes-immobilier05.fr/,alpes-immobilier05.fr,
918136664,Alpes Invest immobilier,http://www.alpesinvest.fr/,alpesinvest.fr,
440344141,ALPES REGIE TRANSACTION,http://www.immobilierart.com/,immobilierart.com,
316643543,ALPES RHONE CONSEIL IMMOBILIER,http://www.alpes-rhone-immo.com/,alpes-rhone-immo.com,
510933823,Alpesvente : Portes du Soleil & Haute-Savoie,http://www.alpesvente.com/,alpesvente.com,
528630759,ALPHA IMMO,http://www.agence-alphaimmo.fr/,agence-alphaimmo.fr,
482271624,ALPHA IMMOBILIER,http://www.alphaimmobilier25.com/,alphaimmobilier25.com,
523241206,Alpha Immobilier,https://www.alpha-immobilier.immo/,alpha-immobilier.immo,
930057799,"Alpha Terra, Promotion et Agence Immobilière",https://www.alphaterra-immobilier.fr/,alphaterra-immobilier.fr,
532830908,ALPHA TRANSAC IMMO,http://www.alphatransac.com/presentation.html,alphatransac.com,
433911021,ALPIC IMMOBILIER,http://www.alpic-immobilier.com/,alpic-immobilier.com,
454021239,ALPIERRE,http://www.alpierre-immobilier.fr/,alpierre-immobilier.fr,
478231988,Alpihome,http://www.alpihome.com/,alpihome.com,
853357580,Alpilles Soleil Immobilier SENAS,http://www.alpillessoleilimmobilier.fr/,alpillessoleilimmobilier.fr,
508578556,Alpine Property,https://alpine-property.fr/,alpine-property.fr,
106637861,ALPS ESTATE,https://www.alps-estate.com/fr,alps-estate.com,
310133368,Alpvision immobilier,https://alpvisionimmobilier.com/fr/,alpvisionimmobilier.com,
831361142,Alré Immobilier,http://www.alre-immobilier.fr/,alre-immobilier.fr,
890045461,ALS EXPERTISE,https://alsexpertise.fr/,alsexpertise.fr,
382137230,ALS IMMOBILIER A DIJON,http://www.als-immobilier.com/,als-immobilier.com,
480789486,ALT IMMOBILIER,http://www.altimmobilier.fr/,altimmobilier.fr,
818371163,ALTA COSTA SERENA,https://costaserena.fr/fr/,costaserena.fr,
750001372,ALTA IMMOBILIER,https://altaimmobilier.com/fr/,altaimmobilier.com,
943646653,ALTARAC IMMOBILIER,http://www.altarac-immobilier.fr/,altarac-immobilier.fr,
401165089,ALTAREA GESTION IMMOBILIERE,https://altarea-gestion-immobiliere.com/,altarea-gestion-immobiliere.com,
452148349,ALTAïR IMMOBILIER,http://www.altair-immobilier.fr/,altair-immobilier.fr,
630802262,ALTEAL,https://xn--altal-dsa.fr/,xn--altal-dsa.fr,
509671012,ALTEAME,http://www.alteame.fr/,alteame.fr,
821075868,ALTER AGENCE,http://www.alteragence.fr/fr/,alteragence.fr,
810272294,ALTER IMMO PAU,https://www.alterimmo-bearn.fr/,alterimmo-bearn.fr,
498145861,ALTER IMMOBILIER,https://www.alter-immobilier.re/,alter-immobilier.re,
829930650,ALTEREGO BELIN BELIET,http://www.alterego-immo.fr/,alterego-immo.fr,
905351235,ALTI-IMMO,https://www.alti-immo.fr/,alti-immo.fr,
104388483,Altilac Immobilier,http://www.altilac-immobilier.com/,altilac-immobilier.com,
449079359,Altim,https://www.altimconseil.fr/,altimconseil.fr,
388238073,ALTIMMO,https://altimmo63.fr/,altimmo63.fr,
510128788,Altiss,http://www.altiss.fr/,altiss.fr,
380671545,ALTITUDE IMMOBILIER,http://www.altitudeimmobilier.com/,altitudeimmobilier.com,
498115047,Altitudes Transactions Commerces,http://www.atc.immo/,atc.immo,
900463738,ALTIVE 89,https://www.altive.fr/,altive.fr,
448867549,ALTIXIMMO 33,http://www.altiximmo33.fr/,altiximmo33.fr,
921171559,ALTO IMMO,http://www.alto-immo.fr/,alto-immo.fr,
940900491,Altura immobilier,https://www.alturaimmobilier.fr/,alturaimmobilier.fr,
353978299,ALVIMMO,http://www.alvimmo.com/,alvimmo.com,
850013673,AM CONCEPT & PATRIMOINE,https://www.amconcept.immo/,amconcept.immo,
439367202,AM GESTION,https://amgestion.fr/,amgestion.fr,
842090276,AM IMMO,https://www.amgroupe.re/,amgroupe.re,
479482036,AM IMMOBILIER,https://www.milon-immobilier-plerin.fr/,milon-immobilier-plerin.fr,
827788381,AM IMMOBILIER,http://www.am-immobilier68.fr/,am-immobilier68.fr,
429421639,Amac Immobilier,https://www.amacimmo.com/,amacimmo.com,
952606846,AMAE IMMOBILIER,https://www.amae-immobilier.com/,amae-immobilier.com,
879461853,AMANDINE RENAUD,http://www.amandine-immobilier.com/,amandine-immobilier.com,
879533131,AMANDINIMMO,http://www.amandinimmo.fr/,amandinimmo.fr,
901007120,AMANS IMMOBILIER,https://www.amans-immobilier.com/,amans-immobilier.com,
821752052,AMARYM,https://www.amarym.com/,amarym.com,
528755358,AMAYA TRANSACTIONS,http://www.amaya64.com/,amaya64.com,
839792785,AMB IMMOBILIER,https://www.ambimmobilier.fr/,ambimmobilier.fr,
942945460,Amberia Immobilier - Agence Saint-Jean le Blanc,https://www.amberia-immobilier.fr/,amberia-immobilier.fr,
792022071,AMBIANCE IMMOBILIER - Mireille Mugler-Filliat,http://www.ambianceimmobilier.fr/,ambianceimmobilier.fr,
824739627,AMBRE IMMOBILIER,http://www.ambre-immobilier.fr/,ambre-immobilier.fr,
979985975,AMEDEE IMMOBILIER,https://www.amedee-immobilier.fr/,amedee-immobilier.fr,
909623407,Amel'immo,https://www.amelimmo.com/,amelimmo.com,
949664171,AMELIE DHERRET IMMOBILIER,https://www.ameliedherret-immo.com/,ameliedherret-immo.com,
892655770,AMEVET IMMOBILIER,http://www.amevetimmo.fr/,amevetimmo.fr,
343999207,AMI Immobilier Bièvres,https://www.ami-immo.com/,ami-immo.com,
922372883,AMICASA IMMOBILIER,http://www.amicasa-immobilier.com/,amicasa-immobilier.com,
989934856,AMICHE Abdel-Ouhab,https://www.expfrance.fr/,expfrance.fr,
332119635,AMIENS IMMOBILIER,https://www.amiens-immobilier.net/,amiens-immobilier.net,
432434710,AMILTONE IMMOBILIER,http://www.amiltone-jassans.com/,amiltone-jassans.com,
811216092,AMJ IMMO,https://www.amj-immo34.com/,amj-immo34.com,
879047124,Amj Immo,http://www.immobilierepagny.fr/,immobilierepagny.fr,
909760563,AMK IMMOBILIER,http://www.amkimmobilier.com/,amkimmobilier.com,
487450256,AMO Immobilier neuf,https://www.amo-immobilierneuf.fr/,amo-immobilierneuf.fr,
528784291,ANABAMA,https://anabamaimmobilier.wordpress.com/,anabamaimmobilier.wordpress.com,
844797753,ANAIS IMMOBILIER,https://www.anaisimmobilier.fr/,anaisimmobilier.fr,
818637746,Anatole France Immobilier,http://www.anatole-immo.com/,anatole-immo.com,
539013326,ANB IMMOBILIER,http://www.anb-immobilier.com/fr/,anb-immobilier.com,
881808737,ANDERSEN ESTATE,http://www.andersenestate.com/,andersenestate.com,
378621189,ANDERSEN IMMOBILIER,http://www.andersenimmobilier.com/,andersenimmobilier.com,
854098563,ANDERSEN IMMOBILIER,http://www.andersenimmobilier.net/,andersenimmobilier.net,
640801981,ANDRAU IMMOBILIER,http://www.andrau-immobilier.com/,andrau-immobilier.com,
341621001,ANDRE GARRETA IMMOBILIER,http://www.garreta-immobilier.com/,garreta-immobilier.com,
819528498,ANGE IMMOBILIER,https://www.angeimmobilier.fr/,angeimmobilier.fr,
891434995,ANGELE IMMOBILIER,https://www.angeleimmo.com/,angeleimmo.com,
799302484,Angé immobilier,http://www.immograndlyon.com/,immograndlyon.com,
753039429,Angéline Mignot - Dream Immo,https://www.dream-immo.com/,dream-immo.com,
931937106,ANNA DUPERIE IMMOBILIER,https://www.annaduperieimmobilier.fr/,annaduperieimmobilier.fr,
891650921,ANNE IMMOBILIER,https://www.anne-immobilier.fr/,anne-immobilier.fr,
353831894,ANNONAY IMMOBILIER SARL,https://www.annonayimmobilier.com/,annonayimmobilier.com,
833907058,ANOVA IMMOBILIER,https://www.anovaimmo.fr/,anovaimmo.fr,
502044621,ANP Immobilier,http://www.anp-immobilier.com/,anp-immobilier.com,
497856393,ANTARES IMMOBILIER,https://www.antares-immobilier.fr/,antares-immobilier.fr,
353789613,ANTIGONE IMMOBILIER - Transaction et Location,https://www.antigone-immo.com/,antigone-immo.com,
504167131,ANTOINE IMMOBILIER,https://www.antoine-immobilier.com/,antoine-immobilier.com,
894946128,ANTON IMMOBILIER,http://www.anton-immobilier.fr/,anton-immobilier.fr,
827596784,AP IMMOBILIER,http://www.agence-apimmobilier.com/,agence-apimmobilier.com,
909115503,AP IMMOBILIER,https://www.apimmobilier.fr/,apimmobilier.fr,
903493112,AP'IMMO DES MARAIS TRANSACTIONS,https://www.apimmodesmarais.fr/,apimmodesmarais.fr,
804220069,Aparté,http://www.aparte-immo.fr/,aparte-immo.fr,
817660897,APARTÉ IMMOBILIER,http://www.aparte-immobilier.com/fr/,aparte-immobilier.com,
104102249,Aperly,https://www.aperly.fr/,aperly.fr,
981884901,APEX,https://www.apex-immobilier.fr/,apex-immobilier.fr,
881422133,API Agence Pinard Immobilier,https://www.immobiliergrauduroi.com/,immobiliergrauduroi.com,
481553600,APIC,http://www.apic06.com/,apic06.com,
750498073,APIC IMMOBILIER,http://www.apicimmo.com/,apicimmo.com,
811693589,APIMMO,https://www.apimmo-marseille.fr/,apimmo-marseille.fr,
491418620,APImmobilier Andrézieux-Bouthéon,https://www.api-transaction.fr/agence-immobiliere/agence-andrezieux-boutheon,api-transaction.fr,
499435998,APL LOCATION,https://www.apl33.eu/,apl33.eu,
533334454,APLIMMO,https://aplimmo.fr/fr/,aplimmo.fr,
951824630,APM IMMOBILIER,http://apm-immobilier.com/,apm-immobilier.com,
884546128,APO IMMOBILIER,https://www.apo-immobilier.fr/,apo-immobilier.fr,
802641464,Apogas Immobilier,http://www.apogas-immobilier.fr/apogas/,apogas-immobilier.fr,
384999199,APOSTROPHES,http://www.apostrophes.fr/,apostrophes.fr,
521526558,APPARIGLIATO Immobilier,https://www.apparigliato-immobilier.fr/,apparigliato-immobilier.fr,
981899255,Appart & Sens,https://www.appart-sens.fr/,appart-sens.fr,
899385074,APPART ALSACE,https://www.appartalsace.fr/,appartalsace.fr,
942906728,APPARTOIT IMMOBILIER VICHY,http://appartoit.fr/,appartoit.fr,
452774078,APPIMMO,https://appimmo.com/fr/,appimmo.com,
759200751,APRICOT IMMOBILIER,https://carrepro.immo/,carrepro.immo,
340802248,APRIM IMMOBILIER,http://www.aprim-immobilier.fr/,aprim-immobilier.fr,
910991496,APRIM PAR MN-IMMOBILIER,https://mn-immobilier.fr/,mn-immobilier.fr,
808806038,APROPRIA,https://apropria.fr/,apropria.fr,
015450638,AQISIA,https://aqisia.fr/nos-biens-vente-ancien/?condition=ancien,aqisia.fr,
499080869,AQUARELLE IMMOBILIERE,http://www.aquarelle-immobiliere.fr/,aquarelle-immobiliere.fr,
907542773,AQUEDUCS IMMOBILIER,https://aqueducsimmobilier.com/,aqueducsimmobilier.com,
379799497,Aquitaine Property,https://www.aquitaineproperty.com/,aquitaineproperty.com,
398731489,AQUITANIS,https://www.aquitaniservices.fr/acheter,aquitaniservices.fr,
845220102,Aquizio,https://www.aquizio.fr/,aquizio.fr,
933233512,AR d'Immo,http://www.ardimmo.com/,ardimmo.com,
519271407,AR FAOU IMMOBILIER,http://www.faou-immobilier-finistere.com/,faou-immobilier-finistere.com,
831703731,AR IMMOBILIER,http://arimmo.fr/,arimmo.fr,
452559289,Ar Men Immobilier,https://www.armen-immobilier.com/,armen-immobilier.com,
440351138,AR VRO IMMOBILIER,https://www.arvro-immobilier-finistere.fr/,arvro-immobilier-finistere.fr,
421658881,ARC EN CIEL IMMO,http://www.arc-en-ciel-immo.com/,arc-en-ciel-immo.com,
418065140,ARC EN CIEL IMMOBILIER,http://www.arcencielimmobilier.com/,arcencielimmobilier.com,
794201079,ARC IMMOBILIER Orléans-La Chapelle,https://www.arc-immobilier-orleans.fr/,arc-immobilier-orleans.fr,
933824062,Arcalia - Immobilier Géré,https://arcalia-immobilier.fr/,arcalia-immobilier.fr,
831038823,ARCANA IMMOBILIER,http://www.arcanaimmobilier.fr/,arcanaimmobilier.fr,
978141703,ARCC IMMO,http://www.arccimmo.fr/,arccimmo.fr,
750667685,ARCEAUX IMMOBILIER,http://www.arceauximmobilier.com/,arceauximmobilier.com,
481308252,ARCHE GESTION,https://www.archegestion.com/,archegestion.com,
440202331,ARCHE IMMOBILIER GIEN,http://www.arche-immobilier-gien.com/,arche-immobilier-gien.com,
851990531,ARCHETTES IMMO,http://www.archettesimmo.fr/,archettesimmo.fr,
983593427,ARCHIDOME MAITRISE D'OEUVRE,https://archidome.fr/,archidome.fr,
842753188,ARCHIPEL IMMOBILIER,https://www.archipel-immobilier.fr/,archipel-immobilier.fr,
809131840,ARCHITECTURES IMMOBILIER BASSIN D'ARCACHON,https://www.architectures-immobilier.com/agence/368345___/architectures-bassin-d-arcachon.html,architectures-immobilier.com,
411014038,ARCIS IMMOBILIER,http://www.arcis-immobilier.fr/,arcis-immobilier.fr,
445397235,ARDECHE IMMOBILIER,http://www.immodf.fr/,immodf.fr,
807960588,ARDEN IMMOBILIER sarl,https://www.ardenimmobilier.com/,ardenimmobilier.com,
844226084,Ardesia Immobilier,http://www.ardesia.immo/,ardesia.immo,
929046480,ARDRESIM,http://www.ardresim.fr/,ardresim.fr,
884458209,ARE Immo,http://www.are-immo.com/,are-immo.com,
891455321,AREA,http://www.area-immo.fr/,area-immo.fr,
493674717,ARENA IMMOBILIER,https://www.arena-immobilier.com/fr/agence,arena-immobilier.com,
332241801,Argelès Pyrénées Immobilier,http://www.lourdes-argeles-immobilier.com/,lourdes-argeles-immobilier.com,
441796430,"ARH IMMOBILIER, île de la réunion",https://www.arhimmobilier.com/,arhimmobilier.com,
938358298,ARIANA IMMOBILIER,https://www.ariana-immobilier.com/,ariana-immobilier.com,
499717296,ARIANE IMMOBILIER,http://www.arianeimmobilier.fr/,arianeimmobilier.fr,
349316067,ARIS IMMOBILIER,http://www.aris-immobilier.fr/,aris-immobilier.fr,
804263127,ARLIM L 'ARBRESLE,http://arbresle.arlim.com/,arbresle.arlim.com,
819830597,ARMAGNAC IMMO,http://www.armagnac-immo.fr/,armagnac-immo.fr,
850483934,ARMATI IMMOBILIER,http://www.armati-immo.fr/,armati-immo.fr,
534490958,ARMELLE IMMO,http://www.armelimo.com/,armelimo.com,
981381304,Armeria Immobilier–Agence immobilière à Douarnenez,https://www.armeriaimmobilier.com/,armeriaimmobilier.com,
834148611,ARMONIAL IMMOBILIER,https://armonial-immobilier.fr/,armonial-immobilier.fr,
531664613,ARMONY IMMOBILIER,http://www.armony-immobilier.fr/,armony-immobilier.fr,
487692691,ARMOR CONSEIL IMMOBILIER,http://www.armor-conseil-immobilier.com/,armor-conseil-immobilier.com,
453977332,Armoric Agence,https://www.armoricagence.com/,armoricagence.com,
497858373,ARMORIQUE IMMOS,http://brest.mikit.fr/,brest.mikit.fr,
507960276,ARNAUD DROULERS IMMOBILIER,https://www.arnaud-droulersimmo.com/,arnaud-droulersimmo.com,
505121624,ARNAUD LALAGUE IMMOBILIER,http://www.arnaudlalagueimmobilier.com/,arnaudlalagueimmobilier.com,
991569054,Arnold Entreprise,https://www.arnoldentreprise.com/,arnoldentreprise.com,
848079802,ARNOLDI IMMOBILIER,https://www.arnoldi-immobilier.fr/,arnoldi-immobilier.fr,
980430839,ARO Immobilier Genech Pévèle Mélantois,https://www.aro-immo.fr/,aro-immo.fr,
434613444,AROBASE IMMOBILIER,http://www.arobaseimmobilier.fr/,arobaseimmobilier.fr,
808229231,AROLA GESTION,http://www.ormessonimmobilier.com/,ormessonimmobilier.com,
932615818,AROLLA IMMOBILIER,http://www.arolla-immobilier.com/,arolla-immobilier.com,
795329044,Arome immobilier,http://www.aromeimmobilier.com/,aromeimmobilier.com,
450632518,ARP IMMO,https://groupe-arp.fr/bien-global/,groupe-arp.fr,
792169799,ARRAS IMMO,http://www.arras-immobilier62.com/,arras-immobilier62.com,
910100486,Arrière-Cour - Immobilier,https://arriere-cour.immo/,arriere-cour.immo,
317425023,ARROBIO IMMOBILIER,https://www.arrobio-immobilier.com/,arrobio-immobilier.com,
814283206,ARROW IMMOBILIER,http://www.arrowimmobilier.com/,arrowimmobilier.com,
452349970,ARROYO IMMOBILIER,http://www.arroyoimmobilier.com/,arroyoimmobilier.com,
921319000,ARSATI IMMOBILIER,http://www.arsati-immobilier.fr/,arsati-immobilier.fr,
811529015,ARSENAL IMMOBILIER,http://www.arsenal-immobilier.com/,arsenal-immobilier.com,
919151670,Art et Pierre Immobilier,https://art-et-pierre-immobilier.com/,art-et-pierre-immobilier.com,
479906489,ART IMMO,http://www.art-immo.fr/,art-immo.fr,
347510091,Art Leader 95,https://www.artleader.fr/,artleader.fr,
101724672,ART'IM,http://www.art-im.com/,art-im.com,
990023467,ART'IMMO,https://www.agence-artimmo.fr/,agence-artimmo.fr,
914554290,ARTAE,https://www.artae.immo/,artae.immo,
504336579,ARTAXA IMMO,http://www.artaxa.com/,artaxa.com,
539027003,ARTE VIVENDI,http://www.artevivendi.com/,artevivendi.com,
477885677,ARTEC ’Immobilier & Patrimoine,http://www.artecimmo.eu/,artecimmo.eu,
384929972,ARTEMIS Immobilier Conseil,http://www.artemis-immo.fr/,artemis-immo.fr,
841622921,ARTES IMMOBILIER,http://www.artesimmo.fr/,artesimmo.fr,
431245885,Arth'Immo,http://www.arth-immo.com/,arth-immo.com,
909371965,ARTHAUD IMMOBILIER,https://agencearthaudimmobilier.com/fr/,agencearthaudimmobilier.com,
414291047,ARTHUR WINLEY AGENCE DE BEAUMONT,https://www.arthurwinley.com/,arthurwinley.com,
509230074,ARTIS IMMO,http://www.artis-immo.fr/,artis-immo.fr,
918518473,ARTOIS IMMO,http://www.artois-immo.com/page-presentation.html,artois-immo.com,
993083641,Arundo immobilier,https://www.arundo-immobilier.com/,arundo-immobilier.com,
388565921,ARVE IMMOBILIER,https://arve-immobilier.com/,arve-immobilier.com,
944066539,ARY IMMO,https://ary-immo.fr/,ary-immo.fr,
852482421,ARYA IMMOBILIER,https://www.aryaimmobilier.com/,aryaimmobilier.com,
918166901,As de coeur Immo,https://www.asdecoeur-immo.fr/,asdecoeur-immo.fr,
483300976,AS IMMO,http://www.asimmo.net/,asimmo.net,
530575471,As immobilier,https://www.immobilier-as.fr/,immobilier-as.fr,
790076442,AS IMMOBILIER,http://www.asimmodieppe.fr/,asimmodieppe.fr,
801800889,AS IMMOBILIER,http://www.as-immo.fr/,as-immo.fr,
844071118,AS IMMOBILIER,https://a-s-immobilier.fr/,a-s-immobilier.fr,
825292105,ASC IMMO,https://asc-immo.fr/,asc-immo.fr,
789459500,ASD IMMOBILIER,http://www.asd-immobilier.fr/,asd-immobilier.fr,
852082148,ASD'IMMO CHUZELLES,http://www.asd-immo.fr/,asd-immo.fr,
418072211,ASF IMMOBILIER,http://www.asf-immo.com/,asf-immo.com,
887679579,ASG IMMOBILIER,https://asg-immo.com/,asg-immo.com,
524857919,Ashley Immobilier Prestige - La Rochelle,https://www.ashleyimmobilier.com/,ashleyimmobilier.com,
848462719,Ask&Answer Immobilier,http://www.a2-immo.fr/,a2-immo.fr,
860200310,ASSEMBLIA,https://www.assemblia.fr/,assemblia.fr,
912820214,Aste immobilier,https://aste-immobilier.fr/,aste-immobilier.fr,
879538064,ASTERO,https://astero-immobilier.fr/,astero-immobilier.fr,
814577557,ASTONE Immobilier,https://astoneimmo.com/fr/immobilier-a-marseille-cassis-region-13-83/,astoneimmo.com,
878876895,Astra immobilier,https://www.astraimmobilier.com/,astraimmobilier.com,
839560018,Astral Immobilier,http://mulhouse.astral-immobilier.fr/,mulhouse.astral-immobilier.fr,
821381720,ASTRINE IMMOBILIER,http://www.astrine-immobilier.com/,astrine-immobilier.com,
825109507,ASW Immobilier,https://habiter-investir.aswimmobilier.fr/,habiter-investir.aswimmobilier.fr,
827882002,AT HOME,https://www.cabinetathome.com/,cabinetathome.com,
978671287,AT HOME IMMOBILIER,http://www.at-home-immo.fr/,at-home-immo.fr,
938425774,AT HOME PROPERTIES,https://www.athomeproperties.fr/,athomeproperties.fr,
938748720,ATA IMMO,https://www.ataimmo.fr/,ataimmo.fr,
493130173,ATARAXIA,https://www.ataraxia.fr/fr/accueil.html,ataraxia.fr,
844042713,Atelier immobilier,https://www.latelier-immo.fr/,latelier-immo.fr,
895248524,Atelier Immobilier Boulay,https://atelierimmobilierboulay.fr/,atelierimmobilierboulay.fr,
880751748,ateyagestion,https://ateyagestion.com/,ateyagestion.com,
791437833,ATHANER IMMOBILIER,http://www.athaner-immobilier.com/,athaner-immobilier.com,
529882599,ATHOME IMMOBILIER,http://www.athome-immobilier.fr/,athome-immobilier.fr,
809725682,ATHOME IMMOBILIER,https://www.immobilier-athome.com/,immobilier-athome.com,
539626820,ATI IMMOBILIER,http://www.sainte-maxime-immo.fr/index.php?lang=fr,sainte-maxime-immo.fr,
937736346,ATIF IMMOBILIER,http://www.atifimmobilier.fr/,atifimmobilier.fr,
825407190,ATIQA,https://www.atiqa.fr/,atiqa.fr,
819305343,ATIS PLUS,https://www.atisplus.fr/,atisplus.fr,
398271452,Atlanta Immobilier La Chaume,https://www.atlanta-immobilier.com/,atlanta-immobilier.com,
833450299,Atlanta Immobilier Saint Nazaire,http://www.atlanta-immobilier.fr/,atlanta-immobilier.fr,
807640610,Atlantic Immo Medoc,https://www.atlantic-immo.fr/,atlantic-immo.fr,
481777092,Atlantic Littoral,https://www.atlantic-littoral.com/,atlantic-littoral.com,
381669308,ATLANTIM IMMOBILIER,http://www.atlantim-immobilier.com/,atlantim-immobilier.com,
927685537,Atlantique Expansion Pro,http://www.atlantique-expansion.pro/,atlantique-expansion.pro,
410462733,ATLANTIQUE IMMOBILIER,http://www.atlantique-immobilier-finistere.com/,atlantique-immobilier-finistere.com,
791090004,ATLANTIQUE IROISE IMMOBILIER CROZON,http://www.atlantique-iroise.com/,atlantique-iroise.com,
450571161,ATLAS IMMOBILIER,http://www.atlas-immo-79.com/,atlas-immo-79.com,
920514841,ATLAS IMMOBILIER,https://atlas-immobilier35.fr/,atlas-immobilier35.fr,
833839814,ATLG Immobilier,https://www.atlg-immo.fr/,atlg-immo.fr,
894087550,ATOME IMMOBILIER,https://atome-immobilier.fr/l-agence-qui-vous-va-bien/,atome-immobilier.fr,
978687796,Atout coeur immobilier,https://www.agenceatoutcoeurimmobilier.fr/,agenceatoutcoeurimmobilier.fr,
509869590,ATOUT IMMO,https://www.atout-immo01.fr/,atout-immo01.fr,
901922880,ATOUT IMMO,https://www.atout-immo.group/,atout-immo.group,
423328707,Atout Immobilier CANET,http://www.atout-immobilier.com/,atout-immobilier.com,
352459135,Atout Sud Immobilier - Rezé,http://www.atoutsudimmobilier.com/,atoutsudimmobilier.com,
980896005,ATOUTGEST,https://atoutgest.com/,atoutgest.com,
932461817,ATRI'HOME IMMOBILIER,https://company41487mht.netty.fr/,company41487mht.netty.fr,
819960840,ATRIA,https://atriagroupe.fr/,atriagroupe.fr,
993738350,ATRIA,https://www.agenceimmoatria.fr/,agenceimmoatria.fr,
794457184,ATRIO IMMOBILIER,http://www.atrioimmobilier.com/,atrioimmobilier.com,
841609274,ATRIUM TRANSACTION,https://atrium-clfd.fr/,atrium-clfd.fr,
804962454,ATRIUM-SUD CONSEIL IMMOBILIER,https://www.atriumsud.fr/,atriumsud.fr,
502355258,ATTEGIA Immobilier,https://www.immo-creuse-berry.com/,immo-creuse-berry.com,
449817113,ATURRI IMMOBILIER,https://www.immobilier-bayonne-aturri.com/,immobilier-bayonne-aturri.com,
883879058,Atymo l'immobilier clé en main,http://www.atymo-france.com/,atymo-france.com,
790560932,Au carré - Agence immobilière Genas,https://aucarre.immo/,aucarre.immo,
878523117,Au Centre de l'Immobilier,http://www.aucentredelimmobilier.com/,aucentredelimmobilier.com,
808330864,Au Chai de l'immobilier,http://auchai-immobilier.fr/,auchai-immobilier.fr,
483007431,Au comptoir de l'Immobilier.,https://www.aucomptoirimmo.com/,aucomptoirimmo.com,
819124686,AU16IMMO,https://www.au16immo.fr/,au16immo.fr,
922392170,Aubance Immobilier,http://www.aubanceimmobilier.fr/,aubanceimmobilier.fr,
440892628,AUBE LOCATION,https://www.aubelocation.fr/,aubelocation.fr,
800990285,AUBRETON IMMOBILIER,http://www.aubreton.immo/,aubreton.immo,
852405075,AUCTAVE IMMOBILIER,http://www.auctaveimmobilier.com/,auctaveimmobilier.com,
898364344,Audacimmo,https://www.audacimmo.fr/,audacimmo.fr,
979506409,AUDE IMMO 18,https://www.aude-immo-18.com/fr,aude-immo-18.com,
508421815,AUDE IMMOBILIER COM,https://www.audeimmobilier.com/,audeimmobilier.com,
848609152,AUDREY IMMOBILIER,https://www.audrey-immo.fr/index.php,audrey-immo.fr,
107771388,Audrey PERRAIN,https://www.regm.immo/,regm.immo,
521669630,AUGUST IMMO,http://www.august-immobilier-limoges.fr/,august-immobilier-limoges.fr,
848665972,AUGUSTIN O IMMOBILIER,https://www.augustinoimmobilier.com/,augustinoimmobilier.com,
479783110,AUPA IMMOBILIER,http://www.aupa-immo.com/,aupa-immo.com,
519221923,AURA IMMOBILIER,http://www.aura-immobilier.com/fr/,aura-immobilier.com,
931635924,AUREA IMMOBILIER,https://www.aurea-immobilier.fr/,aurea-immobilier.fr,
880940671,Aurelimmo,http://www.aurelimmo.com/,aurelimmo.com,
534221684,AURIGNAC'IMMO GESTION,http://aurignac-immo.com/,aurignac-immo.com,
798176483,AURIK IMMO,http://www.aurik.fr/,aurik.fr,
839235173,AURIL,https://auril.fr/,auril.fr,
419779731,AURIMMO,http://www.aurimmo.com/,aurimmo.com,
333602449,AURIOL IMMOBILIER,http://www.auriol-immobilier.com/,auriol-immobilier.com,
949498208,Aurélie Ballet,https://www.aurelieballet.immo/,aurelieballet.immo,
514656933,AUXI PLUS NEUF,https://www.viviany.fr/,viviany.fr,
889455648,AUZAN IMMOBILIER,https://www.auzanimmobilier.fr/,auzanimmobilier.fr,
885206987,AV TRANSACTION - Alexandra PÉAN,https://alexandra.immo/,alexandra.immo,
808347694,AV TRANSACTION - Anais MOURER,https://av-transaction.immo/trouver-un-conseiller/anais-mourer/,av-transaction.immo,
948413398,AVA IMMOBILIER NANCY,http://www.ava-immobilier.fr/,ava-immobilier.fr,
532301298,AVANCE IMMO,http://www.avanceimmo.com/,avanceimmo.com,
402700595,AVANTAGE IMMOBILIER 55,https://www.avantageimmobilier55.com/,avantageimmobilier55.com,
803957992,AVANZINI IMMOBILIER,http://www.avanzini-immobilier.fr/,avanzini-immobilier.fr,
881758171,AVE HOCHE IMMOBILIER,https://avehoche-immobilier.fr/,avehoche-immobilier.fr,
515243541,Avefi,https://avefi.com/,avefi.com,
844257246,AVELIMMO,http://www.avelimmo.com/,avelimmo.com,
822255048,AVENIR,https://avenir-immo13.fr/,avenir-immo13.fr,
480502947,AVENIR IMMO,http://www.avenir-immo-cg.com/,avenir-immo-cg.com,
418525648,AVENIR IMMOBILIER,http://www.avenirimmobilier.net/,avenirimmobilier.net,
478984933,Avenir immobilier,https://avenir.immo/,avenir.immo,
983982729,Avenir Immobilier & Home Staging,http://www.avenir-immobilier.savenay.fr/,avenir-immobilier.savenay.fr,
444701346,Avenir Immobilier International,http://www.avenirimmobilierinternational.com/,avenirimmobilierinternational.com,
539687194,AVM2 immobilier,https://www.avm2.fr/notre-agence,avm2.fr,
521241646,AVOLOGIS,http://www.avologis.com/,avologis.com,
880835921,AVON IMMOBILIER,https://www.avon-immobilier.com/,avon-immobilier.com,
850904012,AVORD IMMOBILIER,https://www.avord-immobilier.fr/,avord-immobilier.fr,
442056164,AVP IMMO,http://www.avpimmo.com/,avpimmo.com,
452622764,AX HOME IMMOBILIER,http://www.axhome.immo/,axhome.immo,
458205945,AXANIS,https://www.axanis.fr/,axanis.fr,
381654474,AXE IMMOBILIER,http://www.axe-immobilier.com/,axe-immobilier.com,
058200593,Axeliha,https://axeliha.fr/,axeliha.fr,
941130700,Axelle Lemoine,https://www.axellelemoine.fr/,axellelemoine.fr,
877824797,AXEYLIA IMMOBILIER,http://www.axeylia.fr/,axeylia.fr,
901885962,Axia Immobilier,https://axia.immo/,axia.immo,
824511612,AXIHOME,http://www.axihome-immo.com/,axihome-immo.com,
429763303,AxImmobilier,http://www.aximmobilier-pontivy.com/,aximmobilier-pontivy.com,
501707954,AXIO Pro - Immobilier d'entreprise,https://www.axiopro.fr/,axiopro.fr,
935063842,AXIOME IMMOBILIER,http://www.axiome-immobilier.fr/,axiome-immobilier.fr,
393387154,AXITE ANNECY,https://www.axite.fr/immobilier-entreprise-rhone-alpes/agence-annecy,axite.fr,
538758624,AXONOR Immobilier,https://www.axonor-immo.fr/,axonor-immo.fr,
932931595,AYA,https://www.aya-immobilier.fr/,aya-immobilier.fr,
827753450,AZ IMMO,http://www.azimmo06.com/,azimmo06.com,
883844151,AZILIZ IMMOBILIER,http://www.aziliz-immobilier.com/,aziliz-immobilier.com,
920589157,AZTECA,http://www.azteca-immobilier.com/,azteca-immobilier.com,
494050024,AZUR 78 IMMOBILIER,http://www.azur78.com/,azur78.com,
503903569,AZUR CONSEIL IMMO,http://www.reseauimmodirect.com/,reseauimmodirect.com,
883737223,AZUR ESTATE,http://www.azureestate.immo/,azureestate.immo,
349459230,AZUR IMMOBILIER,http://www.azur-immobilier-toulon.fr/,azur-immobilier-toulon.fr,
994032480,AZUR IMMOBILIER,https://www.azurimmobilier34.com/,azurimmobilier34.com,
490729969,Azur Immobilier Gruissan,https://www.azur-immobilier-gruissan.com/,azur-immobilier-gruissan.com,
822760476,AZUR INVEST IMMOBILIER,https://azurinvestimmobilier.com/fr/,azurinvestimmobilier.com,
524257565,Azur Patrimoine Immobilier,http://www.agence-api.com/,agence-api.com,
525300869,Azur Sud Immobilier Antibes Juan-les-Pins,http://www.azursudimmobilier.com/,azursudimmobilier.com,
821036951,AZUR'ESTATE - Vente - Location - Gestion,http://www.azur-estate.com/,azur-estate.com,
851847707,AZUR'HOME EST,http://www.azur-home.fr/,azur-home.fr,
521688978,AZUREA COMMERCES & ENTREPRISES,https://www.azurea-immo-entreprise.com/,azurea-immo-entreprise.com,
828959924,B L I M M O B I L I E R,https://www.blimmobilier.com/index.html,blimmobilier.com,
814206280,B N HOME,http://www.bnhome.fr/,bnhome.fr,
832584502,B PICHARD IMMOBILIER,https://www.bpichard-immobilier.fr/,bpichard-immobilier.fr,
824075501,B&H IMMOBILIER,http://www.bh-immobilier.com/,bh-immobilier.com,
517715967,B'Cimmo,http://www.b-cimmo.com/boutique/liste_rayons.cfm,b-cimmo.com,
905212205,B-HOME IMMOBILIER,https://www.b-homeimmo.lu/,b-homeimmo.lu,
983690769,B-OCARRE,https://b-ocarre.com/,b-ocarre.com,
533055737,B.B.I,http://www.achatvente-bbi.fr/,achatvente-bbi.fr,
398932293,B.C.I.,https://transaxia-vatan.fr/,transaxia-vatan.fr,
881338214,B.I.C. IMMOBILIER,https://www.bic-immo.com/fr/,bic-immo.com,
512400789,B.R. Immobilière,http://www.bri-chasseurimmobilier.com/,bri-chasseurimmobilier.com,
481318806,B2L IMMOBILIER,http://www.b2l-immobilier.fr/,b2l-immobilier.fr,
527910657,B2W IMMO,http://www.b2w.immo/,b2w.immo,
447995309,Ba-immobilier,http://www.ba-immo.fr/,ba-immo.fr,
508245230,Bac immobilier Carcassonne,http://www.bac-immobilier.com/,bac-immobilier.com,
948453220,BACH IMMOBILIER,http://www.bachimmobilier.com/,bachimmobilier.com,
513890020,BACLET QUIGNON,http://www.bacletquignon.immo/,bacletquignon.immo,
853032332,Bages Immobilier Rodez,http://bages-immobilier.fr/,bages-immobilier.fr,URL normalisée
530589480,BAIE DE SOMME IMMO,http://www.baiedesomme-immo.net/,baiedesomme-immo.net,
802938100,BAILLET IMMOBILIER,http://www.baillet.immo/,baillet.immo,
890717242,Bald’immo,https://www.baldimmo.com/,baldimmo.com,
903597771,BALSANE IMMOBILIER,https://balsane.fr/,balsane.fr,
818977688,Balthane Lifestye Realty,https://www.balthane.com/,balthane.com,
903994150,BALTIC,http://www.baltic-immo.com/,baltic-immo.com,
424375764,Bandelier Immobilier,https://www.bandelierimmobilier.com/,bandelierimmobilier.com,
807627427,Banon-immo Agence immobilière de Banon,https://www.alpes-provence-destination.com/,alpes-provence-destination.com,
808102040,BANQUIMMO,https://www.banquimmo.immo/,banquimmo.immo,
838516920,BAOBAB IMMOBILIER,http://www.baobab-immobilier.com/,baobab-immobilier.com,
512079435,BAPIMMO,http://www.bapimmo.fr/,bapimmo.fr,
800282352,BAPPEL Corinne,https://www.imoconseil.com/fr/conseillers/dordogne/corinne-bappel/1095,imoconseil.com,
820750156,BAPTISTA IMMOBILIER,http://www.baptista-immo.com/,baptista-immo.com,
379315211,BARBARA IMMOBILIER,http://www.barbaraimmobilier.fr/,barbaraimmobilier.fr,
380355776,BARBERA IMMOBILIER,http://www.barbera-gestion.fr/,barbera-gestion.fr,
833871585,barbier immobilier,http://www.barbierimmobilier.com/,barbierimmobilier.com,
909670044,Bardon Immobilier La Garnache,https://www.bardonimmobilier.fr/,bardonimmobilier.fr,
303847370,BARI,http://www.bari.fr/,bari.fr,
382643708,BARJAC IMMOBILIER,https://www.barjac-immobilier.com/fr,barjac-immobilier.com,
951362722,BARLIER IMMOBILIER,http://www.barlierimmobilier.fr/,barlierimmobilier.fr,
891403446,BARM IMMOBILIER,https://barmimmobilier.fr/,barmimmobilier.fr,
953344629,BARNEY & Associé,https://www.barney-associe.fr/,barney-associe.fr,
520366964,Barraine Immo - Agence immobilière à Brest-Port,https://www.barraine-immo.com/agences/agence-brest-port/,barraine-immo.com,
838294668,BARRESI IMMOBILIER,http://www.barresiimmobilier.fr/,barresiimmobilier.fr,
100488550,BARRIOL IMMOBILIER,https://barriol-immobilier.com/,barriol-immobilier.com,
900965492,BARTH,http://sgti.netty.fr/,sgti.netty.fr,
918453614,BARTH IMMOBILIER,https://www.barth-immobilier.fr/,barth-immobilier.fr,
881213979,Basile Richard Immobilier,https://basilerichardimmobilier.com/,basilerichardimmobilier.com,
811403401,Basley Immobilier,https://basley-immobilier.com/,basley-immobilier.com,
823721519,Bassand Julie Ledil Immobilier,http://ledil.immo/,ledil.immo,
802901405,Bassimo,https://www.bassimmo.com/,bassimmo.com,
850674003,BASTELICACCIA immobilier,http://www.immobilier-bastelicaccia.fr/,immobilier-bastelicaccia.fr,
953053345,Bastien Arfi Immobilier,https://www.bastienarfi-immobilier.fr/,bastienarfi-immobilier.fr,
809068141,BATI'LOC,http://batiloc.immo/,batiloc.immo,
432408946,BATIMO,http://batimoimmobilier.fr/,batimoimmobilier.fr,
937487163,BAUGES IMMOBILIER,http://www.bauges-immobilier.com/,bauges-immobilier.com,
911135267,Baya Immo Relocation,https://www.baya-immo.fr/,baya-immo.fr,
497964650,Bayenche et Associés,https://www.bayencheimmobilier.fr/,bayencheimmobilier.fr,
831593041,Baïço l'Agence Immobilière GROIX,https://www.agence-baico.fr/,agence-baico.fr,
389890823,BBI TRANSACTIONS,https://www.bbi.fr/,bbi.fr,
518925326,BC Gestion,https://www.bcgestion.net/fr/,bcgestion.net,
444878037,BCA IMMO,http://www.bcaimmo.com/,bcaimmo.com,
522873686,BCH IMMO,https://www.bchimmobilier.fr/,bchimmobilier.fr,
807667662,BCI IMMOBILIER,https://www.bci-immobilier.fr/,bci-immobilier.fr,
890218498,BCN Bien Chez Nous,https://www.bcnimmo.fr/,bcnimmo.fr,
952455111,BCS Immobilier,http://www.bcsimmobilier.com/,bcsimmobilier.com,
519398473,BCT IMMOBILIER,http://www.bct-immobilier.fr/,bct-immobilier.fr,
752132480,BCV Immobilier,https://bcv-immobilier.com/,bcv-immobilier.com,
810227363,BCV IMMOBILIER,http://www.bcvimmobilier.fr/,bcvimmobilier.fr,
530340496,BDI - Boulevard de l'immobilier,https://www.boulevarddelimmobilier.com/,boulevarddelimmobilier.com,
100516970,BDN,http://www.ben-immo.com/,ben-immo.com,
800815888,BE IMMO,https://www.beimmo.fr/,beimmo.fr,
814793113,BEARS IMMO,https://www.bearsimmo.com/,bearsimmo.com,
839709854,BEAUCE & PERCHE Immobilier,http://www.petitecommission.fr/,petitecommission.fr,
453917098,BEAUCHAMP CONSEILS,http://beauchamp-conseils.fr/,beauchamp-conseils.fr,
510061906,BEAUDOIN Philippe,https://www.l-agence-immobiliere.fr/philippe-beaudoin,l-agence-immobiliere.fr,
831872304,BEAUFILS Immobilier & patrimoine,http://beaufils-immobilier.fr/,beaufils-immobilier.fr,
352081350,BEAUJOLAIS IMMOBILIER,http://www.beaujolais-immobilier.fr/,beaujolais-immobilier.fr,
411777071,BEAULANDE IMMOBILIER,http://www.beaulande-immobilier.com/,beaulande-immobilier.com,
501707061,BEAUMETZ IMMOBILIER,http://www.beaumetz-immobilier-arras.com/,beaumetz-immobilier-arras.com,
828930255,BEAUSEJOUR IMMOBILIER,https://www.beausejour-immo.fr/,beausejour-immo.fr,
449183490,BEAUTIFUL SOUTH,http://www.beautifulsouth66.com/fr,beautifulsouth66.com,
518227897,BEAUVOIR IMMOBILIER,http://www.beauvoir-immobilier.fr/,beauvoir-immobilier.fr,
977834274,BeeLoc,https://beeloc.fr/,beeloc.fr,
841095573,BEHAPPY immobilier,http://www.behappy-immobilier.fr/,behappy-immobilier.fr,
932814627,BEL ANGE IMMOBILIER,https://bel-ange-immo.com/fr/,bel-ange-immo.com,
833984529,Bel Art Immobilier Agence immobilière à Gardanne,https://www.belart-immobilier.fr/nos-valeurs.html,belart-immobilier.fr,
821251006,BELIMMOBILIER,http://www.belimmobilier.net/,belimmobilier.net,
848786950,BELISA IMMOBILIER,http://www.belisa-immobilier-autrement.com/,belisa-immobilier-autrement.com,
930883798,BELIYZ IMMOBILIER,https://beliyz.com/fr/,beliyz.com,
979811692,BELLA DN PROPERTIES,https://www.belladn.com/,belladn.com,
947970844,BELLA PIETRA,https://bellapietra-property.fr/,bellapietra-property.fr,
981635030,BELLE MAISON IMMOBILIER,https://www.bellemaisonimmobilier.fr/,bellemaisonimmobilier.fr,
789237732,Bellerive Immo,http://www.belleriveimmo.fr/,belleriveimmo.fr,
808478028,BELLES PROPRIETES D'AQUITAINE,https://www.bellesproprietesdaquitaine.fr/fr,bellesproprietesdaquitaine.fr,
909439705,Belles Roches Immobilier,https://www.bellesroches.fr/,bellesroches.fr,
951705573,BELLES SURFACES,http://belles-surfaces.fr/,belles-surfaces.fr,
423980531,BELLES VIGNES IMMOBILIER,https://bellesvignesimmobilier.fr/,bellesvignesimmobilier.fr,
979819992,BELLESCIZE IMMOBILIER,https://www.bellescize-immobilier.com/,bellescize-immobilier.com,
905359626,Belletoile Immobilier,https://belletoile.fr/fr/,belletoile.fr,
520218231,BELLIS'IMMO TRANSACTIONS,http://www.bellis-immo.net/,bellis-immo.net,
494901275,BELLISSIMMOBILIER,https://www.bellissimmobilier.com/,bellissimmobilier.com,
948140892,BELLON IMMOBILIER,http://bellon-immobilier.com/,bellon-immobilier.com,
932540206,BELLY IMMOBILIER,https://www.belly-immobilier.com/,belly-immobilier.com,
379635212,BELZ IMMOBILIER,http://www.belzimmobilier.com/,belzimmobilier.com,
824316236,BENAC IMMOBILIER,http://www.benac-immobilier.com/,benac-immobilier.com,
391529252,Benedic Metz (Location),http://www.benedicsa.com/,benedicsa.com,
522098557,BENOIT ZISER IMMOBILIER,http://www.ziser-immobilier.com/,ziser-immobilier.com,
878420868,BENTZ IMMOBILIER,http://www.bentz-immobilier.fr/,bentz-immobilier.fr,
338986391,BEOLETTO,http://www.beoletto.fr/,beoletto.fr,
342233384,BEP LOGEMENT NICE,http://www.bep-logement.com/fr/,bep-logement.com,
913896957,BERAUX IMMOBILIER,https://berauximmobilier.fr/,berauximmobilier.fr,
513965970,BERENGUER & BERENGUER IMMOBILIER INTERNATIONAL,http://www.bbii.fr/,bbii.fr,
834512808,BERG IMMOBILIER,http://www.berg-immobilier.fr/,berg-immobilier.fr,
984533505,BERGEN immobilier,https://www.bergen-immobilier.fr/,bergen-immobilier.fr,
309305381,BERNOLE IMMOBILIER,http://www.bernoleimmobilier.com/,bernoleimmobilier.com,
523118909,BERNOLLIN IMMOBILIER,http://www.bernollin-immobilier.fr/,bernollin-immobilier.fr,
330839523,BERRY IMMOBILIER,https://www.agence-berry-immobilier.fr/,agence-berry-immobilier.fr,
891129447,BERSAN Immobilier Fréjus - Tour de Mare,http://www.bersanimmobilier.com/,bersanimmobilier.com,
485290795,BERSOT EVIAN,https://www.bersot.net/,bersot.net,
985374511,BERTHE IMMOBILIER,https://www.bertheimmobilier.fr/,bertheimmobilier.fr,
321199309,BERTRAND GATELLIER,http://www.gatellier.com/,gatellier.com,
800037376,BERTRAND IMMOBILIER,http://www.bertrand-immo.com/,bertrand-immo.com,
499421923,BEST HOME,http://www.best-home.fr/,best-home.fr,
802020495,BESTIM,http://bestim.fr/,bestim.fr,
399336106,BETEMPS IMMOBILIER,http://www.betemps-immobilier.fr/,betemps-immobilier.fr,
348797655,BETHUNE IMMOBILIER,http://www.bethuneimmobilier.com/,bethuneimmobilier.com,
434771994,BETRIM,https://betrim.immo/,betrim.immo,
904116381,Bevel Immobilier,https://www.bevel-immobilier.fr/programmes-neufs.html,bevel-immobilier.fr,
448737775,Beyond Immobilier,https://beyondimmobilier.com/,beyondimmobilier.com,
444448674,BF IMMO,http://bf-immo.com/,bf-immo.com,
881606123,BFA IMMOBILIER,https://www.bfa-conseil.com/,bfa-conseil.com,
799149562,BFM Immobilier,https://www.bfmimmobilier.com/,bfmimmobilier.com,
422460477,BGG IMMO,http://www.bggimmo.com/,bggimmo.com,
899192215,BGI - Bourg Gestion Immobilier,https://bgi01.fr/,bgi01.fr,
750104572,BGI IMMOBILIER,http://www.bgi-immo.fr/,bgi-immo.fr,
451726376,BH IMMO,http://www.bhimmo.com/,bhimmo.com,
539427021,BIACHE IMMO,http://www.biacheimmo.com/,biacheimmo.com,
890145287,BIARRITZ DREAM HOME,http://biarritzdreamhome.com/,biarritzdreamhome.com,
325518660,BIAS Immobilier BOURGTHEROULDE INFREVILLE,http://bourgtheroulde-immobilier.com/,bourgtheroulde-immobilier.com,
382605160,BIBRACTE IMMOBILIER,https://www.bibracte-immobilier.com/fr,bibracte-immobilier.com,
794280313,BIEN CHEZ SOI,http://www.bienchezsoi79.fr/,bienchezsoi79.fr,
484758131,BIEN IMMO,http://www.agence-bienimmo.com/,agence-bienimmo.com,
913082236,BIEN SEREIN IMMOBILIER,https://www.bienserein.fr/,bienserein.fr,
851037879,BIEN SÛR,https://reservation.biensur.co/,reservation.biensur.co,
851035055,BIEN URBAIN,http://www.bienurbain-immobilier.com/,bienurbain-immobilier.com,
530812940,BIENS A NANTES,http://www.biensanantes.com/,biensanantes.com,
341065001,Biens d'Ouest,https://www.biensdouest.com/,biensdouest.com,
894794783,BIENS DE FAMILLE,http://www.biensdefamille.com/,biensdefamille.com,
893293373,BIENS EN BERRY,http://www.biensenberry.fr/,biensenberry.fr,
852942234,"Biens en Ville, l'immobilier Rezéen",http://biensenville.fr/,biensenville.fr,
904352655,BIENS IMMOBILIERS,https://www.biensimmobiliersbergerac.com/,biensimmobiliersbergerac.com,
889892089,BIGLIONE JL IMMOBILIER,https://www.biglionejlimmobilier.fr/fr/agence.html,biglionejlimmobilier.fr,
800170490,Bikube,https://www.bikube.co/fr,bikube.co,
510903081,BILLOM IMMOBILIER,http://www.billom-immobilier.fr/index.php?option=com_annonce&task=nouveaute_new&mID=3952,billom-immobilier.fr,
085580041,BIMBENET,http://www.bimbenet.fr/,bimbenet.fr,
794637579,BISCHOFF IMMOBILIER,http://www.bischoff-immobilier.com/,bischoff-immobilier.com,
492410048,BITZ IMMOBILIER,http://www.bitz-immobilier.eu/,bitz-immobilier.eu,
448019976,BIZEUL IMMOBILIER DINARD,http://www.bizeulimmobilier.com/,bizeulimmobilier.com,
852990746,BKH Immobilier,https://www.bkhimmobilier.fr/,bkhimmobilier.fr,
898746615,Blackstork,https://www.blackstorkimmobilier.com/,blackstorkimmobilier.com,
519772446,BLAIN ET COCHET IMMOBILIER,http://www.blaincochet-immobilier.com/,blaincochet-immobilier.com,
930223920,BLAOW,https://www.blaow.fr/,blaow.fr,
439813023,BLAYEZ Argentat,http://www.blayez-immobilier.fr/,blayez-immobilier.fr,
322768987,BLB Immobilier TEMIC,http://www.blbimmobilier.com/,blbimmobilier.com,
829577394,BLC IMMOBILIER,http://www.blc-immobilier.fr/,blc-immobilier.fr,
453508376,Bleu azur Immobilier,http://www.bleuazur85.com/,bleuazur85.com,
502367204,BLEU HORIZON CABINET IMMOBILIER,https://www.bleu-horizon.pro/,bleu-horizon.pro,
922162862,Bleuet Immobilier,https://www.bleuetimmobilier.fr/,bleuetimmobilier.fr,
410876361,Blois Immo - Agence Immobilière,http://www.blois-immo.fr/,blois-immo.fr,
106538499,BLOOM IMMO,https://www.bloom-immo.com/,bloom-immo.com,
515179190,BLOQUET Tony,http://www.tonybloquetimmobilier.com/,tonybloquetimmobilier.com,
818453177,BLOSSAC SAINT HILAIRE,https://www.agencebsh.com/,agencebsh.com,
898538558,BLOT IMMOBILIER,https://blotimmobilierriom.fr/fr/,blotimmobilierriom.fr,
831289509,BLOTTIERE IMMOBILIER,https://www.blottiereimmo.fr/,blottiereimmo.fr,
454092511,BLOWSENS IMMOBILIER,http://www.blowsens.fr/,blowsens.fr,
532686094,BLV IMMO,https://www.blvimmo.fr/,blvimmo.fr,
913342333,BM Immobilier Bourgogne,https://www.bmimmobilierbourgogne.com/,bmimmobilierbourgogne.com,
993576438,BM VOTRE AGENCE,http://www.bmvotreagence.com/,bmvotreagence.com,
838642650,BMC IMMOBILIER,http://www.bmc-immobilier.fr/,bmc-immobilier.fr,
903287431,BMS IMMO,https://www.bms-immo.fr/,bms-immo.fr,
977515188,BNR IMMOBILIER,https://www.bnr-immobilier.com/,bnr-immobilier.com,
827990748,BO IMMOBILIER,http://www.boimmobilier.com/,boimmobilier.com,
439756297,BOCHATON IMMOBILIER,https://www.bochaton-immobilier.com/,bochaton-immobilier.com,
407527100,BODIN PLAGE IMMOBILIER,https://www.cabinet-hemon.com/,cabinet-hemon.com,
492747027,BOICHARD IMMOBILIER,http://www.boichard-immobilier.com/,boichard-immobilier.com,
403467871,Boileau Immobilier,https://www.boileauimmobilier.fr/fr/,boileauimmobilier.fr,
903752848,BOISVERT IMMOBILIER NEVERS,https://www.boisvert-immobilier.fr/,boisvert-immobilier.fr,
338328685,BOIX IMMOBILIER,"http://www.boix-immobilier.fr/immo,agence-immobiliere-sete.htm",boix-immobilier.fr,
443695572,BOKSER immobilier,http://www.bokserimmobilier.fr/,bokserimmobilier.fr,
940931579,BOLIEU,https://bo-lieu.com/,bo-lieu.com,
538779950,BOLLENGIER immobilier Agence immobilière CASSEL,http://www.bollengierimmo.com/,bollengierimmo.com,
380447607,BOLTZ IMMOBILIER,https://www.boltz-immo.fr/,boltz-immo.fr,
451680805,BON APPART,http://www.bon-appart.fr/,bon-appart.fr,
103878435,BONAPARTE IMMOBILIER,http://www.bonaparte-immobilier.fr/,bonaparte-immobilier.fr,
480119999,Bonave Immobilier,http://www.bonave-immobilier.com/,bonave-immobilier.com,
919641894,BONCOMPAIN IMMO,https://www.boncompain-immo.com/,boncompain-immo.com,
449563931,BONFILS Immobilier Avignon,https://www.bonfils.fr/,bonfils.fr,
889461315,Bonheur à la clé Immobilier,https://www.bonheuralacle.fr/,bonheuralacle.fr,
439360272,BONJOUR IMMOBILIER,http://www.bonjour-immobilier.com/,bonjour-immobilier.com,
843869975,Bonjour Oscar,https://www.bonjour-oscar.com/,bonjour-oscar.com,
504262049,BONNE ETOILE IMMOBILIER CONSEIL,https://www.bonne-etoile-immobilier.fr/,bonne-etoile-immobilier.fr,
841598196,BONNE NOUVELLE IMMOBILIER,http://www.bonnenouvelleimmobilier.fr/,bonnenouvelleimmobilier.fr,
879753291,BONNE VISITE Heyrieux,https://www.bonnevisite.fr/,bonnevisite.fr,
399231307,BONNEFOY IMMOBILIER,https://www.bonnefoy-immobilier.fr/,bonnefoy-immobilier.fr,
879396794,BONNIFACY IMMOBILIER,http://www.bonnifacyimmobilier.fr/,bonnifacyimmobilier.fr,
525365409,BONNOT IMMO,http://www.bonnotimmo.fr/,bonnotimmo.fr,
919703736,BONTE Immobilier,http://www.bonteimmo.com/,bonteimmo.com,
752494344,Booster Immobilier,http://www.booster-immobilier.com/,booster-immobilier.com,
792973216,BORBICONI IMMOBILIER,https://scbi.fr/,scbi.fr,
849165683,Bordeaux Gestion Locative,https://bdx-gestion.fr/,bdx-gestion.fr,
830826459,BORDEAUX PROPERTIES,https://www.bordeaux-properties.com/,bordeaux-properties.com,
902017490,Bordo Immo,https://www.bordo.immo/,bordo.immo,
931977839,BORGES IMMOBILIER,https://borgesimmobilier.com/fr/,borgesimmobilier.com,
423653385,BORGETTO IMMOBILIER,http://borgetto.fr/,borgetto.fr,
971800735,BORNE ET DELAUNAY,http://www.borne-delaunay.com/,borne-delaunay.com,
449566322,BOSCHI IMMOBILIER BEDOIN,https://www.boschi-immobilier.com/,boschi-immobilier.com,
813882974,Bostimmo,http://bostimmo.com/,bostimmo.com,
907693626,BOUCA ET FICHOT TRANSACTION,https://bf-transactions.fr/,bf-transactions.fr,
932596026,BOUDET IMMOBILIER,https://www.boudet-immobilier.com/l-agence,boudet-immobilier.com,
511363897,BOULLAND IMMOBILIER,http://www.boulland-immobilier.fr/,boulland-immobilier.fr,
534584941,Boulle Immobilier Strasbourg,https://www.boulle-immobilier.com/,boulle-immobilier.com,
434170403,BOUMANN IMMOBILIER,https://boumann.immo/fr/,boumann.immo,
821756061,BOUQUIN IMMO,http://www.bouquin-immo.fr/,bouquin-immo.fr,
433794831,BOURBON LANCY IMMOBILIER,http://bourbon-lancy-immobilier.fr/,bourbon-lancy-immobilier.fr,
332122639,BOURGEOIS IMMOBILIER,https://www.bourgeois-immo.com/fr/,bourgeois-immo.com,
452248248,Bourgogne immobilier,http://www.immobilier-chalonsursaone.com/,immobilier-chalonsursaone.com,
820923084,BOURGOGNE PRESTIGE IMMOBILIER,http://www.bourgogne-prestige-immobilier.com/,bourgogne-prestige-immobilier.com,
394483218,Bouriane Immobilier,https://bouriane-immobilier.fr/,bouriane-immobilier.fr,
849403332,BOUTTAZ IMMOBILIER,http://www.bouttaz-immobilier.fr/,bouttaz-immobilier.fr,
510069180,BOUVERI IMMOBILIER,http://www.bouveri.com/,bouveri.com,
830127650,BOVES IMMOBILIER,https://www.boves.immo/fr/,boves.immo,
818381667,BPL IMMOBILIER,https://www.bplimmobilier.fr/,bplimmobilier.fr,
382843639,BPS IMMOBILIER,http://www.bretagne-proprietes.com/,bretagne-proprietes.com,
833370000,BR IMMOBILIER,https://www.br-immo.fr/,br-immo.fr,
901349639,BRAGA IMMOBILIER,https://www.bragaimmobilier.com/,bragaimmobilier.com,
501466767,BRAGATO HDC,https://www.bragatohdc.fr/contact.html,bragatohdc.fr,
412282253,BRAVO IMMO,http://www.bravo-immo.fr/,bravo-immo.fr,
509744504,Breizh-Immobilier,http://www.breizh-immobilier.fr/,breizh-immobilier.fr,
844585265,BREMOND IMMOBILIER Transaction & Promotion,https://bremondimmobilier.fr/,bremondimmobilier.fr,
339303653,BREST AVENIR IMMOBILIER LOCATION,https://www.brest-avenir-immobilier.fr/,brest-avenir-immobilier.fr,
995242757,BRETAGNE IMMO,http://www.bretagneimmo.fr/,bretagneimmo.fr,
903145381,BRETAGNE IMMOBILIER,http://www.bretagne-immobilier.fr/,bretagne-immobilier.fr,
433680642,BRETAGNE SERVICE IMMOBILIER,http://www.bsi-immobilier.com/,bsi-immobilier.com,
499942407,Brette Immobilier,https://www.bretteimmobilier.com/,bretteimmobilier.com,
930699905,Brice NOEL Expert Immobilier,https://www.bricenoel-expertimmobilier.fr/,bricenoel-expertimmobilier.fr,
822648523,BRICK IMMO Aniche,http://www.brick-immo.com/,brick-immo.com,
529900615,BRIDAY IMMOBILIER,http://www.bridayimmobilier.com/,bridayimmobilier.com,
801601790,BRIDGE REAL ESTATE,https://www.bridge-re.com/,bridge-re.com,
819314683,BRIEC IMMOBILIER ET PORZAY IMMOBILIER,http://www.briec-immobilier.com/,briec-immobilier.com,
432956118,BRIENNE IMMOBILIER,http://www.brienneimmobilier.com/,brienneimmobilier.com,
348012709,BRIGITTE SAUVAGER IMMOBILIER,https://www.brigitte-sauvager.com/,brigitte-sauvager.com,
832731095,BRIIS IMMO,http://www.briis-immo.fr/,briis-immo.fr,
893735027,Brindimmo by MPI,https://kevin-dufourd-mpi.fr/,kevin-dufourd-mpi.fr,
794615013,BRUN IMMOBILIER,http://brun-immobilier-belfort.fr/,brun-immobilier-belfort.fr,
101587426,BRUN TRANSACTIONS,http://www.brun-transactions.com/,brun-transactions.com,
512556010,BRUNET IMMOBILIER,http://www.agence-brunet.com/,agence-brunet.com,
880711247,BRUSSIAUD CONSEIL IMMOBILIER,https://brussiaud-conseil.immo/,brussiaud-conseil.immo,
518105861,BRUYERE IMMO,https://www.bruyere-immo.com/,bruyere-immo.com,
431431147,BRUYERE IMMOBILIER LOCATION,https://bruyere-immobilier.com/fr,bruyere-immobilier.com,
823800032,BRUYERES GESTION IMMOBILIERE,http://www.agencedesbruyeres.com/,agencedesbruyeres.com,
333975837,Bréville Immobilier,https://www.breville-nantes-immobilier.com/,breville-nantes-immobilier.com,
852217512,BS IMMO,https://www.rochefortimmobilier.fr/fr,rochefortimmobilier.fr,
502182033,BSI EST PARISIEN,http://www.bsi94.com/,bsi94.com,
798888756,BSLE GESTION,http://www.bsleimmo.com/,bsleimmo.com,
809194335,BSLIMMO,http://www.bslimmo.com/,bslimmo.com,
815120365,BUCHY IMMOBILIER,http://www.buchy-immobilier.com/,buchy-immobilier.com,
392006730,BUET IMMOBILIER,http://www.buet-immobilier.com/,buet-immobilier.com,
434220786,Bugey immobilier,http://www.bugeyimmobilier.com/,bugeyimmobilier.com,
949072235,Bureau Sully Immobilier,http://www.bureausully.com/,bureausully.com,
519887517,BUREAUX IMMOBILIERS DU PLATEAU,https://www.agence-bip-balland.com/,agence-bip-balland.com,
517898201,BUËCH DÉVOLUY IMMO,http://www.buech-devoluy.com/,buech-devoluy.com,
491295465,BV IMMOBILIER,https://bv-immobilier.com/fr/,bv-immobilier.com,
878796424,BVBA IMMOBILIER,https://www.bvbaimmobilier.com/,bvbaimmobilier.com,
952389260,BVR Immobilier,https://www.bvr-immobilier.com/,bvr-immobilier.com,
484508585,By FOXImmO,http://www.villavue.fr/,villavue.fr,
912779287,BY.Immobilier,https://www.byimmobilier.lu/,byimmobilier.lu,
981146525,Byrotheau Immobilier,http://www.byrotheau.fr/,byrotheau.fr,
533866430,BZH GROUPE IMMOBILIER,https://www.groupe-bzh.fr/,groupe-bzh.fr,
890296510,Bêfi Conseils,https://www.beficonseils.com/,beficonseils.com,
890712029,C COMME CHEZ VOUS,http://www.ccommechezvous.com/,ccommechezvous.com,
929770907,C L'Agence,http://www.clagence.com/,clagence.com,
822582474,C&M IMMOBILIER,http://www.cm-immo.fr/,cm-immo.fr,
831317961,C&M IMMOBILIER,http://www.immocm.fr/,immocm.fr,
880519582,C&M IMMOBILIER,http://www.cmimmo.net/,cmimmo.net,
272800020,C'CHARTRES HABITAT,https://agence-c-chartres-habitat.com/,agence-c-chartres-habitat.com,
839683281,C'EST POUR TON BIEN,https://www.cestpourtonbien.com/,cestpourtonbien.com,
831746078,C'TOUTAIN et A'LAVENNE IMMOBILIER,http://www.ctoutainimmobilier.com/,ctoutainimmobilier.com,
521320952,C-L'IMMO,https://www.c-limmo.fr/,c-limmo.fr,
880506852,C-MOBI FLOIRAC,https://www.cmobi.fr/,cmobi.fr,
379427339,C.BARRE IMMOBILIER,http://www.barre-immobilier.fr/,barre-immobilier.fr,
841461957,C.D. IMMOBILIER - Courville sur Eure,http://www.agencecdimmobilier.fr/,agencecdimmobilier.fr,
801433269,C.IMMO,http://www.cimmo34.fr/,cimmo34.fr,
530188440,C2i SUD OUEST,http://www.c2i-sudouest.com/,c2i-sudouest.com,
814969325,C2M IMMOBILIER,http://www.c2m.immo/,c2m.immo,
834190514,C2R,http://www.chasseur2renta.fr/,chasseur2renta.fr,
494832900,C2SI,http://c2s-immo.com/,c2s-immo.com,
824227763,C3H IMMO | Agence immobilière,https://www.c3himmo.com/,c3himmo.com,
905174975,Cabinet 2D Immobilier,https://www.cabinet2dimmobilier.com/,cabinet2dimmobilier.com,
478843543,CABINET 3000,http://www.cabinet3000.fr/,cabinet3000.fr,
890289457,Cabinet A&G,http://www.cabinet-a-g.fr/,cabinet-a-g.fr,
828741694,CABINET A.MOUCHIROUD,https://www.mouchiroud-transactions.com/fr/,mouchiroud-transactions.com,
793175811,Cabinet ABI,https://www.cabinet-abi.fr/,cabinet-abi.fr,
910003896,Cabinet ACIS - FRANCE,https://ac-immobiliers.fr/,ac-immobiliers.fr,
838762672,Cabinet Agir immobilier,https://www.agir-immobilier.com/,agir-immobilier.com,
393744818,CABINET ANDRE GUERBERT,http://www.cabinet-guerbert.fr/,cabinet-guerbert.fr,
880798327,CABINET ARIK PROPERTY,https://arikproperty.com/,arikproperty.com,
377790464,Cabinet Atlas Immobilier,https://www.atlas-immo78.com/,atlas-immo78.com,
922148903,CABINET AUGUSTE IMMOBILIER,https://www.cabinetauguste.fr/,cabinetauguste.fr,
440192482,CABINET B. ALLEMAND,https://www.cabinetallemand.fr/,cabinetallemand.fr,
320567506,CABINET BACHELLERIE,https://www.bachellerie.immo/,bachellerie.immo,
320915804,CABINET BALNY & ASSOCIES Nogent-sur-Oise,http://www.cabinet-balny.com/,cabinet-balny.com,
343608113,Cabinet Barme agence immobilière sur Toulon,https://www.barme-immobilier.com/,barme-immobilier.com,
327843546,CABINET BEDIN IMMOBILIER,http://www.cabinet-bedin.com/,cabinet-bedin.com,
300717246,CABINET BEILLARD,http://www.cabinet-beillard.com/,cabinet-beillard.com,
332073238,CABINET BENOIT,http://www.immobilier-benoit.com/,immobilier-benoit.com,
873802201,Cabinet Bertaud-Graff,https://bertaudgraff-immobilier.com/,bertaudgraff-immobilier.com,
384035903,CABINET BERTRAND,http://cabinet-bertrand.fr/,cabinet-bertrand.fr,
057502007,CABINET BESSON,http://www.cabinet-besson.fr/,cabinet-besson.fr,
523318368,CABINET BIELSA IMMOBILIER,https://www.bielsa-immobilier.com/,bielsa-immobilier.com,
799251459,Cabinet Blactot,http://cabinetblactot.com/fr,cabinetblactot.com,
814126777,CABINET BLIQUE,http://www.cabinetblique.fr/,cabinetblique.fr,
491534517,CABINET BLOUIN IMMOBILIER,http://www.blouin-immo.com/,blouin-immo.com,
766800171,Cabinet Bonnabelle,http://www.bonnabelle.fr/,bonnabelle.fr,
824081772,CABINET BONNENFANT,http://www.cabinet-bonnenfant.fr/,cabinet-bonnenfant.fr,
817624539,Cabinet Bono,https://www.immobono.fr/,immobono.fr,
303610042,CABINET BOUCOMONT,http://www.cabinet-boucomont.com/,cabinet-boucomont.com,
344111208,CABINET BOUGON FILS,http://cabinet-bougon.fr/,cabinet-bougon.fr,
479971525,CABINET BOUJAN,http://www.immo-boujan.fr/,immo-boujan.fr,
434179750,Cabinet Boureau,https://www.cabinetboureau.com/,cabinetboureau.com,
382380152,CABINET BOZZOLI GOBIN,http://www.cdj-immo.fr/,cdj-immo.fr,
904299237,CABINET BRULEBOIS,https://www.cabinetbrulebois.fr/,cabinetbrulebois.fr,
778157685,CABINET BRUNO,https://cabinetbruno.com/fr/,cabinetbruno.com,
532567245,Cabinet Buisantin,http://www.cabinet-buisantin.fr/,cabinet-buisantin.fr,
794584425,CABINET CADORET IMMOBILIER,https://www.cadoret-immobilier.com/,cadoret-immobilier.com,
479743429,CABINET CARNIEL,http://www.cabinet-carniel.immo/,cabinet-carniel.immo,
501490916,CABINET CASELLAS,http://www.casellas.fr/,casellas.fr,
791767924,CABINET CB IMMOBILIER,https://www.cb-immobilier-64.fr/,cb-immobilier-64.fr,
827834151,CABINET CENTRAL IMMOBILIER,http://www.centralimmobilier.com/,centralimmobilier.com,
833189400,CABINET CERI PIERREFONDS,http://www.cabinet-ceri.com/,cabinet-ceri.com,
383360633,CABINET CETI,http://www.ceti-immo.com/,ceti-immo.com,
303670004,CABINET CHARBONNIER,http://www.cabinet-charbonnier.com/,cabinet-charbonnier.com,
324019934,CABINET CHARPY,https://www.cabinetcharpy.com/,cabinetcharpy.com,
444576706,CABINET CHATEAUBRIAND IMMOBILIER,http://www.cabinetchateaubriand.com/,cabinetchateaubriand.com,
393387683,CABINET CHAUVET CONSEIL IMMOBILIER,http://www.cabinetchauvet.com/,cabinetchauvet.com,
403065477,CABINET CHRISTOPHE CAPELLE,http://www.capellechristopheimmo.fr/,capellechristopheimmo.fr,
981072911,CABINET CIEM ET ASSOCIES,https://www.cabinetciem.fr/,cabinetciem.fr,
309113694,CABINET CLAUDE SANCHEZ,http://www.cabinet-sanchez.fr/,cabinet-sanchez.fr,
410250146,CABINET CLEMENCEAU,http://cabinetclemenceau.com/,cabinetclemenceau.com,
438140014,CABINET CLERMONT PROVINCE,http://www.clermontprovince.com/,clermontprovince.com,
901559369,Cabinet Cobalt Immobilier,https://www.cobalt-immobilier.fr/,cobalt-immobilier.fr,
498844034,CABINET CONSEIL IMMOBILIER,http://www.cabinet-conseil-immo.com/,cabinet-conseil-immo.com,
886580166,CABINET CORNIL,http://www.cornil-immobilier-tourcoing.com/,cornil-immobilier-tourcoing.com,
750350886,CABINET COUBERTIN,https://www.cabinetcoubertin.fr/,cabinetcoubertin.fr,
504691718,CABINET COUSIN,http://www.acheter-un-commerce-en-normandie.fr/,acheter-un-commerce-en-normandie.fr,
343585865,Cabinet CREDASSUR,https://www.credassur.com/,credassur.com,
478721160,CABINET D AFFAIRES PANIER ET AMETEAU,http://www.panier-ameteau.com/,panier-ameteau.com,
528669096,CABINET D'ADMINISTRATION BIENS CHEMIN BOYET,https://www.cheminboyet.fr/,cheminboyet.fr,
528295462,CABINET D'AFFAIRES THEMIS,http://www.cabinet-themis.fr/,cabinet-themis.fr,
403379423,CABINET DANIEL MARTIN,http://www.cabinet-daniel-martin.com/,cabinet-daniel-martin.com,
752224378,CABINET DANIEL VETU,http://www.daniel-vetu-immobilier.fr/,daniel-vetu-immobilier.fr,
444613814,CABINET DE BERRANGER,https://www.cabinetdeberranger.fr/,cabinetdeberranger.fr,
444610125,Cabinet de Charry,https://www.decharry-immobilier.com/,decharry-immobilier.com,
393703384,CABINET DE LA CITE LOCATIONS,http://www.cabinetdelacite.fr/,cabinetdelacite.fr,
498296128,CABINET DE LESSEPS,https://www.cabinet-de-lesseps.com/,cabinet-de-lesseps.com,
817605330,Cabinet de l’île,http://www.cabinetdelile.fr/,cabinetdelile.fr,
402276612,CABINET DE PIERREFEU,http://www.cabinetdepierrefeu.com/,cabinetdepierrefeu.com,
879619807,Cabinet De Quenetain,https://www.dequenetain.fr/,dequenetain.fr,
408708303,CABINET DE SIMENCOURT,http://www.de-simencourtimmobilier.fr/,de-simencourtimmobilier.fr,
480022151,CABINET DELAHAYE,http://www.cabinetdelahaye.fr/,cabinetdelahaye.fr,
776384695,CABINET DELOMIER,http://www.delomier.fr/,delomier.fr,
480730100,Cabinet Delta Immobilier,http://cabinetdelta.com/,cabinetdelta.com,
301500252,Cabinet DEMULDER,http://www.demulder.fr/,demulder.fr,
399212471,Cabinet Dero Renard,http://www.immorenard.com/,immorenard.com,
891316143,CABINET DESCROIX,https://descroiximmobilier.com/,descroiximmobilier.com,
379086085,CABINET DIARD IMMOBILIER CHATEAUBOURG,http://www.cabinet-diard-immobilier.fr/agences-immobilieres-ille-et-vilaine.html,cabinet-diard-immobilier.fr,
509612438,CABINET DIEUMEGARD,http://www.dieumegard.com/,dieumegard.com,
528171622,CABINET DITTO IMMOBILIER,https://www.ditto-immobilier.com/,ditto-immobilier.com,
448539072,CABINET DREUMONT NICOLAS,http://www.dreumont-immobilier.fr/,dreumont-immobilier.fr,
324072768,CABINET DU REVELLY,http://www.cabinet-revelly.com/,cabinet-revelly.com,
791984255,CABINET DUBERNAT SAS,https://www.dubernat.com/,dubernat.com,
821598851,Cabinet Dubois Immobilier Fontainebleau,http://www.cabinetduboisimmobilier.fr/,cabinetduboisimmobilier.fr,
830167680,CABINET DUMAS DESCHARMES,http://www.cabinet-robert-dumas.fr/,cabinet-robert-dumas.fr,
453803124,CABINET DZELEBDZIC,http://www.cabinet-dzelebdzic.fr/,cabinet-dzelebdzic.fr,
331551481,Cabinet Echinard Immobilier Beaune,http://www.echinard.com/,echinard.com,
434263349,Cabinet Emotion Real Estate,https://www.emotion-realestate.com/,emotion-realestate.com,
958804866,CABINET EUROPAZUR,http://www.europazur.fr/,europazur.fr,
328401963,CABINET EVEN DU FOU,http://www.evendufou.fr/,evendufou.fr,
881925911,CABINET F.E.I,http://www.cabinet-fei.com/,cabinet-fei.com,
383914637,Cabinet Faudais,http://www.cabinet-faudais.com/,cabinet-faudais.com,
501230049,CABINET FAURE IMMOBILIER,https://www.cabinetfaureimmobilier.fr/,cabinetfaureimmobilier.fr,
572122869,CABINET FD LAVERDET,https://www.fdlaverdet.com/,fdlaverdet.com,
389552571,CABINET FETIZONS,http://www.fetizonsimmobilier.fr/,fetizonsimmobilier.fr,
329197586,CABINET FICAT MOULAS,http://www.ficatmoulas.com/,ficatmoulas.com,
887674646,Cabinet Fides Immobilier,https://www.fides-immobilier.com/,fides-immobilier.com,
827757279,CABINET FLAMMANT IMMOBILIER,http://www.cabinetflammant.com/,cabinetflammant.com,
513010256,CABINET FOLLIET,http://www.folliet.fr/,folliet.fr,
993105790,Cabinet Fontaine - IMMOBILIER CREVECOEUR,http://www.cabinetfontaine.fr/,cabinetfontaine.fr,
382218121,CABINET FRUCHET,http://www.chantonnay-immobilier.com/,chantonnay-immobilier.com,
834654428,CABINET GABARD IMMOBILIER,http://www.gabard-immobilier.fr/,gabard-immobilier.fr,
810790725,Cabinet GALLIEN,http://www.cabinetgallien.fr/,cabinetgallien.fr,
483712378,Cabinet GALLIOT,https://galliot-immobilier.com/,galliot-immobilier.com,
409556644,Cabinet Gifa,http://www.cabinet-gifa.com/fr/,cabinet-gifa.com,
394123384,CABINET GINET,http://www.ginet.fr/,ginet.fr,
481880037,CABINET GIRAUD IMMOBILIER,https://www.giraudimmo.com/,giraudimmo.com,
429021165,CABINET GIROND / ABCD'IMMO,https://www.cabinet-girondin.com/,cabinet-girondin.com,
445142953,CABINET GIRONDE IMMOBILIER,https://www.cgi33.fr/,cgi33.fr,
850609694,CABINET GOBERT SZYPULA GESTION IMMOBILIERE,https://gs.immo/,gs.immo,
844740936,cabinet Golfe d'amour immobilier,http://ga-immobilier.com/,ga-immobilier.com,
819632373,CABINET GOSMAT IMMOBILIER,http://www.gosmat-immobilier.com/,gosmat-immobilier.com,
453289720,CABINET GRAND SUD,http://www.immo34.fr/,immo34.fr,
480970532,CABINET GRENECHE IMMOBILIER,http://www.grenecheimmo.fr/,grenecheimmo.fr,
385054432,CABINET GRIMAZ,https://cabinet-grimaz.com/,cabinet-grimaz.com,
340370774,CABINET GTI IMMOBILIER Paris 15,https://www.gtiimmo.com/fr,gtiimmo.com,
408691715,CABINET GUEDON - CHATEAU GONTIER,http://www.guedon-immobilier.com/index.php,guedon-immobilier.com,
494800220,CABINET GUEMENE,http://www.cabinet-guemene.fr/fr/agence.htm,cabinet-guemene.fr,
424462414,CABINET GUILLAUME,https://cabinetguillaume.fr/,cabinetguillaume.fr,
993163310,CABINET H3C IMMO PARTENAIRES,http://www.cabinet-h3c.com/,cabinet-h3c.com,
523406957,CABINET HABILIS,https://www.cabinet-habilis.com/nos-agences.html,cabinet-habilis.com,
383791274,Cabinet Heurtier Location Transaction,https://www.cabinet-heurtier.fr/,cabinet-heurtier.fr,
411801491,Cabinet Hoche,https://www.cabinethoche.com/,cabinethoche.com,
334883097,CABINET HUCHET,https://www.cabinet-huchet.fr/,cabinet-huchet.fr,
489317339,Cabinet Husser et Stocki,https://husser-stocki.fr/,husser-stocki.fr,
504267188,CABINET IMMO 2M,http://www.immo2m.com/,immo2m.com,
828011205,CABINET IMMOBILIER AMIENOIS,http://www.cabinet-immobilier-amienois.fr/,cabinet-immobilier-amienois.fr,
340066307,CABINET IMMOBILIER BARENTINOIS,http://www.cib76.fr/,cib76.fr,
479276685,Cabinet immobilier BIENAIME,http://www.cabinet-bienaime.fr/,cabinet-bienaime.fr,
305393167,CABINET IMMOBILIER BOULET,http://www.boulet-immo.com/,boulet-immo.com,
484515994,Cabinet Immobilier des Limites,http://cil-immo.com/,cil-immo.com,
492079082,Cabinet Immobilier Descolas,https://www.immobilier-descolas.com/,immobilier-descolas.com,
998096010,CABINET IMMOBILIER DIFFUSION,http://www.cid-immobilier.fr/1753-notre-agence/,cid-immobilier.fr,
914048970,Cabinet Immobilier Direct Home 44,https://www.directhome44.com/,directhome44.com,
658500509,CABINET IMMOBILIER DROMSON,http://www.dromson-immobilier.com/,dromson-immobilier.com,
848780334,CABINET IMMOBILIER DU BEARN DES GAVES,https://www.cabinetimmo-bearndesgaves.com/fr/,cabinetimmo-bearndesgaves.com,
929941748,CABINET IMMOBILIER DU MOULIN,https://cabinetdumoulin.com/,cabinetdumoulin.com,
442043295,CABINET IMMOBILIER GESSIEN,https://www.immobiliergessien.fr/,immobiliergessien.fr,
524026374,CABINET IMMOBILIER HYVRARD ANDRE,http://www.cabinethyvrard.fr/,cabinethyvrard.fr,
480135300,CABINET IMMOBILIER LEJEUNE,http://www.lejeuneimmobilier.fr/,lejeuneimmobilier.fr,
523557544,Cabinet immobilier Marie-France Destombes,https://www.mfdestombes-immobilier.fr/,mfdestombes-immobilier.fr,
930727821,CABINET IMMOBILIER NICE,https://cabinetimmobiliernice.com/,cabinetimmobiliernice.com,
509544334,CABINET IMMOBILIER PLOUHINEC,http://www.cabinet-immobilier-plouhinec.fr/,cabinet-immobilier-plouhinec.fr,
493860555,Cabinet immobilier regional,http://www.agencecir.com/,agencecir.com,
498714757,Cabinet Immobilier REPPEL,http://www.immoreppel.fr/,immoreppel.fr,
343776373,CABINET IMMOBILIER RIPOLL,https://www.cabinet-ripoll.com/,cabinet-ripoll.com,
821040615,CABINET IMMOBILIER ROZENN MELSCOET,http://www.cabinetrozennmelscoet.com/,cabinetrozennmelscoet.com,
498040914,CABINET INVESTIM,http://www.immobilier-investim.com/,immobilier-investim.com,
830086435,CABINET IPM,https://www.ipm-immobilier.com/,ipm-immobilier.com,
473202711,Cabinet J & P DIEU,https://www.dieu-immobilier.com/,dieu-immobilier.com,
791345150,CABINET J. ROUSSEAUX,http://www.agence-rousseaux.fr/,agence-rousseaux.fr,
309331882,Cabinet Jean Haméon,https://cabinet-hameon.fr/,cabinet-hameon.fr,
432084762,CABINET JEAN JACQUES CHAMPION,http://www.cabinet-champion.immo/,cabinet-champion.immo,
392349353,CABINET JEAN-YVES LANDECY,https://www.landecy.fr/,landecy.fr,
339599516,Cabinet Jeanselme,https://www.immojeanselme-valence.fr/,immojeanselme-valence.fr,
538689142,CABINET JL IMMOBILIER,http://www.cabinet-jlimmo.com/,cabinet-jlimmo.com,
509266466,CABINET JOEL PIZY,http://www.cabinet-joel-pizy.com/,cabinet-joel-pizy.com,
390315620,CABINET JONATHAN,http://www.cabinet-jonathan.com/,cabinet-jonathan.com,
752375311,CABINET JOSEPH SERRE,http://www.serre-gestion.com/,serre-gestion.com,
977892017,Cabinet KS Immobilier,https://www.ks-immobilier-seillons.fr/,ks-immobilier-seillons.fr,
910745280,Cabinet La Clef,https://cabinetlaclef.com/,cabinetlaclef.com,
315903351,Cabinet Lachassagne,https://www.cabinet-lachassagne.fr/,cabinet-lachassagne.fr,
307772269,CABINET LAUGIER FINE,http://laugierfine.immo/,laugierfine.immo,
752955690,Cabinet Laurens Immo Conseils,http://www.le-cabinet-immobilier.fr/,le-cabinet-immobilier.fr,
451476915,CABINET LEBRETON,http://www.cabinetlebreton.com/,cabinetlebreton.com,
394041412,Cabinet LECOMTE,https://www.lecomtesyndic.fr/,lecomtesyndic.fr,
487509531,CABINET MESMACQUE,http://www.cabinet-mesmacque.fr/,cabinet-mesmacque.fr,
789429875,CABINET MGM,http://www.cabinet-mgm.fr/,cabinet-mgm.fr,
331673020,CABINET MICHEL DE CHABANNES,http://www.micheldechabannes.fr/,micheldechabannes.fr,
431644418,CABINET MICHEL SIMOND,http://www.msimond.fr/cabinets/poitou-charente/vienne/cabinet-427,msimond.fr,
498641877,Cabinet Million,https://www.cabinet-million.fr/,cabinet-million.fr,
513738112,CABINET MOLIERES,http://www.agenceimmo-molieres.com/,agenceimmo-molieres.com,
520120197,Cabinet MORIN Immobilier,http://www.morin-immo.com/,morin-immo.com,
503739591,CABINET MOSNIER,https://www.cabinet-mosnier.fr/,cabinet-mosnier.fr,
451959266,CABINET MOUYAL,http://www.cabinetmouyal.fr/,cabinetmouyal.fr,
390457745,CABINET NOE IMMOBILIER,http://noe-immobilier.com/,noe-immobilier.com,
487698904,Cabinet Négo'56 -Immobilier Professionnel &Habitat,https://www.nego56.com/,nego56.com,
423070358,CABINET OCCITAN,http://www.cabinet-occitan.fr/,cabinet-occitan.fr,
527549794,Cabinet Occitan,http://www.cabinetoccitan.fr/,cabinetoccitan.fr,
507950046,CABINET OLIVIER PLAINE,https://www.cabinetolivierplaine.fr/,cabinetolivierplaine.fr,
823298369,CABINET OLLIERIC,http://www.cabinet-ollieric.fr/,cabinet-ollieric.fr,
939398616,CABINET OMNIA,http://www.cabinetomnia.com/,cabinetomnia.com,
511156499,CABINET PANACIONNE IMMOBILIER,http://www.panaccione-immobilier.fr/,panaccione-immobilier.fr,
069800464,CABINET PAUL STEIN TRANSACTION,https://www.stein-immo.fr/,stein-immo.fr,
322747486,CABINET PECOUL,http://www.cabinetpecoul.com/,cabinetpecoul.com,
753363589,CABINET PELLEGRIN IMMOBILIER,https://www.cabinet-pellegrin.fr/,cabinet-pellegrin.fr,
504164393,Cabinet PETOLAT - Delort Immobilier,http://petolat-immobilier.com/,petolat-immobilier.com,
387603061,Cabinet PETRUCCI CONVERT,https://www.cpc.immo/,cpc.immo,
652881053,CABINET PIERRE GINESTET,http://www.ginestetimmo.com/,ginestetimmo.com,
403090889,CABINET PIGE ET ASSOCIES,http://www.pigeimmobilier.fr/,pigeimmobilier.fr,
382577609,CABINET PONEL,http://www.ponel-immobilier.fr/,ponel-immobilier.fr,
318027083,CABINET POULET IMMOBILIER,http://www.pouletimmobilier.fr/,pouletimmobilier.fr,
504625401,Cabinet Prestige Atlantique,https://www.prestigeatlantique.com/,prestigeatlantique.com,
347421562,CABINET PUGET IMMOBILIER,https://www.puget-immobilier.fr/,puget-immobilier.fr,
791635550,CABINET R ET G IMMOBILIER,https://www.cabinet-rg-immobilier.com/,cabinet-rg-immobilier.com,
342097201,CABINET RABAU DARCHAND,https://www.rabaudarchand.com/,rabaudarchand.com,
300287141,CABINET RAYMOND,https://www.ruthen-immo.fr/,ruthen-immo.fr,
353210206,CABINET RECA,http://www.cabinet-reca.fr/,cabinet-reca.fr,
831913322,CABINET RGI TRANSACTION,https://rgitransaction.com/,rgitransaction.com,
485008965,CABINET RICHOMME ET ASSOCIES,https://www.richomme-immobilier.fr/,richomme-immobilier.fr,
562084145,CABINET ROGER BORDAT,http://www.roger-bordat.fr/,roger-bordat.fr,
490152717,CABINET ROLLAND ET GIROT,http://www.cabinet-rolland-girot.com/,cabinet-rolland-girot.com,
349101907,CABINET ROUERGAT,https://www.cabinetrouergat.com/,cabinetrouergat.com,
879867067,Cabinet S.T & Associées,https://www.syndic-st-associees.com/,syndic-st-associees.com,
342031507,CABINET SABOT GEORGES,http://www.cabinetgeorgessabot.fr/,cabinetgeorgessabot.fr,
980991780,CABINET SAINT CHARLES,https://www.cabinetsaintcharles.fr/,cabinetsaintcharles.fr,
443082409,CABINET SAINT MARTIN,http://www.immosaintmartin.com/,immosaintmartin.com,
950417675,CABINET SALMON,http://cabinetsalmon.fr/,cabinetsalmon.fr,
414893180,Cabinet Saloux immobilier,http://www.saloux-immobilier.fr/,saloux-immobilier.fr,
529034381,Cabinet Savonitto,https://www.cabinet-savonitto.com/,cabinet-savonitto.com,
449145390,CABINET SCARSINI,http://www.scarsini.fr/,scarsini.fr,
952634616,CABINET SEMENE,https://www.semene.com/,semene.com,paramètres de suivi retirés
918138066,Cabinet Signature Groupe,http://www.cabinet-signature.fr/,cabinet-signature.fr,
813857901,CABINET SITEA,https://www.sitea-immo.com/,sitea-immo.com,
842737371,CABINET SOCRATE,https://www.cabinet-socrate.fr/,cabinet-socrate.fr,
441781853,CABINET SPOHN VILLEROY,http://www.agencespohnvilleroy.com/,agencespohnvilleroy.com,
877808261,CABINET STIL IMMOBILIER,https://www.stil-immo.fr/,stil-immo.fr,
300031366,Cabinet Tapissier & Associés,https://cabinettapissier.fr/,cabinettapissier.fr,
799760376,CABINET TEMPERE IMMOBILIER,https://www.tempereimmobilier.fr/,tempereimmobilier.fr,
788117968,CABINET TERRIER,http://www.cabinetterrier.com/,cabinetterrier.com,
817897937,CABINET TRAVERSO,http://www.cabinet-traverso.fr/,cabinet-traverso.fr,
350246591,Cabinet Universal Transaction & Partners,http://universal-transaction.fr/,universal-transaction.fr,
828111781,CABINET VAN EECKE,http://cabinetvaneecke.fr/,cabinetvaneecke.fr,
789583218,CABINET VASSE,http://www.cabinet-vasse.com/fr/,cabinet-vasse.com,
567350046,CABINET VERAIN,http://www.verain-immobilier.com/,verain-immobilier.com,
520240136,CABINET VERILHAC,http://www.cabinetverilhac.fr/,cabinetverilhac.fr,
517530275,CABINET VERREY,http://www.cabinet-verrey.com/,cabinet-verrey.com,
990875924,CABINET VERSANT EPERNAY,https://www.cabinet-versant.com/,cabinet-versant.com,
502612815,Cabinet Vogue,https://cabinetvogue.com/,cabinetvogue.com,
750607400,CABINET WURM IMMOBILIER,http://www.immo-cw.fr/,immo-cw.fr,
479801680,Cabinet Y Le Moël LMI,https://www.lemoel-immobilier.com/,lemoel-immobilier.com,
529721698,Cabinet Yvanez Immobilier,https://www.cabinet-yvanez-immobilier.com/,cabinet-yvanez-immobilier.com,
913261178,CABINET ZELOS IMMOBILIER,https://www.zelosimmobilier.com/,zelosimmobilier.com,
814790275,CABIREAU IMMOBILIER,http://maison-appartement-lacanau.com/,maison-appartement-lacanau.com,
894117969,CABLAT IMMOBILIER.,http://www.cablat-immobilier.com/,cablat-immobilier.com,
482800398,Cad'immo SAS,http://www.cad-immo.com/,cad-immo.com,
420824526,CADALEN IMMOBILIER,http://www.agencescadalen.com/,agencescadalen.com,
880300470,CADRE D'ENVIES,https://www.cadredenvies.fr/,cadredenvies.fr,
813217254,CAEN NORD IMMOBILIER,http://www.caen-nord-immobilier.com/,caen-nord-immobilier.com,
480908888,CAFAC,http://www.cafacimmo.fr/,cafacimmo.fr,
848590717,CAFE DE L'IMMO,https://www.cafedelimmo.com/,cafedelimmo.com,
444805139,CAFHORE - FTCI,http://www.cafhore.fr/,cafhore.fr,
451107551,CAGIM-SOGEDIM,https://www.cagim-sogedim.fr/,cagim-sogedim.fr,
309191005,CAHORS IMMOBILIER GESTION,https://www.cahorsimmobilier.fr/,cahorsimmobilier.fr,
404121055,CAILLIAU ET LE GARO IMMOBILIER,http://www.clg-immobilier.fr/,clg-immobilier.fr,
908753197,CAIRN Immobilier,https://www.cairnimmobilier.fr/,cairnimmobilier.fr,
944690262,Calathéa Immobilier,https://calathea-immobilier.com/,calathea-immobilier.com,
334780798,CALINI L'IMMOBILIER CONSEIL,https://www.calini.com/,calini.com,
821250701,CALIXTE IMMOBILIER,https://www.calixte.immo/,calixte.immo,
504470725,Calizi Immobilier,https://www.calizimmo.com/,calizimmo.com,
480258177,CALLIOPE IMMOBILIER,http://www.calliope-immobilier.com/,calliope-immobilier.com,
503245219,CAMA IMMOBILIER,http://www.camaimmobilier.com/,camaimmobilier.com,
894809771,CAMILOTTO LOCATION,http://www.camilottolocation.com/,camilottolocation.com,
437512767,CANAL IMMO,http://www.canalimmo.com/,canalimmo.com,
435318738,Canat & Warton,https://www.saintraphaelimmobilier.fr/,saintraphaelimmobilier.fr,
891505901,CANDICE THOREL IMMOBILIER,https://www.candice-thorel-immobilier.com/,candice-thorel-immobilier.com,
983358987,Candy GABRY,https://www.newdealimmobilier.fr/,newdealimmobilier.fr,
521551952,CANNES AZUR IMMOBILIER,http://www.cannes-azur-immobilier.com/,cannes-azur-immobilier.com,
434341772,CANNES CONSEIL IMMOBILIER,http://www.canneshorizon.fr/,canneshorizon.fr,
918385436,CANOPEE,http://lacanopee.immo/,lacanopee.immo,
840373757,CANOPIA,http://canopia.co/,canopia.co,
451375190,CANTARD IMMOBILIER,http://www.agence-cantard.fr/,agence-cantard.fr,
993057025,CAP BRETAGNE IMMOBILIER,https://capbretagneimmobilier.com/,capbretagneimmobilier.com,
317783561,CAP BRUN,http://www.immobiliereducapbrun.fr/,immobiliereducapbrun.fr,
821982501,CAP CAUX IMMOBILIER,http://www.capcauximmo.com/,capcauximmo.com,
501051288,CAP CONSEIL IMMOBILIER,http://www.capconseil-immobilier.fr/,capconseil-immobilier.fr,
823242441,CAP CONSEIL IMMOBILIER,http://www.capconseil-immobilier.com/fr/,capconseil-immobilier.com,
812086817,CAP HOME IMMOBILIER,http://www.caphome-immobilier.fr/,caphome-immobilier.fr,
434061255,CAP SUD IMMOBILIER,https://www.capsudimmobilier.com/,capsudimmobilier.com,
493405047,CAP SUD IMMOBILIER,http://www.cap-sud-immobilier.fr/,cap-sud-immobilier.fr,
805210812,CAP TALDEA,https://captaldea.com/fr/,captaldea.com,
804838076,CAP TRANSACTIONS,http://www.cap-transactions.com/,cap-transactions.com,
498862051,CAP-EST-IMMO,http://www.cap-est-immo.fr/,cap-est-immo.fr,
918817032,CAP-MAY IMMOBILIER,https://www.cap-may.re/,cap-may.re,
819757675,Capgest immo,https://www.capgest-immo.fr/,capgest-immo.fr,
527721187,CAPIM FOUGERES,http://www.capim-immobilier.com/,capim-immobilier.com,
403053846,CAPIMMO,http://www.capimmo83.com/,capimmo83.com,
531293991,CAPITAL CONSEIL IMMO,http://www.capital-conseil-immo.com/,capital-conseil-immo.com,
530273291,CAPITAL CROISSANCE IMMOBILIER,https://capitalcroissance.net/,capitalcroissance.net,
480188689,CAPITAL IMMOBILIER,http://www.capitalimmobilier.fr/,capitalimmobilier.fr,
821260759,CAPITAL IMMOBILIER,http://www.capitalimmobilier.net/,capitalimmobilier.net,
842655508,CAPITAL IMMOBILIER,https://www.capital-immobilier.fr/fr,capital-immobilier.fr,
879476992,CAPITAL PIERRE IMMOBILIER CONSEIL,http://www.capital-pierre-immobilier.fr/,capital-pierre-immobilier.fr,
852948876,CAPITAL TRANSACTION,https://capitaltransaction.fr/,capitaltransaction.fr,
534828900,CAPITELLE IMMOBILIER,http://www.capitelle-immobilier.com/,capitelle-immobilier.com,
388636292,CAPITOLE GESTION,https://capitolegestion2.live-website.com/,capitolegestion2.live-website.com,
418763975,CAPRIM,http://www.igs-caprim.com/,igs-caprim.com,
107408551,CAPRON IMMOBILIER,http://www.capronimmobilier.bzh/,capronimmobilier.bzh,
841620750,CAPRON IMMOBILIER,http://www.capronimmobilier.fr/,capronimmobilier.fr,
883553356,CAPSULE CORP,https://www.capsulecorpimmo.com/,capsulecorpimmo.com,
819792524,Captain,https://captain.fr/,captain.fr,
912046091,CAPVALIM,http://www.capvalim.com/,capvalim.com,
931863112,CARACAS IMMOBILIER,https://www.caracasimmobilier.fr/,caracasimmobilier.fr,
881465322,CARACTERES IMMOBILIER,https://caracteres-immobilier.fr/fr/,caracteres-immobilier.fr,
883461345,CARBONNEL Immobilier Nègrepelisse,https://www.carbonnelimmobilier.com/,carbonnelimmobilier.com,
843051491,CARCES IMMOBILIER,http://www.carcesimmobilier.com/,carcesimmobilier.com,
538442252,Cardinal Immobilier 31,http://www.cardinalimmobilier.fr/,cardinalimmobilier.fr,
851765602,CAREL IMMOBILIER,http://www.carelimmobilier.fr/,carelimmobilier.fr,
883676793,CARIBBEAN STANDARD IMMOBILIER,http://www.csimq.com/,csimq.com,
937874691,Caritey Immobilier,http://www.caritey-immobilier.com/,caritey-immobilier.com,
890604929,CARLE IMMOBILIER,http://www.carle-immobilier.com/,carle-immobilier.com,
502249626,CARLETTA IMMOBILIER,http://www.carletta.fr/,carletta.fr,
431262203,CARLIT IMMOBILIER,https://www.carlit-immobilier.com/,carlit-immobilier.com,
982938649,CARMA IMMO,https://www.carmagnola-immobilier.fr/,carmagnola-immobilier.fr,
441648771,CARMEN IMMOBILIER,https://www.carmen-immobilier.com/location/,carmen-immobilier.com,
789127438,Carnot immobilier,https://carnotimmobilierlille.fr/qui-sommes-nous/,carnotimmobilierlille.fr,
833256688,Carole Boulard,https://www.proprietes-bordelaises.com/,proprietes-bordelaises.com,
849865217,CAROLINE RONDEAU IMMOBILIER,https://carolinerondeauimmobilier.fr/,carolinerondeauimmobilier.fr,
991408626,Caroll Turpin Immo,https://www.carollturpinimmo.fr/,carollturpinimmo.fr,
352012827,CARRARA IMMOBILIER,http://www.carrara-immobilier.com/nos-annonces/?type_recherche=VE,carrara-immobilier.com,
944914597,CARRE DUBOUCHAGE IMMOBILIER,https://carredubouchage.fr/fr/,carredubouchage.fr,
978150308,CARRE MARSEILLAIS,http://www.carremarseillais.fr/,carremarseillais.fr,
809826738,CARRE NORD IMMOBILIER,http://www.carrenord-immobilier.fr/,carrenord-immobilier.fr,
391756020,CARRERE IMMOBILIER,http://www.carrereimmo.com/,carrereimmo.com,
439490020,CARRERE L'IMMOBILIER,http://www.carrerelimmobilier.com/,carrerelimmobilier.com,
507864312,CARREZ IMMOBILIER,http://immobilier-chenove.com/,immobilier-chenove.com,
494245921,CARREZ IMMOBILIER PICARDIE,http://www.carrezimmobilier.fr/,carrezimmobilier.fr,
330085671,Carroz Immobilier,https://www.carroz-immobilier.com/,carroz-immobilier.com,
930797915,Carrés Solidaires,http://www.carres-solidaires.fr/,carres-solidaires.fr,
817763444,Cartault Immobilier,https://www.cartault-immobilier.fr/,cartault-immobilier.fr,
891756439,CARUSO IMMOBILIER,https://www.carusoimmobilier.com/,carusoimmobilier.com,
949401459,CASA CHA Immobilier ®,https://www.casa-cha-immobilier.corsica/,casa-cha-immobilier.corsica,
952480903,CASA IMMO,http://www.immo-casa.fr/,immo-casa.fr,
950827550,Casa Immo Hyères,https://www.casa-immohyeres.com/,casa-immohyeres.com,
452517071,CASA IMMOBILIER,http://www.casa-immobilier.fr/,casa-immobilier.fr,
492119136,CASA IMMOBILIER,http://www.casa-immo-verberie.fr/,casa-immo-verberie.fr,
942692757,CASA IMMOBILIER & PROJETS,https://www.casa-immo-projets.fr/,casa-immo-projets.fr,
935359489,CASA SOGNA,https://www.casa-sogna.immo/,casa-sogna.immo,
879242030,CASA TERRA,https://casaterra.fr/,casaterra.fr,
953752029,CASAE IMMOBILIER,https://www.casae.fr/,casae.fr,
528765092,Casaloft Immobilier,https://casaloft-immobilier.com/,casaloft-immobilier.com,
818581894,CASALUME,https://www.casalume.fr/,casalume.fr,
912239126,Casavo,https://www.proprioo.fr/,proprioo.fr,paramètres de suivi retirés
991971615,CASCARINO IMMO,https://www.cascarinoimmo.com/,cascarinoimmo.com,
829789320,CASCIOLA IMMOBILIER,http://www.casciola.fr/,casciola.fr,
818849051,CASEA IMMOBILIER,http://www.casea-immobilier.fr/,casea-immobilier.fr,
404228504,Castel B Immobilier,http://www.castelb.com/,castelb.com,
945018307,CASTEL IMMOBILIER GROUP,https://www.castelimmobilier78.fr/,castelimmobilier78.fr,
404995201,Castellane Immobilier,https://www.castellane-immo.fr/,castellane-immo.fr,
388921702,Castellas Immobilier Cassis,http://www.castellas-immobilier.com/,castellas-immobilier.com,
517577086,CASTELLO IMMOBILIER,https://www.castello-immobilier.fr/index.php,castello-immobilier.fr,
392982229,CASTELORD ANTONY,http://castelord.fr/,castelord.fr,
402660971,Casting immobilier,https://www.casting-immo.com/,casting-immo.com,
489463133,CASTRIMMO,http://www.immobilier-castries-baillargues.com/,immobilier-castries-baillargues.com,
833974132,CATANEO NEOLOC,https://cataneo-investissement-immobilier.fr/,cataneo-investissement-immobilier.fr,
515245876,Catherine Batillot Immobilier,https://www.batillot-immobilier.fr/,batillot-immobilier.fr,
503406860,Catherine Castel Immobilier & Patrimoine,http://www.catherinecastel.fr/,catherinecastel.fr,
504379637,Catherine SERR immobilier,https://www.catherineserr.com/,catherineserr.com,
883541492,CAUBET IMMOBILIER,http://www.caubet-immobilier.com/,caubet-immobilier.com,
351794052,CAVROIS IMMOBILIER,http://www.cavrois-immobilier.fr/,cavrois-immobilier.fr,
829859693,CAZA IMMOBILIER,http://www.cazaimmobilier.com/,cazaimmobilier.com,
534818869,CAZENEUVE Pierre-Alexandre,https://www.aurelouron.immo/,aurelouron.immo,
918913823,Cazé Home,https://www.caze-home.com/,caze-home.com,
912462173,CAËROU ET GATTO IMMOBILIER,http://www.immocg.com/,immocg.com,
438220261,CB IMMOBILIER,http://www.cb-immobilier17.fr/,cb-immobilier17.fr,
792168627,CB2S Immobilier,https://www.cb2simmobilier.com/,cb2simmobilier.com,
892965708,CBF CONSEILS,http://cbfconseils.com/,cbfconseils.com,
852734987,CBI PRO,http://www.cbipro.fr/,cbipro.fr,
953266996,CBM Immobilier,http://www.cbm-immobilier.com/,cbm-immobilier.com,
478865447,CBO IMMOBILIER,https://www.cbo-immobilier.com/particulier,cbo-immobilier.com,
795059807,CCE IMMOBILIER D'ENTREPRISE,http://www.cce-immo-entreprise.com/,cce-immo-entreprise.com,
807508478,CCLV IMMO,https://www.cclvimmo.fr/,cclvimmo.fr,
824079594,CCR IMMOBILIER,http://www.ccr-immobilier.com/,ccr-immobilier.com,
924795685,CD IMMOBILIER ET CONSEILS,https://www.cdimmobilierconseils.fr/,cdimmobilierconseils.fr,
103861340,CDC IMMOBILIER - Cabinet Delvaux Courtin,https://cdc-immobilier.fr/fr/,cdc-immobilier.fr,
890761901,CDP IMMOBILIER,https://www.groupe-cdpimmo.fr/,groupe-cdpimmo.fr,
982408304,CDR IMMOBILIER,https://www.cdrimmobilier.fr/,cdrimmobilier.fr,
829299932,CDS GESTION,http://www.cdsgestion.com/,cdsgestion.com,
922450341,CEBEILLAC IMMOBILIER,http://www.auvergneimmobilier.com/,auvergneimmobilier.com,
780141214,CEDRIC PIGASSOU IMMOBILIER,http://www.pigassou-immobilier.com/,pigassou-immobilier.com,
531530335,CEFIM,https://www.cefim-immo.fr/,cefim-immo.fr,
450938279,CEFIMMO,https://www.cefimmo.com/,cefimmo.com,
805029576,CEGEA Immobilier,http://www.cegea-immobilier.fr/,cegea-immobilier.fr,
338528342,CEGIP,https://www.cegip.fr/,cegip.fr,
500258348,CELECTIM,http://www.celectim.fr/,celectim.fr,
891149643,CELIMMO - Agence Immobilière à Guidel,https://celimmo.com/,celimmo.com,paramètres de suivi retirés
830012373,CELINE DEMANES IMMOBILIER,https://celinedemanesimmobilier.monsitemedia.fr/,celinedemanesimmobilier.monsitemedia.fr,
514395805,Celine Joost immobilier,https://www.cj-immobilier.fr/,cj-immobilier.fr,
901300244,CELINE MARMET IMMOBILIER,https://www.celinemarmetimmobilier.com/,celinemarmetimmobilier.com,
818582694,CELMA,http://www.celma.fr/,celma.fr,
503780256,CELTIC IMMOBILIER,http://www.celtic-brive.com/,celtic-brive.com,
534173927,CELTIMO,http://www.celtimo.fr/,celtimo.fr,
920517414,CENDRILLION IMMOBILIER BOURGANEUF,https://www.cendrillonimmobilier.com/,cendrillonimmobilier.com,
828074203,Centaure Immobilier,https://www.centaureimmo.fr/fr/,centaureimmo.fr,
953462082,CENTER BAY IMMOBILIER,https://www.centerbayimmobilier.com/,centerbayimmobilier.com,
331662478,CENTRAL IMMOBILIER,https://www.centralimmobilier.fr/,centralimmobilier.fr,
412136665,Centre d'Affaires Bongarde,http://centre-affaires-bongarde.com/,centre-affaires-bongarde.com,
441211588,Centre Immobilier Diderot,http://www.centre-immobilier-diderot.com/,centre-immobilier-diderot.com,
817669013,CENTRIC IMMO,http://www.centricimmo.fr/,centricimmo.fr,
428893663,CENTRIMMO,https://www.centrimmo.fr/,centrimmo.fr,
485285449,Centrum Immobilier Metz - Prestige & Centre-Ville,https://www.centrum-immobilier.fr/,centrum-immobilier.fr,
950724104,Cergymmo,https://www.lagenceimmoenligne.com/,lagenceimmoenligne.com,
492642665,Cerim immobilier,https://www.immobilier-cerim.com/,immobilier-cerim.com,
930875000,Cerqueira Immobilier,https://www.cerqueira-immobilier.com/fr,cerqueira-immobilier.com,
847551512,Cession Pro CHR & Commerce,http://www.cession-pro.com/,cession-pro.com,
982339202,Cetrim Lezoux Immobilier,http://www.cetrim-lezoux-immobilier.fr/,cetrim-lezoux-immobilier.fr,
844279000,CEZAM IMMOBILIER,http://www.cezamimmo.com/,cezamimmo.com,
908112758,CF IMMO,https://groupecfimmo.fr/fr/,groupecfimmo.fr,
511411571,CG IMMOBILIER,http://www.immo-cg.fr/,immo-cg.fr,
528316276,CG IMMOBILIER,http://www.cgimmo.com/,cgimmo.com,
992625335,CG IMMOBILIER,https://www.cgimmobilier.com/,cgimmobilier.com,
914346986,CG TRANSACTION,https://www.cg-transaction.fr/,cg-transaction.fr,
750969065,CGERE,http://www.cgere.fr/,cgere.fr,
789622628,CGP,http://www.immobilier-placements.fr/,immobilier-placements.fr,
840178701,Chabane immo,https://chabaneimmo.fr/,chabaneimmo.fr,
981395809,Chabrol IMMOBILIER,http://chabrolimmobilier.fr/,chabrolimmobilier.fr,
522456284,CHALTON & DUBANCHET,https://www.chaltondubanchet.com/,chaltondubanchet.com,
803110345,CHAMONIX IMMOBILIER,http://www.cham-immo.com/,cham-immo.com,
378885768,CHAMROC IMMOBILIER,http://www.chamroc.com/,chamroc.com,
889537833,CHANCERELLE IMMOBILIER,https://www.chancerelleimmobilier.fr/,chancerelleimmobilier.fr,
841508724,Chantal Dupont Hâche Immobilier,http://www.cdhimmo.fr/,cdhimmo.fr,
492075379,Chantenay Immobilier,https://www.chantimmo44.fr/,chantimmo44.fr,
418502902,CHAPONNAY IMMOBILIER,http://www.chaponnay-immobilier.com/,chaponnay-immobilier.com,
422208736,CHARCOT IMMOBILIER,https://www.charcot-immobilier.com/,charcot-immobilier.com,
849909601,CHARLEOS,https://charleos.com/,charleos.com,
532921475,CHARLES QUINT IMMOBILIER,http://www.charles-quint-immobilier.fr/,charles-quint-immobilier.fr,
991601774,CHARLIES,https://www.charlies-immo.fr/,charlies-immo.fr,
530242064,CHARLIMMO,http://www.charlimmo.com/,charlimmo.com,
814852232,Charlotte & Laura IMMOBILIER,https://charlotteetlaura-immo.com/,charlotteetlaura-immo.com,
898554142,Charlène B. Immobilier,https://www.charlenebimmo.com/,charlenebimmo.com,
418027223,Charmilles Immobilier,http://www.charmilles.immo/,charmilles.immo,
452019128,CHARMING HOUSE,http://www.charminghousesrealestate.com/,charminghousesrealestate.com,
305009789,CHAROLLOIS IMMOBILIER,http://www.cabinet-charollois.fr/Rechercher-une-location-cabinet-charollois-macon.html,cabinet-charollois.fr,
528371768,CHARTIMMO,http://www.chartimmo.com/,chartimmo.com,
530396860,CHARTREUX IMMOBILIER,https://www.chartreux-immobilier.com/,chartreux-immobilier.com,
794732354,CHARVY IMMOBILIER,https://www.agencecharvy.com/,agencecharvy.com,
307522490,CHASTAGNOL IMMOBILIER,http://www.chastagnol.com/,chastagnol.com,
838262616,Chatagnon Immobilier,http://www.chatagnon-immobilier.fr/,chatagnon-immobilier.fr,
449299254,CHATEAUX CATHARES IMMOBILIER,http://www.chateauxcatharesimmobilier.com/,chateauxcatharesimmobilier.com,
503340549,CHATRIAN IMMOBILIER,https://www.chatrian-immobilier.com/,chatrian-immobilier.com,
432941011,CHAUMIERE DES MONTS DE FLANDRES,https://chaumieredesmontsdeflandres.fr/,chaumieredesmontsdeflandres.fr,
999344526,CHAUVIN IMMOBILIER : SOPHIE ET ANGELE CHAUVIN,https://www.location-02.com/,location-02.com,
832736201,CHB IMMO,http://www.chbimmo.fr/,chbimmo.fr,
433811262,CHEVAL BLANC IMMOBILIER,https://chevalblanc-immobilier.gnimmo.com/,chevalblanc-immobilier.gnimmo.com,
483866042,CHEVIGNY IMMOBILIER,http://www.chevignyimmobilier.fr/,chevignyimmobilier.fr,
823414644,CHEZ SOI IMMO,http://www.chez-soi-immo.com/,chez-soi-immo.com,
481216166,CHEZ VOUS IMMOBILIER,http://www.chezvousimmobilier.com/,chezvousimmobilier.com,
908292253,Cheztoit immo,https://www.cheztoitimmo.fr/,cheztoitimmo.fr,
534707419,CHICATE Axcelle,https://bio.site/axcellechicate_immobilier,bio.site,
818020679,CHOMEL IMMOBILIER,http://www.chomel.immo/,chomel.immo,
532023140,CHOPARD IMMOBILIER,https://chopard-immobilier.com/,chopard-immobilier.com,
398192948,CHOUTEAU PROMOTION,http://www.sta-amenageur-foncier.com/,sta-amenageur-foncier.com,
439404047,CHRIS IMMOBILIER,http://www.chris-immo.com/,chris-immo.com,
382607091,CHRISTIAN JOUTY IMMOBILIER,http://www.jouty-immo.com/,jouty-immo.com,
812329134,CHRISTINE ZIEGLER IMMOBILIER,http://www.christinezieglerimmobilier.com/,christinezieglerimmobilier.com,
800711947,CHRISTOPHE IMMOBILIER,http://www.christopheimmobilier.fr/,christopheimmobilier.fr,
340463249,CIS MEDEBERT,http://www.medebert-immobilier.com/,medebert-immobilier.com,
325365005,CIT IMMOBILIER LA TOUR DU PIN – MORESTEL,http://www.cit-immo.fr/,cit-immo.fr,
795120534,CITEA IMMOBILIER,https://www.citea-immobilier.fr/,citea-immobilier.fr,
504246364,CITI IMMOBILIER,http://www.citi-immobilier.fr/,citi-immobilier.fr,
819658659,CITIZEN IMMOBILIER,http://www.citizen.immo/,citizen.immo,
789318805,CITIZIM,https://www.citizim.com/,citizim.com,
810998062,CITY & SEA IMMOBILIER,https://city-and-sea.fr/,city-and-sea.fr,
441208519,CITY IMMOBILIER,http://www.citytransaction.com/,citytransaction.com,
487720153,CITY IMMOBILIER,http://www.city-immobilier.fr/,city-immobilier.fr,
524500386,City-immo,https://www.city-immo.fr/,city-immo.fr,
790679104,CITYGEST,http://www.citygest.immo/,citygest.immo,
508575818,CITYZEN-Immobilier.com,http://cityzen-immobilier.com/,cityzen-immobilier.com,
490824885,CK IMMOBILIER,https://www.ck-immo.fr/,ck-immo.fr,
444555320,CL IMMOBILIER,http://www.climmobiliergestion.com/,climmobiliergestion.com,
484268347,Claimo,https://www.claimo.fr/,claimo.fr,
825329022,Claire C'Immobilier,https://www.clairecimmobilier.com/,clairecimmobilier.com,
983293390,Clap'immo,https://www.clapimmo.com/,clapimmo.com,
102859451,CLARITY IMMOBILIER,https://www.clarity-immobilier.com/,clarity-immobilier.com,
987489721,CLARK IMMOBILIER,https://www.clark-immo.com/,clark-immo.com,
915059216,CLEMENTINE IMMOBILIER,http://www.clem-immobilier.com/,clem-immobilier.com,
518752522,CLERC CONSEIL - IMMOBILIER D'ENTREPRISE,http://www.clerc-conseil.fr/,clerc-conseil.fr,
405580101,CLERDOME,https://www.clerdome.fr/,clerdome.fr,
988862074,CLES DE CONFIANCE,https://www.clesdeconfiance.fr/,clesdeconfiance.fr,
821336732,CLEVERTE,https://cleverte.fr/,cleverte.fr,
931588305,CLF IMMO GERANCE,https://www.clfimmogerance.com/,clfimmogerance.com,
932799737,Clic 2 loc,https://www.clic2loc.fr/,clic2loc.fr,
753245497,CLIC HOUSE IMMOBILIER,http://www.clichouse.fr/,clichouse.fr,
848507091,CLICK AND RENT,https://www.clickandrent.fr/annonces,clickandrent.fr,
840738496,Click Your Flat,https://clickyourflat.com/fr/,clickyourflat.com,
914900378,CLIKALIA,https://clikalia.com/fr,clikalia.com,
450994488,CLIMEX A2J immobilier,https://www.climex-immo.com/,climex-immo.com,
533770129,CLM IMMO,http://www.clmimmo.fr/,clmimmo.fr,
843383365,CLOS DE MURS,http://www.closdemurs.com/,closdemurs.com,
394491344,CLP IMMOBILIER,https://www.clp-immobilier-montelimar.com/,clp-immobilier-montelimar.com,
480659416,CLT IMMOBILIER,http://www.cltimmobilier.fr/,cltimmobilier.fr,
790799274,CLUB MANAGER IMMOBILIER,http://www.clubmanagerimmobilier.com/,clubmanagerimmobilier.com,
813903762,CLUBIM,https://www.agence-home360.fr/,agence-home360.fr,
803142850,Clémentine B Immobilier,http://www.clementineb.fr/,clementineb.fr,
513904912,CléOr Immobilier,http://www.cleor-immobilier.fr/,cleor-immobilier.fr,
434509378,Clés du Soleil Immobilier La Crau,https://www.lesclesdusoleil.com/,lesclesdusoleil.com,
892697301,CM IMMO,https://www.cardinimmobilier.com/,cardinimmobilier.com,
418507240,CM IMMOBILIER,https://www.cm-immobilier.com/vente/1-coursan/1,cm-immobilier.com,
852404235,CMDB IMMOBILIER,https://www.cmdb-immobilier.com/,cmdb-immobilier.com,
952218501,Cmillet immobilier - Cristelle MILLET,https://www.cmilletimmobilier.fr/,cmilletimmobilier.fr,
449945260,CMP FINANCE,https://cmpfinance-immo.com/fr/,cmpfinance-immo.com,
814253670,CMP Immobilier,https://www.cmp-immobilier.com/,cmp-immobilier.com,
491556973,CNA,https://www.cellard-notaires-avocats.fr/,cellard-notaires-avocats.fr,
927883363,CO-COON GESTION,https://www.cocoonsocialclub.fr/,cocoonsocialclub.fr,
425003894,Co.fi.mo,https://www.cofimo.net/,cofimo.net,
813769742,Coaching Immobilier Vitry-le-François,http://www.coaching-immo.net/,coaching-immo.net,
528695463,COBEL IMMO,http://www.cobel-immo.com/,cobel-immo.com,
903462307,COCON agence immobilière,http://www.cocon-immobilier.fr/,cocon-immobilier.fr,
817604283,COCOON IMMO,https://cocoonimmo.fr/fr/,cocoonimmo.fr,
820681138,COCOONING IMMOBILIER,http://www.cocooning-immobilier.com/,cocooning-immobilier.com,
941930117,COEUR CATALAN IMMOBILIER,https://www.coeurcatalanimmobilier.fr/,coeurcatalanimmobilier.fr,
822746590,COEUR DE SAIRE IMMOBILIER,http://www.coeurdesaire-immobilier.com/fr/,coeurdesaire-immobilier.com,
479597155,Coeuret Immobilier,https://www.coeuretimmobilier.com/,coeuretimmobilier.com,
429072630,COFIMA IMMOBILIER,https://www.cofima-immo.com/,cofima-immo.com,
339463333,COGECOOP,http://www.cogecoop.fr/,cogecoop.fr,
309021277,Cogedim,https://www.cogedim.com/,cogedim.com,
349907501,COGEFIM,http://www.cogefim-immobilier.fr/,cogefim-immobilier.fr,
754079465,COGEIMMO,https://www.cogeimmo.com/,cogeimmo.com,
440514487,COGESIM,https://www.cogesim.fr/,cogesim.fr,
659201032,COGIR GARE Rennes,https://www.cogir.fr/,cogir.fr,
485143739,COLBERT IMMOBILIER,http://colbert-immobilier.com/,colbert-immobilier.com,
511878746,COLBERT IMMOBILIER AUXERRE,http://www.colbertimmobilier89.fr/,colbertimmobilier89.fr,
431452465,Coldwell Banker Allegrini Realty,https://www.allegrini-realty.com/,allegrini-realty.com,
880349071,COLIBRI IMMOBILIER,http://www.colibri-immobilier.com/,colibri-immobilier.com,
825008014,Colivys,https://colivys.com/,colivys.com,
881333793,COLLECTION IMMOBILIERE,https://www.collection-immobiliere.com/,collection-immobiliere.com,
102962354,Collier Immobilier Paray le monial,https://www.collier-immobilier.com/agence/288886___/collier-immobilier-paray.html,collier-immobilier.com,
538938739,COLMAR IMMO,http://www.colmarimmo.alsace/,colmarimmo.alsace,
824567721,COLONIES,https://www.livecolonies.com/,livecolonies.com,
522602424,COM PROMIS,http://www.compromis-immobilier.fr/,compromis-immobilier.fr,
842110900,COMBEAU Matthieu,https://www.mcimmobilieretprestige.com/,mcimmobilieretprestige.com,
438846784,COMBS GESTION LA VITRINE DE L'IMMOBILIER,http://www.vitrine-immobilier.fr/,vitrine-immobilier.fr,
831132717,COMEBACK IMMOBILIER,http://comeback-immo.fr/,comeback-immo.fr,
909082109,Comin',https://www.comin.immo/,comin.immo,
552721565,Comité Ouvrier du Logement,http://www.acheteraucol.com/,acheteraucol.com,
948134671,COMM'IL VOUS PLAIRA,https://www.commilvousplaira.fr/,commilvousplaira.fr,
884867672,Comme chez vous,https://www.commechezvous.fr/,commechezvous.fr,
977680222,COMMERCE & PROPRIETE immobilier,https://www.commerce-et-propriete.com/,commerce-et-propriete.com,
103522819,Compagnie Foncière du Mont-Blanc,https://cfmb-sa.ch/,cfmb-sa.ch,
893567057,Compagnie Immobilière du Lac,http://www.compimmo.com/,compimmo.com,
821490505,Compagnie Immobilière PARENT ISSY,https://immobiliereparent.com/fr/,immobiliereparent.com,
839384989,COMPARET IMMOBILIER,http://www.comparetimmobilier.com/,comparetimmobilier.com,
844502179,COMPETENCES IMMO,http://www.competencesimmo.fr/,competencesimmo.fr,
892277377,COMPLICE IMMO,https://www.complice-immo.com/,complice-immo.com,
933162224,COMPLISS'IMMO,https://www.complissimmo.com/,complissimmo.com,
879739217,COMPROMIS ZEN,https://www.compromiszen.fr/,compromiszen.fr,
839144359,COMPTOIR DE L'HABITAT ET DU COMMERCE,http://www.chcimmo.com/,chcimmo.com,
788909968,COMPTOIR DE L'IMMOBILIER,http://www.comptoir-de-limmobilier.fr/,comptoir-de-limmobilier.fr,
382498145,comptoir immobilier,http://www.comptoir-immobilier.com/,comptoir-immobilier.com,
349414524,COMPTOIR IMMOBILIER ANDRE RENU,http://www.comptoir-immo-renu.com/,comptoir-immo-renu.com,
925340895,Concept Horizon LAMBALLE Agence Immobilière,http://www.concept-horizon.fr/,concept-horizon.fr,
531938777,CONCEPT IMMO,http://www.conceptimmo-var.com/,conceptimmo-var.com,
518801469,CONCEPT IMMO 54,http://www.concept-immo54.fr/,concept-immo54.fr,
805270188,CONCEPT IMMO BREIZH,http://www.concept-immo-breizh.fr/,concept-immo-breizh.fr,
538054461,CONCEPT IMMO CULOZ,http://www.concept-immo.pro/,concept-immo.pro,
797866175,CONCEPT IMMO DOLE,http://www.conceptimmodole.com/,conceptimmodole.com,
481985315,CONCEPT IMMO LILLE,http://conceptimmolille.com/,conceptimmolille.com,
912367521,Concept immo particulier/pro,https://www.conceptimmo.bzh/,conceptimmo.bzh,
994697464,Concept Immobilier,https://le-niid.fr/conseiller/ninon-kapral,le-niid.fr,
814650727,Concept Immobilier Florange,https://www.conceptimmobilier.fr/programme-immobilier/zac-de-la-feltiere-fameck/,conceptimmobilier.fr,
750700387,Concept'imm,https://www.conceptimm.fr/,conceptimm.fr,
478378938,CONCEPT'IMMO 66,http://www.concept-immo66.com/,concept-immo66.com,
819221276,conceptimmo.net,http://www.conceptimmo.net/,conceptimmo.net,
502703879,CONCEPTIONS IMMOBILIERES ARCHAMPS,https://www.conceptionsimmobilieres.com/,conceptionsimmobilieres.com,
791584071,CONCEPTUALYS,http://www.conceptualys.fr/,conceptualys.fr,
447888561,CONCORD'IMMO,http://www.concordimmo.com/,concordimmo.com,
503082810,CONCORDE IMMOBILIER,http://company36461vzu.netty.fr/,company36461vzu.netty.fr,
794328294,Condate,https://www.condate.fr/,condate.fr,
902931229,CONDOMINIUM,https://groupe-condominium.fr/,groupe-condominium.fr,
449454172,Connexion Saint-Georges,https://connexion.immo/fr/,connexion.immo,
893914879,CONSEIL IMMOBILIER OCCITANIE,https://www.sixiemeavenue.com/agences/montpellierportmarianne/,sixiemeavenue.com,
751038084,CONSEIL IMMOBILIER PARISIEN,http://www.cip.fr/,cip.fr,
841499668,Conseil Or Immobilier,http://www.conseil-or-immo.com/,conseil-or-immo.com,
525292744,CONSEILLIM,https://www.conseillim.fr/,conseillim.fr,
843758889,Conseils Copro,https://www.conseilscopro.com/,conseilscopro.com,
489605378,CONSEILS IMMOBILIER ET PATRIMOINE,http://www.casteljac.fr/,casteljac.fr,
922507165,Consilium Immobilier,https://www.consilium-immobilier.fr/,consilium-immobilier.fr,
894774538,CONSORTIUM IMMO,http://www.consortium-immo.fr/,consortium-immo.fr,
379861453,CONSULT IMMO,https://www.consult-immo.fr/,consult-immo.fr,
823784053,CONSULT IMMO,http://www.consult-immo.net/,consult-immo.net,
510730542,CONSULT TRANSACTION,https://consult-transaction.com/,consult-transaction.com,
397657941,Consultants Immobilier,https://www.consultants-immobilier.com/,consultants-immobilier.com,
423319771,CONTACT IMMO,http://www.contact-immo-alsace.com/,contact-immo-alsace.com,
489795773,CONTACT IMMO,http://www.agence-contact-immo.fr/,agence-contact-immo.fr,
425055514,Contact Immobilier,https://www.contact-immobilier.com/,contact-immobilier.com,
828333104,CONTACT IMMOBILIER 31,http://contactimmo31.com/,contactimmo31.com,
830429767,Convergence,http://www.convergence-i.fr/,convergence-i.fr,
878870617,COOLOC,https://cooloc.com/,cooloc.com,
556450161,COOP LOGIS,http://www.cooplogis.fr/,cooplogis.fr,
808870125,COOPER IMMOBILIER,http://www.cooper-immobilier.com/,cooper-immobilier.com,
903791515,CORDIER PROPRIETES,http://www.cordierproprietes.fr/,cordierproprietes.fr,
399586163,COREAG Immobilier,http://www.coreag-immobilier.com/,coreag-immobilier.com,
408727378,CORMEILLES IMMOBILIER,http://www.cormeilles-immobilier.fr/,cormeilles-immobilier.fr,
753998871,CORMORANS IMMO,http://www.cormoransimmo.com/,cormoransimmo.com,
410646913,CORNIER IMMOBILIER,http://www.cornier-immobilier.fr/index.php,cornier-immobilier.fr,
822129342,CORSE PATRIMOINE IMMOBILIER,http://www.cpi-immobilier-porto-vecchio.com/,cpi-immobilier-porto-vecchio.com,
100488279,CORTEX IMMO,http://www.corteximmo.com/,corteximmo.com,
480090513,CORUM IMMOBILIER,http://www.corumimmobilier.com/,corumimmobilier.com,
821232428,COS IMMOBILIER,http://www.cos-immobilier.fr/,cos-immobilier.fr,
831071220,COSI IMMOBILIER,http://www.cosi-immo.com/,cosi-immo.com,
339198913,COSIALIS,https://www.cosialis.fr/,cosialis.fr,
982272825,COSIMO immobilier,http://www.immobilier-cosimo.com/,immobilier-cosimo.com,
833022304,Cost Immobilier,http://www.costimmobilier.fr/,costimmobilier.fr,
829983436,Costrim,https://www.costrim.fr/,costrim.fr,
424505030,COSY HOME,http://www.cosyhome.net/,cosyhome.net,
882306301,COSY IMMOBILIER,http://www.cosy-immobilier.fr/,cosy-immobilier.fr,
914001169,COSYMMO,http://www.cosymmo.fr/,cosymmo.fr,
451688949,COT'OUEST IMMOBILIER,http://www.cotouest-immobilier.com/,cotouest-immobilier.com,
391259157,COTE DEMEURES,http://www.cote-demeure.com/fr/,cote-demeure.com,
490158334,COTE ET SUD,http://www.immobilier-cote-sud.fr/,immobilier-cote-sud.fr,
537422487,COTE IMMO CASTILLON,https://agence-coteimmo.com/fr/,agence-coteimmo.com,
528804925,COTE LOCATION,https://www.lajoly-immobilier.com/,lajoly-immobilier.com,
534022181,COTE NORD IMMOBILIER CAUDRY,http://www.cotenordhabitat.com/,cotenordhabitat.com,
404450116,COTE OUEST IMMOBILIER,http://www.cote-ouest-immo.fr/,cote-ouest-immo.fr,
104295035,COTE PATIO DAX,http://www.cote-patio-immobilier.fr/,cote-patio-immobilier.fr,
524008695,COTE PLACE IMMOBILIER,http://www.coteplace.fr/,coteplace.fr,
793490533,COTE SUD COTE PORT,https://www.cotesudcoteport.com/,cotesudcoteport.com,
440148047,COTE SUD PROVENCE,http://www.cotesudprovence.fr/,cotesudprovence.fr,
509397113,COTE VENTOUX IMMOBILIER,http://www.cote-ventoux-immobilier.fr/,cote-ventoux-immobilier.fr,
999244270,COTELIA AZUR IMMO,https://www.cotelia-azur-immo.fr/,cotelia-azur-immo.fr,
323971655,COTENTIN IMMOBILIER,http://www.cotentin-immobilier.com/,cotentin-immobilier.com,
444554042,COTRIMO CHASSIEU,https://www.cotrimogestion.com/location/69-rhone/1,cotrimogestion.com,
834110470,COTTET IMMOBILIER,http://www.cottet-immobilier.com/,cottet-immobilier.com,
803432178,Coté Bassin,http://www.cotebassin-immo.com/,cotebassin-immo.com,
989278460,Couderc immobilier,http://couderc-immo.fr/,couderc-immo.fr,
343048039,COULANGE IMMOBILIER,http://www.coulange-immobilier.fr/,coulange-immobilier.fr,
502919871,COULEURS DU SUD IMMOBILIER,https://www.couleursdusudimmo.com/,couleursdusudimmo.com,
498936541,COULOMMIERS IMMOBILIER,http://coulommiers-immobilier.com/,coulommiers-immobilier.com,
511991101,COULON IMMOBILIER,http://www.coulon-immobilier.fr/,coulon-immobilier.fr,
821615796,COULON IMMOBILIER,https://www.coulonimmobilier.com/,coulonimmobilier.com,
952914703,Coup2Coeur.immo,http://www.coup2coeur.immo/,coup2coeur.immo,
901911040,Cour De L'Immo,https://www.cour-immobilier.com/,cour-immobilier.com,
480259647,Cour et Jardin,https://www.immo-limousin.com/fr,immo-limousin.com,
814630646,Courcelles Immobilier,https://courcelles-immobilier.com/,courcelles-immobilier.com,
895192805,COURDIL IMMO,http://www.courdil.immo/,courdil.immo,
801300351,COURGEON Immobilier,https://www.courgeon-immobilier.fr/,courgeon-immobilier.fr,
799818786,COURTEAM IMMOBILIER,http://www.courteam.fr/,courteam.fr,
414351890,COURTES DONIBANE HENDAYE,https://www.courtesgroupe.fr/,courtesgroupe.fr,
419129176,COURTIAL IMMOBILIER,https://www.courtial.fr/,courtial.fr,
752730481,COUSERANS IMMO,https://www.couseransimmo.fr/,couseransimmo.fr,
842506818,COUTTET IMMOBILIER,http://www.couttet-immo.com/,couttet-immo.com,
843344177,Couzinet Immobilier,http://www.agence-couzinet.fr/,agence-couzinet.fr,
904529294,COUZY Immobilier,http://www.couzy-immobilier.fr/,couzy-immobilier.fr,
941450827,COVA PRO,https://covapro.fr/nos-offres/,covapro.fr,
102401569,COVESTA,https://www.covestaimmo.com/,covestaimmo.com,
898975925,CP DELTA IMMOBILIER,http://www.cp-deltaimmo.fr/,cp-deltaimmo.fr,
442060661,CPI Immobilier,https://www.cpi-immobilier.fr/,cpi-immobilier.fr,
830853651,CPI NOUVELLE AQUITAINE,https://www.agencebordelaise.com/,agencebordelaise.com,
397767112,CPL IMMOBILIER,http://www.cpl-immobilier.fr/,cpl-immobilier.fr,
794991745,CR IMMOBILIER,http://www.cr-immobilier.com/,cr-immobilier.com,
807423819,CRE'ACTUEL,https://www.creactuel.com/,creactuel.com,
809287717,CREA immobilier,http://www.crea-immobilier.fr/,crea-immobilier.fr,
814276762,CREADIMM,https://creadimm.fr/,creadimm.fr,
903892974,CREAT'IMMO,http://www.creatimmo.com/,creatimmo.com,
381792514,CREATION FONCIERE,https://www.creationfonciere.com/,creationfonciere.com,
511082372,CREDOT IMMOBILIER,http://www.credotimmobilier.com/,credotimmobilier.com,
533576294,CRESPEL IMMOBILIER,http://www.crespelimmobilier.bzh/,crespelimmobilier.bzh,
910308808,CRETEIL BUSINESS CENTER,https://www.centredaffairescreteil.com/,centredaffairescreteil.com,
365501188,CRIC SA Location,http://www.cric.fr/,cric.fr,
414058420,CRISTAL IMMOBILIER,http://www.cristal-immo.fr/services-immobilier.html,cristal-immo.fr,
981785397,CRISTAL IMMOBILIER,http://www.cristalimmobilier.fr/,cristalimmobilier.fr,
847728888,Cristalimmo Grésivaudan,http://www.cristalimmo.fr/,cristalimmo.fr,
942786047,CROIX DU SUD IMMOBILIER,https://www.cs-immobilier.com/,cs-immobilier.com,
501392476,CROIX IMMOBILIER,http://www.croix-immobilier.fr/,croix-immobilier.fr,
401053301,CROIX ROUSSE IMMOBILIER,http://www.croixrousse-immobilier.com/,croixrousse-immobilier.com,
937955615,CROQ'IMMO,https://croq-immo.fr/,croq-immo.fr,
493910251,CRYZA IMMOBILIER,https://www.cryzaimmobilier.com/,cryzaimmobilier.com,
333428423,Crémieu Immobilier,http://www.cremieu-immobilier.fr/lagence/,cremieu-immobilier.fr,
413921149,Crémillieux IMMO,https://www.cremillieux-immo.fr/,cremillieux-immo.fr,
498046721,CSP IMMOBILIER,https://csp-immobilier.fr/fr/,csp-immobilier.fr,
852822196,CTIMMO,https://www.ctimmo.fr/,ctimmo.fr,
794654202,CTN IMMOBILIER,http://www.ctnimmo.com/,ctnimmo.com,
413812439,CUER IMMOBILIER,http://www.cuerimmobilier.fr/,cuerimmobilier.fr,
387536378,CUERS IMMOBILIER,http://www.cuersimmobilier.fr/,cuersimmobilier.fr,
422331389,CUNHA CONCEPT,https://www.cunhaconcept.com/,cunhaconcept.com,
524767993,CUPILLARD IMMOBILIER,http://www.cupillard-immo.com/,cupillard-immo.com,
501861025,CURTIS IMMOBILIER,https://www.curtis-immobilier.fr/,curtis-immobilier.fr,
487462855,CUSSINET IMMO,http://www.cussinetimmo.com/index.php,cussinetimmo.com,
430432435,CUSTINE IMMOBILIER,https://www.custine-immobilier.fr/,custine-immobilier.fr,
930667217,CYL IMMOBILIER,https://cyl-immobilier.fr/,cyl-immobilier.fr,
920814514,Cyliad Immobilier,https://www.cyliad.fr/,cyliad.fr,
793534900,CYRANO IMMOBILIER,http://www.cyranoimmobilier.com/,cyranoimmobilier.com,
818701930,Cécile Hottin Immobilier,https://www.cecilehottin.fr/,cecilehottin.fr,
499221349,Céline DEVOS Immobilier,http://www.celinedevos.immo/,celinedevos.immo,
944033448,Cérès immobilier Romainville,https://www.ceres-immobilier.fr/,ceres-immobilier.fr,
383939766,Cîmes & Neige Immobilier,https://www.montagne-immobilier.com/,montagne-immobilier.com,
983526740,Côme chez vous,https://www.come-chez-vous.fr/,come-chez-vous.fr,
887938868,CÔME IMMOBILIER,https://www.come-immobilier.fr/,come-immobilier.fr,
905286050,Côme IMMOBILIER,https://www.come-immo.fr/,come-immo.fr,
814652590,CÔTE & BRETAGNE IMMOBILIER,http://www.cote-et-bretagne.fr/,cote-et-bretagne.fr,
917908618,Côte & Sables Immobilier,https://www.immobiliersablesdolonne.fr/,immobiliersablesdolonne.fr,
931752315,Côte D’Azur Immobilier – Port Fréjus,https://cotedazurimmobilier.fr/,cotedazurimmobilier.fr,
531704922,CÔTE MARINA CÔTE GRANDE MOTTE,http://www.cotegrandemotte.com/,cotegrandemotte.com,
904245800,CÔTÉ - IMMO,https://www.cote-immo5962.fr/,cote-immo5962.fr,
823780135,Côté Immo,https://www.immobilierperrosguirec.fr/,immobilierperrosguirec.fr,
912035003,Côté Immobilier Angers,http://www.coteimmobilier.fr/,coteimmobilier.fr,
489533240,CÔTÉ LOIRE,https://www.immobiliercoteloire.fr/,immobiliercoteloire.fr,
917530453,Côté PIERRE immobilier,https://www.cotepierreimmobilier.com/,cotepierreimmobilier.com,
937639383,Cœur des Lacs Immobilier,http://coeurdeslacsimmobilier.com/,coeurdeslacsimmobilier.com,
933603326,D&M IMMOBILIER,http://www.d-m-immo.com/,d-m-immo.com,
838189397,D&S Immo Riedisheim,http://www.dsimmo.alsace/,dsimmo.alsace,
913105268,D'AVILA & VBI IMMOBILIER,https://www.davila.immo/,davila.immo,
329380836,D'ERLON IMMOBILIER,http://www.erlon-immobilier.com/,erlon-immobilier.com,
794360107,D'HOME IMMO,http://www.dhomeimmo.com/,dhomeimmo.com,
845075530,D'PRO Immo,https://dpro-immo.fr/,dpro-immo.fr,
434190252,D-HABITAT KACIMI Ludovic,http://www.lagencedesarceaux.fr/,lagencedesarceaux.fr,
999687247,D.FIMMO SUD,http://www.dfimmosud.fr/,dfimmosud.fr,
504649047,D.S.Immobilier,https://www.dsimmobilier.fr/,dsimmobilier.fr,
751161415,D.SY.D Immobilier,http://dsyd-immobilier.com/,dsyd-immobilier.com,
919748202,DACXIMMO.COM,http://www.dacximmo.com/,dacximmo.com,
532491040,DAFIMMO.FR,http://www.dafimmo.fr/,dafimmo.fr,
525387551,DAMIER IMMOBILIER,http://www.damierimmobilier.com/,damierimmobilier.com,
503625857,DAMIETTE IMMOBILIER,http://www.damiette-immobilier.com/,damiette-immobilier.com,
843859869,damoiseau.immo,https://www.damoiseau.immo/,damoiseau.immo,
652881210,DAMONTE IMMOBILIER,http://www.yves-damonte.fr/,yves-damonte.fr,
803590579,DANILO IMMOBILIER,http://www.daniloimmobilier.fr/,daniloimmobilier.fr,
490313970,DANTO IMMOBILIER,http://www.danto-immobilier.com/,danto-immobilier.com,
921923199,DANTON-IMMO,https://www.danton-immo.com/notre-agence,danton-immo.com,
418049268,Dany Richard immobilier,http://www.dany-richard-immo.com/,dany-richard-immo.com,
819127960,DAO IMMOBILIER,http://www.dao-immobilier.fr/,dao-immobilier.fr,
520002445,DAPIA IMMOBILIER,https://dapia-immobilier.gnimmo.com/,dapia-immobilier.gnimmo.com,
524272986,DARNAULT IMMOBILIER,http://www.darnault-immo.fr/,darnault-immo.fr,
572057164,DAUCHEZ Immobilier,http://www.dauchez.fr/,dauchez.fr,
998437602,Dauphilogis,https://dauphilogis.fr/,dauphilogis.fr,
529233330,DAUPHIMMO,http://www.dauphimmo.fr/,dauphimmo.fr,
807920079,DAUPHINE - BAC,https://www.agencedauphine.com/,agencedauphine.com,
501694566,DAURE IMMO,http://www.daureimmo.com/,daureimmo.com,
948233358,Daveenn,https://www.daveenn-immo.fr/,daveenn-immo.fr,
498134055,DAVID DARDIER IMMOBILIER,https://www.mazeres-ariege-immobilier.com/,mazeres-ariege-immobilier.com,
827763871,DAVID IMMOBILIER,https://immo66-qrdmxqdp.manus.space/,immo66-qrdmxqdp.manus.space,
837548072,DAVID IMMOBILIER,http://www.davidimmobilier.fr/,davidimmobilier.fr,
934286774,DAVID PERMINGEAT IMMOBILIER,https://www.dp-immobilier.fr/,dp-immobilier.fr,
932761794,DAVID SEIXEIRO IMMOBILIER,http://www.david-seixeiro-immobilier.fr/,david-seixeiro-immobilier.fr,
750422289,DAVIN IMMOBILIER,https://www.davin-immobilier-pertuis.com/,davin-immobilier-pertuis.com,
992945402,DE CHARLES Immobilier,http://www.decharlesimmobilier.com/,decharlesimmobilier.com,
821804598,DE CHATOUVILLE IMMOBILIER,http://www.dechatouville-immobilier.com/,dechatouville-immobilier.com,
537538969,DE FERLA,https://www.deferla.com/,deferla.com,
500757414,DE GAIL IMMOBILIER,http://degailimmobilier.fr.free.fr/,degailimmobilier.fr.free.fr,
484298138,DE GOURCY IMMOBILIER,http://www.dgimmobilier.fr/,dgimmobilier.fr,
811493162,De La Cour Au Jardin - Immobilier,http://www.delacouraujardin.com/,delacouraujardin.com,
980444970,DE MAREZ IMMOBILIER,https://demarezimmo.fr/,demarezimmo.fr,
494557507,DE NORAY IMMOBILIER,http://www.denoray-immobilier.com/,denoray-immobilier.com,
834746273,DE VISU IMMOBILIER,http://www.devisuimmobilier.com/,devisuimmobilier.com,
910093467,DE WELLE,https://www.dewelle.com/,dewelle.com,
811493253,DECKER Immobilier,http://www.decker.immo/,decker.immo,
528351539,Declair Immobilier (SAS),http://www.declair-immobilier-versailles.com/,declair-immobilier-versailles.com,
852449594,DECLIC IMMO,http://www.declic.immo/,declic.immo,
480457050,DECLIC IMMOBILIER,http://www.declicimmobilier.fr/,declicimmobilier.fr,
914795927,DECOOPMAN IMMOBILIER,https://www.decoopmanimmobilier.com/,decoopmanimmobilier.com,
881382634,Decré immobilier,https://www.decre-immobilier.fr/,decre-immobilier.fr,
904355591,DeeD Conseil Immobilier,http://www.deedconseilimmo.com/,deedconseilimmo.com,
879209880,DEEP'IMMO 13,https://www.deepimmo13.fr/,deepimmo13.fr,
380688549,DEGUARA IMMOBILIER,http://www.deguara-immobilier.com/,deguara-immobilier.com,
808366538,DEHEDIN IMMOBILIER,https://www.dehedin.immo/,dehedin.immo,
885120071,DEHIBA & WERQUIN IMMOBILIER,http://dehiba-immobilier.fr/,dehiba-immobilier.fr,
993097518,DEJY IMMOBILIER,https://dejy-immobilier.la-boite-immo.com/,dejy-immobilier.la-boite-immo.com,
823812946,Delafosse & Associée,http://www.delafosse.immo/,delafosse.immo,
402768543,DELAIN IMMOBILIER,http://www.delain-immobilier.com/,delain-immobilier.com,
534996301,DELAMARCHE IMMOBILIER,http://www.delamarcheimmobilier.com/,delamarcheimmobilier.com,
538032236,Delambre Immobilier,https://delambre.immo/,delambre.immo,
939712436,Delannoy immobilier,https://www.delannoy-immobilier.fr/,delannoy-immobilier.fr,
979727559,DELAPORTE IMMOBILIER,http://www.delaporteimmobilier.fr/,delaporteimmobilier.fr,
347521320,DELAS IMMOBILIER,http://www.agence-delas.fr/,agence-delas.fr,
908046972,DELATTRE IMMO,https://www.delattre-immo.fr/,delattre-immo.fr,
750274375,Delaunay Immobilier,https://www.delaunayimmobilier44.fr/,delaunayimmobilier44.fr,
989618467,Delaveau Immobilier,http://delaveau-immo.fr/,delaveau-immo.fr,
307150086,Delbet - L'immobilier d'entreprise Epinal,http://www.delbet.fr/,delbet.fr,
829269836,DELMAR IMMOBILIER,https://www.delmar-immobilier.com/,delmar-immobilier.com,
930893003,DELMON HOME IMMOBILIER,https://www.delmonhome-immobilier.com/,delmonhome-immobilier.com,
981421787,DELPHINE FLOREMONT,http://melroseimmobilier.fr/,melroseimmobilier.fr,
830136537,DELPHINE HERAIL IMMOBILIER,https://delphineherailimmobilier.com/,delphineherailimmobilier.com,
912386463,Delphine IMMO,https://www.delphine.immo/,delphine.immo,
408685881,Delposen Lot-Am-D,http://www.immodelposen.com/,immodelposen.com,
521508291,DELTA IMMO,http://www.delta-immo.fr/,delta-immo.fr,
811185040,Delta Immobilier,https://www.deltaimmobilier.com/,deltaimmobilier.com,
898102553,DELTA IMMOBILIER,https://delta.immo/,delta.immo,
749501003,DELTA IMMOBILIER LOCATION,https://www.delta-immobilier.com/,delta-immobilier.com,
821903036,DELTA PARIS,https://deltaparis.com/,deltaparis.com,
813516853,Delta Sud Immobilier,https://www.deltasudimmobilier.fr/,deltasudimmobilier.fr,
449056324,DELTAMENAGEMENT,https://lingenheld-immobilier.fr/,lingenheld-immobilier.fr,
982654220,DELYA IMMO,https://www.delyaimmo.com/,delyaimmo.com,
894854306,DEMAIN SUR LOIRE,https://www.demainsurloire.fr/,demainsurloire.fr,
922390539,DEMAISTRE IMMOBILIER,http://www.demaistreimmo.fr/,demaistreimmo.fr,
912536117,DEMARCQ ET VOUS,https://www.demarcqetvous.com/,demarcqetvous.com,
944321157,Demeester immobilier,http://www.demeester-immobilier.fr/,demeester-immobilier.fr,
899289052,DEMETIS Immo,https://demetisimmo.fr/,demetisimmo.fr,
329833396,DEMEURES CALADOISES BOURG EN BRESSE,https://www.demeures-caladoises.com/agence/bourg-en-bresse/,demeures-caladoises.com,
495341513,DEMEURES COMTOISES,http://demeures-comtoises-immobilier.fr/,demeures-comtoises-immobilier.fr,
403582034,DEMEURES CORSES,http://www.demeurescorses.com/,demeurescorses.com,
534365309,DEMEURES D' AQUITAINE Biscarrosse,http://www.demeuresdaquitaine.fr/,demeuresdaquitaine.fr,
410437404,DEMEURES D'OCCITANIE AUTERIVE,http://www.demeuresdoccitanie.fr/,demeuresdoccitanie.fr,
921389144,DEMEURES DE L'OUEST,http://www.demeuresdelouest.fr/,demeuresdelouest.fr,
440867380,DEMEURES DE LA COTE D'ARGENT,https://www.demeures-cote-dargent.com/,demeures-cote-dargent.com,
392323176,DEMEURES DES ALPES,https://www.demeuresdesalpes.com/,demeuresdesalpes.com,
930097563,DEMEURES DES PINS IMMOBILIER,http://www.demeuresdespins.com/,demeuresdespins.com,
378920136,DEMEURES DU NORD,http://www.demeuresdunord.com/,demeuresdunord.com,
345165245,DEMEURES EN PROVENCE,http://www.immobilierprovence.com/,immobilierprovence.com,
500479621,DENIZE IMMOBILIER,http://www.denizeimmo.com/,denizeimmo.com,
921529061,Denomaison immobilier,https://www.denomaisonimmobilier.com/,denomaisonimmobilier.com,
753824036,DESA IMMOBILIER,http://www.desaimmobilier.com/,desaimmobilier.com,
946250032,DESAULLES ET CIE,http://www.immobilier-desaulles.fr/,immobilier-desaulles.fr,
940090723,DESCAMPS IMMOBILIER,http://www.descamps-immobilier.fr/,descamps-immobilier.fr,
102815826,DESCHAMPS IMMOBILIER,https://www.deschamps.immo/,deschamps.immo,
391551223,DESCHAMPS IMMOBILIER,http://www.deschamps-immo.com/,deschamps-immo.com,
932712938,DESGRANGES IMMOBILIER,https://www.desgranges-immobilier.fr/agence,desgranges-immobilier.fr,
490685062,DESLEE Caroline,https://www.dplusimmobilier.com/,dplusimmobilier.com,
448764571,DESPIERRE IMMOBILIER,http://www.despierreimmobilier.com/,despierreimmobilier.com,
815315155,Desplats Immobilier Revel,https://www.desplats-immobilier.fr/,desplats-immobilier.fr,
793197468,DESVRES IMMO,https://www.desvresimmo.fr/,desvresimmo.fr,
910991876,DETOURS IMMOBILIER,https://detours-immobilier.fr/,detours-immobilier.fr,
789279072,DETROIS IMMOBILIER,http://www.detrois-immobilier.com/,detrois-immobilier.com,
444377071,Detrus immobilier,http://www.detrus-immobilier.fr/,detrus-immobilier.fr,
820620847,DEUXIEME ADRESSE,https://www.deuxieme-adresse.com/,deuxieme-adresse.com,
341316552,DEVAUX IMMOBILIER,http://www.devaux-immobilier.fr/,devaux-immobilier.fr,
753893635,Developimmo,http://www.developimmo.fr/,developimmo.fr,
399464056,DEVICTOR IMMOBILIER DE LA CRAU location,http://www.devictorimmobilier.fr/,devictorimmobilier.fr,
852722321,DEVILLARD PRESTIGE,https://www.devillardprestigerealty.com/,devillardprestigerealty.com,
900428582,DEVILLERS IMMOBILIER,https://www.devillers-immobilier.fr/,devillers-immobilier.fr,
482698933,DEVIN IMMOBILIER,http://www.devin-immobilier.com/,devin-immobilier.com,
381910785,DEVRIENDT IMMOBILIER,http://www.devriendt.fr/,devriendt.fr,
941887432,DGH IMMOBILIER,https://dgh-immobilier.com/,dgh-immobilier.com,
435375019,DH-IMMOBILIER,http://www.dh-immobilier.com/,dh-immobilier.com,
417663465,DH4 Partenaire Immobilier,https://www.dh4-immo-reims.com/,dh4-immo-reims.com,
520535881,DI CHIARA IMMOBILIER,http://www.dichiara-immobilier.fr/,dichiara-immobilier.fr,
939357869,DIANE CHOPLIN IMMOBILIER,https://www.dianecimmobilier.com/fr/,dianecimmobilier.com,
932199862,Diane Immobilier,https://www.diane-immobilier.fr/,diane-immobilier.fr,
824326144,DIDELON IMMOBILIER,http://www.didelon-immobilier.fr/,didelon-immobilier.fr,
400556122,Diderot Immobilier,http://www.diderot-immobilier.fr/,diderot-immobilier.fr,
934836446,DIMOVIA,https://www.dimovia.com/,dimovia.com,
483552311,DIOIS IMMOBILIER,http://www.dioisimmobilier.com/,dioisimmobilier.com,
750927014,Direct Agence Immobilière,https://directagence.fr/,directagence.fr,
100347046,Direct Immo Réseau,https://www.directimmoreseau.fr/,directimmoreseau.fr,
514881135,DIRECT IMMOBILIER,https://www.directimmo34.com/,directimmo34.com,
909504870,DIRECT IMMOBILIER EXPERT,https://www.directimmoexpert.com/,directimmoexpert.com,
519440341,DIRECT IMMOBILIER II,http://www.directimmo.re/,directimmo.re,
798627147,DIRECT SERVICE IMMOBILIER,http://www.dsi-immo.com/,dsi-immo.com,
478409345,DISC immobilier,http://www.disc.immo/,disc.immo,
522903418,DISTEL IMMOBILIER,http://www.distelimmobilier.fr/,distelimmobilier.fr,
897587945,Distinction Immobilier,https://www.distinction-immobilier.fr/,distinction-immobilier.fr,
834219818,District Ralliement,http://district-angers.fr/,district-angers.fr,
794984559,DIVIDOM,https://www.dividom.com/,dividom.com,
354017543,DIX HUITIEME AVENUE IMMOBILIER,https://www.18avenue.fr/,18avenue.fr,
481983831,DIX IMMOBILIER,http://www.diximmobilier.com/,diximmobilier.com,
422775338,DIÉ IMMOBILIER,http://www.groupe-die-immobilier.com/,groupe-die-immobilier.com,
940824550,dk Immobilier,https://dk-immobilier.fr/fr/,dk-immobilier.fr,
807646245,DKER IMMOBILIER,https://www.dker-transaction.fr/,dker-transaction.fr,
404167058,DLA Immobilier,https://www.dla.immo/,dla.immo,
982297921,DLC FRANCE IMMO,http://www.dlcfranceimmo.com/,dlcfranceimmo.com,
888288941,DLF IMMOBILIER,https://www.dlf.immo/,dlf.immo,
393429303,DLJ Gestion,https://www.dlj-syndic.fr/,dlj-syndic.fr,
888930385,DLV IMMO,http://www.dlvimmo.fr/,dlvimmo.fr,
808043475,DM CONSEIL,https://www.dmconseil-immobilier.com/,dmconseil-immobilier.com,
893732016,DM IMMOBILIER,https://www.agence-dm.com/,agence-dm.com,
942595208,DMC IMMOBILIER,http://www.dmcimmobilier31.fr/,dmcimmobilier31.fr,
522017086,DMG IMMOBILIER,http://www.dmgimmo.fr/,dmgimmo.fr,
948161831,DMI SOLUTIONS,http://www.dmi-solutions.fr/,dmi-solutions.fr,
839309929,DODY IMMOBILIER,http://www.dody-immobilier.com/,dody-immobilier.com,
822839304,DOLBEAU CONSEIL IMMOBILIER,https://dolbeauci.com/,dolbeauci.com,
894197896,DOLCE IMMO,http://www.dolceimmo.com/,dolceimmo.com,
527712038,DOM&TERRE,https://dometerre.com/,dometerre.com,
773801394,Domaine de Ludres,https://www.domainedeludres.com/,domainedeludres.com,
820428233,DOMAINE IMMOBILIER ET PROMOTION,https://www.domaine.org/,domaine.org,
885162552,Domaines et Forêts,https://www.domaines-forets.fr/,domaines-forets.fr,
389632969,DOMASUD,http://www.villasprisme.fr/,villasprisme.fr,
444703201,DOME IMMOBILIER,http://www.domeimmobilier.fr/,domeimmobilier.fr,
942903345,DOMEA IMMOBILIER - Agence immobilière Clapiers,https://www.domea-immobilier.fr/,domea-immobilier.fr,
106111123,DOMEN IMMOBILIER,https://domenimmobilier.com/,domenimmobilier.com,
429230220,DOMENJOUD IMMOBILIER,http://www.domenjoudimmobilier.fr/,domenjoudimmobilier.fr,
493548648,DOMIA,http://www.domia63.com/,domia63.com,
404328932,DOMIANS IMMOBILIER,https://domians-immobilier.fr/,domians-immobilier.fr,
377595509,Domiere Conseil Immobilier,https://www.domiere.com/,domiere.com,
897469953,DOMIRIS,https://www.domiris-immobilier.com/,domiris-immobilier.com,
414989889,DOMIS Cabinet AGIR,https://www.cabinetagir.com/,cabinetagir.com,
458204963,DOMOFRANCE,https://www.exterra.fr/,exterra.fr,
690802053,domUP,https://www.promologis.fr/,promologis.fr,
790987937,DOMUS Immo,https://www.domusimmo.fr/,domusimmo.fr,
349498899,DOMUS IMMOBILIER,http://agencedomus.com/,agencedomus.com,
434528980,DOMUS IMMOBILIER,https://www.domus-immobilier.net/,domus-immobilier.net,
921245452,DOMUVIA,https://www.domuvia.fr/,domuvia.fr,
453849879,DONZACQ IMMO,http://www.donzacq-immo.com/,donzacq-immo.com,
325741825,DOR IMMOBILIER,https://www.dorimmobilier.com/fr/,dorimmobilier.com,
853120608,DOREMUS IMMOBILIER,http://www.doremus-immobilier.fr/,doremus-immobilier.fr,
848591988,DORIAN SALA IMMOBILIER™ Marseille 10,https://www.doriansalaimmobilier.fr/,doriansalaimmobilier.fr,
482710589,DORIMMO,http://www.dorimmo.com/fr/,dorimmo.com,
479734766,DORNIER IMMOBILIER,http://www.dornierimmo.com/,dornierimmo.com,
913540498,DOROTA IMMOBILIER,http://www.dorota-immo.fr/,dorota-immo.fr,
844594176,Dortomb Immo,https://www.dortombimmo.fr/,dortombimmo.fr,
989243696,Doubs Immobilier,http://www.doubs-immobilier.fr/,doubs-immobilier.fr,
480578046,DOUE IMMOBILIER,http://www.doue-immobilier.com/,doue-immobilier.com,
310914429,DOUSSON IMMOBILIER,http://www.dousson-immobilier.fr/,dousson-immobilier.fr,
499710325,DP2M Immobilier,http://www.dp2m.fr/,dp2m.fr,
928946623,DPC IMMOBILIER,https://www.dpcimmobilier.com/,dpcimmobilier.com,
889967493,DPLG IMMO,http://www.dplg-immo.fr/,dplg-immo.fr,
931887293,DRAPIER IMMOBILIER,https://www.drapierimmobilier.com/,drapierimmobilier.com,
480253210,DRIVER IMMOBILIER,https://www.driverimmobilier.com/,driverimmobilier.com,
437380611,DROME AGENCE,http://www.drome-agence.fr/,drome-agence.fr,
402365837,DROME ARDECHE IMMOBILIER,http://www.drome-ardeche-immobilier.com/,drome-ardeche-immobilier.com,
523795854,DRUOT IMMOBILIER,http://www.rodez-immobilier.com/,rodez-immobilier.com,
841569205,DS IMMOBILIER,https://www.ds-immobilier-rouen.fr/,ds-immobilier-rouen.fr,
930482492,DS IMMOBILIER,https://dsimmobilier31.fr/,dsimmobilier31.fr,
887473072,DS Transaction,http://www.ds-transaction.fr/,ds-transaction.fr,
501168066,DU COTE DE CHEZ MOI,http://ducotedechezmoi.com/,ducotedechezmoi.com,
509142071,DU COTE DE CHEZ VOUS,https://www.ducotedechezvous-immo.com/,ducotedechezvous-immo.com,
799459201,DU PARC IMMOBILIER,https://duparcimmobilier.com/,duparcimmobilier.com,
830248795,DU SACRE COEUR IMMOBILIER,http://www.dusacrecoeurimmobilier.com/,dusacrecoeurimmobilier.com,
503522609,DUCHMANN IMMOBILIERE,http://www.immo-duchmann.fr/,immo-duchmann.fr,
882776768,DUCLAUX IMMOBILIER,https://www.duclauximmo.com/,duclauximmo.com,
929623668,Dufoncier et Associés,https://www.dufoncieretassocies.fr/,dufoncieretassocies.fr,
532559457,DUFOSSÉ IMMOBILIER – MTE,https://www.dufosseimmobilier.com/,dufosseimmobilier.com,
901021543,Dufour Immobilier,http://www.dufourimmobilier.fr/,dufourimmobilier.fr,
500756630,DUHART IMMOBILIER,https://www.duhart-immobilier.com/,duhart-immobilier.com,
901926386,DUINGT IMMOBILIER,https://duingtimmobilier.com/,duingtimmobilier.com,
922512132,DULAU IMMOBILIER,https://www.dulau-immobilier.com/,dulau-immobilier.com,
841774805,Dumarest immobilier,https://www.dumarestimmobilier.com/,dumarestimmobilier.com,
394485981,DUMONT IMMOBILIER,http://www.dumontimmobilier.fr/,dumontimmobilier.fr,
789542628,DUN IMMOBILIER,http://www.dun-immobilier.fr/,dun-immobilier.fr,
532336500,DUNE & IMMOBILIER,https://www.dune-immo.fr/,dune-immo.fr,
935316760,DUNES IMMOBILIER,https://www.dunes-immobilier.com/,dunes-immobilier.com,
497741322,DUNKERQUE IMMOBILIER,http://www.dunkerque-immo.com/,dunkerque-immo.com,
752689778,DUO IMMO,http://www.duo-immo.com/,duo-immo.com,
100092568,DUO IMMO AQUITAINE,https://www.duoimmoaquitaine.fr/,duoimmoaquitaine.fr,
837869759,DUPONT EXPERTISE IMMOBILIER,https://www.dupontimmobilierexpertise.com/,dupontimmobilierexpertise.com,
893819789,DUPONT IMMOBILIER,http://www.ardeche-immobilier.com/,ardeche-immobilier.com,
330148388,DUPRAZ IMMOBILIER,http://www.dupraz-immobilier.com/,dupraz-immobilier.com,
898047139,DUQUESNOY IMMOBILIER,https://www.duquesnoyimmobilier.com/,duquesnoyimmobilier.com,
895162212,DURAND IMMOBILIER MONTAGNE ET MER,https://www.durandimmo.com/,durandimmo.com,
382565661,DURAND MONTOUCHE,http://www.dmimmo.com/,dmimmo.com,
943355586,Durant Immo,https://durant-immo.fr/,durant-immo.fr,
820713014,DURET IMMOBILIER D'ENTREPRISE,https://www.duret-immobilier-entreprise.fr/,duret-immobilier-entreprise.fr,
831559935,DUSSAUSSOIS IMMOBILIER,http://www.dussaussoisimmobilier.com/,dussaussoisimmobilier.com,
529647638,DV IMMOBILIER,http://www.dv-immobilier-international.com/,dv-immobilier-international.com,
940075930,Défi'immo,https://www.defi-immo.com/,defi-immo.com,
950987024,DÉVELOPPEMENT LR,http://www.la-roquille.fr/,la-roquille.fr,
844388660,Dôm'Immobilier,http://www.agencedomimmobilier.com/,agencedomimmobilier.com,
985147479,Dôme Immobilier,http://www.domeimmo.fr/,domeimmo.fr,
824489868,D’Artagnan Immobilier,http://dartagnanimmobilier32.fr/,dartagnanimmobilier32.fr,
532098365,E & M IMMO,http://www.emimmo.com/,emimmo.com,
823521018,E.H IMMOBILIER,http://www.ehimmobilier.fr/,ehimmobilier.fr,
818195372,EA IMMOBILIER,http://www.eaimmobilier.fr/,eaimmobilier.fr,
900195520,EAG IMMOBILIER,https://eag-immobilier.com/,eag-immobilier.com,
834090144,EASY VENTE IMMO,http://easyventeimmo.fr/,easyventeimmo.fr,URL normalisée
914888599,EASYBIEN,https://easybien.fr/,easybien.fr,
503507311,EASYIMMO,http://easyimmoregusse.fr/,easyimmoregusse.fr,
440413136,EB ASSOCIES,http://www.ebassocies.com/,ebassocies.com,
853863454,EC IMMOBILIER,https://ec-immobilier.com/fr/,ec-immobilier.com,
529414740,ECKERT IMMOBILIER,http://www.eckert-immobilier.com/,eckert-immobilier.com,
980922124,ECLIPSE IMMOBILIER,https://www.eclipse.immo/notre-agence,eclipse.immo,
519432579,ECO IMMO 60,http://www.eco-immo60.com/,eco-immo60.com,
512979584,ECO IMMOBILIER,http://www.eco-immobilier.com/,eco-immobilier.com,
353480031,ECOBAT IMMO,https://www.ecobat.fr/,ecobat.fr,
953225901,ECP-IMMO,http://ecp-immo.fr/,ecp-immo.fr,
422326942,ECULLY IMMOBILIER - FRANCK PARISET,http://www.ecullyimmo.com/,ecullyimmo.com,
518362751,Eden Golfe,http://www.immobilier-eden-golfe.com/,immobilier-eden-golfe.com,
918206095,EDEN IMMOBILIER,http://www.edenimmo.fr/fr/,edenimmo.fr,
918576166,EDEN IMMOBILIER,http://www.eden-immo.fr/,eden-immo.fr,
800994980,EDEN PARK IMMOBILIER,http://www.edenpark-immo.fr/,edenpark-immo.fr,
483108726,EDEN SUD,http://www.edensud.com/,edensud.com,
518342910,Edifices Amiens Immobilier,https://www.edifices-immobilier.com/,edifices-immobilier.com,
434146569,EDIFIDES,https://www.edifides-immobilier.fr/,edifides-immobilier.fr,
930838156,Edouard Chapelet Immobilier,https://edouard-chapelet-immobilier.fr/,edouard-chapelet-immobilier.fr,
853756591,EEMO TOUCAN IMMOBILIER,https://www.toucan-immobilier.fr/,toucan-immobilier.fr,
895336105,Efco Immo,http://www.agence-efco-immo.com/,agence-efco-immo.com,
898606793,EFFICAC'IMMO,http://www.efficacimmo.com/,efficacimmo.com,
889047270,EFID,https://www.efid-paris.com/,efid-paris.com,
903111771,EG AGENCY,https://egagency.fr/,egagency.fr,
394815203,EGERIM CONSEIL,http://www.egerimconseil.com/,egerimconseil.com,
987593415,EID IMMOBILIER,https://www.eidimmobilier.fr/,eidimmobilier.fr,
879557460,EKIA IMMOBILIER,"http://www.ekia-immo.fr/agence/ekia-immo-tarnos-40220,2",ekia-immo.fr,
895113702,EKIMO,https://ekimo-immobilier.com/,ekimo-immobilier.com,
409873171,ELENA IMMOBILIER,https://www.elenaimmobilier.fr/,elenaimmobilier.fr,
952298198,ELEVEN LOCCO,https://elevenlocco.com/,elevenlocco.com,
982499196,Elios Group Immobilier,https://www.elios-group.com/,elios-group.com,
442699302,ELIOT IMMOBILIER,http://www.agence-eliot.com/,agence-eliot.com,
808572705,ELIOTT'S,http://www.eliotts.fr/,eliotts.fr,
931198295,Elisa Vie Immobilier,https://elisavie-immo.fr/,elisavie-immo.fr,
982113706,ELITE GROUP,https://www.elitegroupfrance.com/,elitegroupfrance.com,
904573953,ELITE IMMOBILIER,http://www.elite-immobilier-compiegne.com/,elite-immobilier-compiegne.com,
878184506,ELITE PROPERTIES,http://www.elite-properties.fr/,elite-properties.fr,
879955011,ELIZABETH TAYLOR LUXURY,https://www.elizabethtaylorluxury.com/fr/,elizabethtaylorluxury.com,
790097117,ELLES IMMOBILIER,http://www.elles-immobilier.fr/,elles-immobilier.fr,
832393490,Elodie AVENEL Meilleur conseil immo,"https://www.meilleurconseil-immo.com/conseiller/elodie.avenel,234",meilleurconseil-immo.com,
898263892,ELODIE IMMO GESTION,http://www.elodie-immonormandie.fr/,elodie-immonormandie.fr,
419552278,ELORN IMMOBILIER,http://www.elorn-immobilier.fr/,elorn-immobilier.fr,
891457533,ELS IMMO,http://www.elsimmo.fr/,elsimmo.fr,
800613549,ELYADE,https://www.elyade.com/,elyade.com,
518644000,ELYSEE GALLIC IMMOBILIER,http://www.immobilier-ouest.fr/,immobilier-ouest.fr,
482312451,ELYSEE TRANSACTIONS,https://www.elyseetransactions.fr/,elyseetransactions.fr,
985002161,ELYSIA IMMOBILIER,https://www.elysia-immobilier.fr/,elysia-immobilier.fr,
992636258,ELYTE IMMOBILIER - AGENTYS,https://www.agentys.com/office/elyte-immobilier,agentys.com,
832049480,Embréo Immobilier,http://embreo.fr/,embreo.fr,
894970631,EMC IMMOBILIER,https://www.emcimmobilier.com/,emcimmobilier.com,
908521289,EMERE IMMOBILIER,http://www.emere-immobilier.fr/,emere-immobilier.fr,
303754204,Emery Immobilier Chamalières,http://www.regie-emery.fr/,regie-emery.fr,
883141483,EMIJOLIEIMMOANDCO,https://emijolieimmoandco.com/,emijolieimmoandco.com,
380987180,EMILIE,http://www.emilie.fr/index.html,emilie.fr,
919386037,Emilien Stéphan Immobilier,https://www.emilienstephanimmobilier.fr/,emilienstephanimmobilier.fr,
878161884,EMITI,https://www.emiti.fr/,emiti.fr,
900654393,eModev,http://www.emodev.immo/,emodev.immo,
898984513,EMOTION IMMOBILIER,https://www.emotionimmobilier.fr/,emotionimmobilier.fr,
949928766,EMPEIRIA,https://www.empeiria-agence.fr/,empeiria-agence.fr,
845400654,EMPLACEMENT IMMOBILIER,https://www.emplacement-immobilier.fr/,emplacement-immobilier.fr,
978693489,EMPORIA IMMOBILIER,https://www.emporia-immobilier.com/,emporia-immobilier.com,
999890239,EMPREINTE IMMOBILIERE,https://empreinteimmobiliere.fr/,empreinteimmobiliere.fr,
813225554,EMPRORIA IMMOBILIER,https://www.emproria.fr/,emproria.fr,
837496561,En Aparté,https://www.enaparte-paris.com/,enaparte-paris.com,
920719432,En Aparté,https://www.enaparte-immo.fr/,enaparte-immo.fr,
501384333,En Aparté Agence Immobilière,http://www.enaparte.fr/,enaparte.fr,
913785911,En Aparté Immobilier,https://en-aparte-immo.fr/,en-aparte-immo.fr,
540012176,En apparté - Agence immobilière,http://enapparte.com/,enapparte.com,
509557708,EN MODE IMMO,https://enmodeimmo.com/,enmodeimmo.com,
501692479,ENEO Immobilier,https://www.eneo-immobilier.com/,eneo-immobilier.com,
929934453,ENEZ IMMOBILIER,https://www.enezimmobilier.re/,enezimmobilier.re,
811330315,ENSEMBLE IMMOBILIER,https://www.ensemble-immobilier.fr/,ensemble-immobilier.fr,
908267651,Enterprise Immobilier Capital Markets,https://www.enterprise-immo-france.fr/capital-markets,enterprise-immo-france.fr,
918128232,Entre Lac et Cimes Immobilier,http://www.entrelacetcimes-immobilier.com/,entrelacetcimes-immobilier.com,
950717553,ENTRE VOUS ET NOUS,https://www.entrevous-et-nous.fr/,entrevous-et-nous.fr,
799050489,entre2 LACS IMMOBILIER,http://www.entre2lacs-immo.com/,entre2lacs-immo.com,
984175182,ENTRENOUS IMMOBILIER,https://www.entrenous-immobilier.fr/,entrenous-immobilier.fr,
824180871,Entrezchezvous.com,https://entrezchezvous.com/fr/,entrezchezvous.com,
897713111,ENVIE D'IMMO,https://www.envie-dimmo.fr/,envie-dimmo.fr,
919327866,Envie D'un Toit,https://envieduntoit.fr/,envieduntoit.fr,
884613779,Enyo & Gaïa,http://www.enyogaia-immo.fr/,enyogaia-immo.fr,
432518637,EOL,http://www.eol.fr/,eol.fr,
431628668,EPG IMMOBILIER,http://www.epgimmobilier.fr/,epgimmobilier.fr,
813460615,EPI IMMOBILIER,https://immo-epi.com/fr/,immo-epi.com,
793078957,ERCINEA,http://www.ercinea.com/,ercinea.com,
340546738,Ergon Marseille 15ème,http://www.ergon.pro/,ergon.pro,
324175603,Eric CHATRIOT Dr House,http://www.chlorophylle-immo.com/,chlorophylle-immo.com,
942881145,Eric Landreau immobilier,https://eric-landreau-immobilier.fr/,eric-landreau-immobilier.fr,
822367306,Ernest & Associés,https://www.ernest-et-associes.com/,ernest-et-associes.com,
501452320,ERNEST IMMOBILIER,http://www.ernest-immobilier.fr/,ernest-immobilier.fr,
482220183,ERWANN COSSEC IMMOBILIER,http://www.cossec-immobilier.com/,cossec-immobilier.com,
827866633,ESCALE IMMOBILIER,http://www.escale-immobilier.com/,escale-immobilier.com,
315189787,ESCALESOUEST,https://escalesouest.com/,escalesouest.com,
750559924,Espaces et Commerces,https://www.espaces-commerces.fr/,espaces-commerces.fr,
882077662,ESPACES ET LIEUX,https://www.espacesetlieux.fr/,espacesetlieux.fr,
347669939,ESPACES IMMOBILIER,http://immobiliervalslesbains.fr/,immobiliervalslesbains.fr,
827898198,Esprit de famille,https://espritdefamille.immo/fr/,espritdefamille.immo,
509336491,ESPRIT IMMOBILIER,http://www.esprit-immo.com/,esprit-immo.com,
934802497,Esprit Immobilier,http://www.esprit.immo/,esprit.immo,
941430423,ESPRIT LANDES IMMOBILIER,https://esprit-landes-immobilier.com/,esprit-landes-immobilier.com,
948413935,ESPRIT LIBRE IMMO TRANSACTION,https://www.esprit-libre-immo-transaction.fr/,esprit-libre-immo-transaction.fr,
843880683,ESPRIT VIF IMMOBILIER,https://espritvif.immo/,espritvif.immo,
523545671,ESPRIT-IMMO.FR,http://www.esprit-immo.fr/,esprit-immo.fr,
879514016,ESSA IMMOBILIER,http://www.essa-immobilier.com/,essa-immobilier.com,
891869737,Essentiel Immo,https://www.essentiel-immo.com/,essentiel-immo.com,
943447201,ESSENTIEL IMMOBILIER,http://www.essentiel.immo/,essentiel.immo,
884353533,ESSENTIELLE IMMO,http://www.essentielle-immo.com/,essentielle-immo.com,
845327360,EST IMMO,http://www.estimmo54.com/,estimmo54.com,
830911046,EST IMMO Conseil & Patrimoine,http://www.xn--panthon-immobilier-fwb.com/,xn--panthon-immobilier-fwb.com,
840012280,EST'L IMMO,https://www.estlimmo.com/,estlimmo.com,
911564391,ESTEREL IMMO,http://www.esterel-immo.com/,esterel-immo.com,
529266421,ESTIA,http://www.estia-immo.com/,estia-immo.com,
522205558,ESTUAIRE Immobilier,http://www.estuaire-immobilier.fr/,estuaire-immobilier.fr,
429655848,ETUDE DE LA ROQUETTE,https://www.etudelaroquette.fr/,etudelaroquette.fr,
397558859,ETUDE DES VOSGES,https://www.etudedesvosges.fr/fr/,etudedesvosges.fr,
316654235,ETUDE GINDRA,https://www.etude-gindra.fr/fr,etude-gindra.fr,
322150798,Etude Hoenner Immobilier,http://www.etude-hoenner.com/,etude-hoenner.com,
412654709,ETUDE IMMOBILIERE CARLA,http://www.carlaimmo.com/,carlaimmo.com,
434333365,ETUDE IMMOBILIERE DE LILLE,http://www.etudeimmodelille.com/,etudeimmodelille.com,
528826837,ETUDE IMMOBILIERE DES 2 VALLEES,http://www.etude-immobiliere-des-deux-vallees.com/,etude-immobiliere-des-deux-vallees.com,
479236069,ETUDE IMMOBILIERE DU LITTORAL,http://www.etudes-immobilieres.com/,etudes-immobilieres.com,
530035484,ETUDE IMMOBILIERE MASSERON,http://www.immobilieremasseron.fr/,immobilieremasseron.fr,
999030836,ETUDE KAISIA,http://etudekaisia.fr/,etudekaisia.fr,
392108791,ETUDE MS,http://www.ms-conseils.com/,ms-conseils.com,
431375807,ETUDE PIERRE IMMOBILIER,http://etudepierreimmo.com/,etudepierreimmo.com,
498891480,ETUDE VALRI,https://www.etudevalri.fr/,etudevalri.fr,
349170746,ETUDES IMMOBILIERES DOUCHIN,http://www.immobilier-douchin.com/,immobilier-douchin.com,
899612428,ETXE-IMMOBILIER,https://etxe-immobilier.fr/,etxe-immobilier.fr,
918347410,EUGENIE Agence Immobilière,https://www.eugenie.immo/,eugenie.immo,
834334047,EULHIA,http://www.eulhia.fr/,eulhia.fr,
842584542,EUREKA IMMOBILIER,http://eureka-immo11.com/,eureka-immo11.com,
802358028,EURL BROCHARD IMMOBILIER,http://www.brochardimmobilier.com/,brochardimmobilier.com,
988785903,EURL OSMOSE,https://agence-osmose-immobilier.com/,agence-osmose-immobilier.com,
843960790,Euro contact immobilier,https://euro-contact.fr/,euro-contact.fr,
421645193,EURO IMMO,http://www.euroimmo06.fr/,euroimmo06.fr,
435202809,EURO LOOK IMMOBILIER,http://www.immobilier-malestroit.com/,immobilier-malestroit.com,
889181673,EUROFONCIER LES MEES,https://gambettadistribution.com/,gambettadistribution.com,
403508526,EUROP IMMO,https://www.europimmo.com/fr/,europimmo.com,
343313417,EUROP IMMOBILIER,https://www.europ-immobilier.com/,europ-immobilier.com,
504119470,EUROSUD IMMO,http://www.eurosud-immo.fr/,eurosud-immo.fr,
889226239,EVAD'IMMO agence immobilière,https://www.evadimmo.fr/,evadimmo.fr,
804971190,EVAL IMMO,https://www.eval-conseils.com/,eval-conseils.com,
888823770,EVALLY PROMOTION,https://www.jollimmo.fr/,jollimmo.fr,
528675671,EVE PARA IMMOBILIER,http://www.eveparaimmobilier.fr/,eveparaimmobilier.fr,
980488209,EVEIL IMMOBILIER,http://eveil-immobilier.fr/,eveil-immobilier.fr,
924807118,EVESQUE & MOREAU ASSOCIES,https://www.evesquemoreau.com/agence-immobiliere-montpellier/locations,evesquemoreau.com,
108309253,EVIDENCE IMMO,http://www.evidenceimmo71.com/,evidenceimmo71.com,
888533445,EVIDENCE IMMOBILIER,http://www.evidenceimmobilier.fr/,evidenceimmobilier.fr,
828807750,EVILANCE,https://evilance.fr/,evilance.fr,
954081634,Evim Immobilier,https://www.evim-immobilier.com/,evim-immobilier.com,
893345462,EVO'IMMO,http://evo.immo/,evo.immo,
348083106,EVO'LOGIS,https://www.evologis.fr/,evologis.fr,
822470837,EVOC Immobilier,http://www.evoc-immobilier.com/,evoc-immobilier.com,
749995635,EVRARD IMMOBILIER,http://www.evrardimmobilier.com/,evrardimmobilier.com,
394643191,EXCEL IMMO,https://www.excelimmo.com/,excelimmo.com,
530792548,EXCELL IMMOBILIER,http://www.excellimmobilier.com/,excellimmobilier.com,
502583461,EXCELLENCE IMMOBILIER,http://www.excellenceimmobilier.fr/,excellenceimmobilier.fr,
994655330,EXCELLIA IMMOBILIER,http://www.excellia-immobilier.com/,excellia-immobilier.com,
932320609,EXCELLIUM Immobilier,https://www.excellium.immo/,excellium.immo,
807803721,EXCEPTIMMO,http://www.exceptimmo.com/,exceptimmo.com,
421313420,EXCLUSIF IMMO,http://www.exclusifimmo.net/,exclusifimmo.net,
831102801,EXCLUSIV'IMMO,https://www.exclusivimmo.fr/accueil-exclusivimmo-agence-immobiliere-loire-atlantique,exclusivimmo.fr,
485006894,EXCLUSIVE LTD,https://exclusive-ltd-commerces.octissimo.com/,exclusive-ltd-commerces.octissimo.com,
984327759,EXCUR IMMOBILIER,http://excurimmobilier.fr/,excurimmobilier.fr,
801118274,EXELHOME,http://www.exelhome.fr/,exelhome.fr,
878872688,Exeloc,https://www.exeloc.com/,exeloc.com,
897912358,EXPERIENCE IMMOBILIER,http://www.experience-immobilier.fr/,experience-immobilier.fr,
797919834,EXPERT IMMO,https://www.expert-immo-lille.fr/,expert-immo-lille.fr,
832411458,EXPERT IMMO,https://www.expert-immo45.com/,expert-immo45.com,
888249018,EXPERT IMMO GRAND EST,https://www.expertimmograndest.fr/,expertimmograndest.fr,
527552905,EXPERT'IMMO,https://www.agencexpertimmo.fr/,agencexpertimmo.fr,
504346131,EXPERTISIMMO,http://www.expertisimmo.com/,expertisimmo.com,
529290561,EYE IMMO,https://www.eye-immo.com/,eye-immo.com,
814558169,Eylau Immobilier,https://www.eylauimmobilier.com/,eylauimmobilier.com,
507835957,EZARE IMMOBILIER BEAUNE,http://www.ezare.fr/,ezare.fr,
921568077,F IMMOBILIER TOULOUSE,http://www.fimmobiliertoulouse.com/,fimmobiliertoulouse.com,
984033084,F2 IMMOBILIER,https://www.f2immobilier.com/,f2immobilier.com,
889756862,FABIEN IMMOBILIER,https://www.fabien-immobilier.fr/,fabien-immobilier.fr,
802966051,FACEIMMO,http://www.faceimmo.com/les-plus.html,faceimmo.com,
820507945,FACIL'IMMO,https://www.facil-immo80.com/,facil-immo80.com,
811534163,FACIL-IMMO,http://www.facil-immo.com/,facil-immo.com,
902137165,Facilimmo59 - Agence Immobilière en Pévèle,https://facilimmo59.com/,facilimmo59.com,
808731764,FACILIS IMMOBILIER,http://www.facilis.immo/,facilis.immo,
449044056,FAELENS IMMOBILIER LILLE,http://www.faelensimmobilier.com/,faelensimmobilier.com,
899116552,FAIRLEY IMMOBILIER,https://fairley-immobilier.com/fr,fairley-immobilier.com,
312695794,FAIVRE IMMOBILIER,https://www.faivreselection-immobilier.fr/,faivreselection-immobilier.fr,
982151417,Falchetto immobilier,http://www.falchetto-immobilier.com/,falchetto-immobilier.com,
819602962,FALGARDE GESTION,http://www.falgardegestion.com/,falgardegestion.com,
917721854,FAN'EST IMMOBILIER,http://www.fanest.fr/,fanest.fr,
302589379,FANTIN IMMOBILIER,http://www.fantin-immobilier.fr/,fantin-immobilier.fr,
525082459,FAR IMMO,http://www.far-immo.com/,far-immo.com,
949613368,FARELO IMMOBILIER,https://fareloimmobilier.com/,fareloimmobilier.com,
433948338,Faubourg Conseil Immobilier,http://www.fbg-immobilier.com/,fbg-immobilier.com,
990950099,Fauny & Fourez Immobilier,http://www.fauny-fourez-immobilier.com/,fauny-fourez-immobilier.com,
802355008,FAUQUE IMMOBILIER,http://www.fauque-immobilier.fr/,fauque-immobilier.fr,
433827862,FAURE IMMOBILIER,http://www.faureimmobilier.com/,faureimmobilier.com,
798045761,FAURE IMMOBILIER,http://www.faureimmobilier.fr/,faureimmobilier.fr,
524379492,FAUREIMMO.FR,http://www.faureimmo.fr/,faureimmo.fr,
839653250,FAUVIN Morgane - HA IMMO Mandataire immobilier EI,http://www.ha.immo/,ha.immo,
910340959,Favrou Immobilier,http://www.favrou-immobilier.fr/,favrou-immobilier.fr,
814120820,FAYET IMMO,http://www.fayet-immobilier.fr/,fayet-immobilier.fr,
533534616,FB IMMOBILIER,http://www.fb-immobilier.fr/,fb-immobilier.fr,
353229040,FB IMMOBILIER CONSEIL,https://www.fb-immo.com/,fb-immo.com,
881021174,FC IMMO,http://www.fcimmo62.com/,fcimmo62.com,
922239678,FC IMMO,https://fcimmo.lu/fr/accueil,fcimmo.lu,
838339596,FC Sanary Agence,http://www.fcagencesanary.com/,fcagencesanary.com,
843875865,FCG Immobilier,https://fcgimmo.fr/fr/,fcgimmo.fr,
448860197,FCH IMMOBILIER,http://www.fch-immobilier.com/,fch-immobilier.com,
499493856,FCI Immobilier,http://www.agence-immobiliere-dordogne.com/,agence-immobiliere-dordogne.com,
812986081,FCPI Ponts-Jumeaux,https://www.fcpi-immobilier.fr/agence-fcpi-ponts-jumeaux/,fcpi-immobilier.fr,
902436120,FCT IMMOBILIER,https://www.fct-immobilier.fr/,fct-immobilier.fr,
852732692,Fdimmo 24,http://www.fdimmo24.com/,fdimmo24.com,
843797457,Fedelia,https://www.fedelia-immobilier.com/,fedelia-immobilier.com,
948440052,FEEL IMMOBILIER,http://www.feel-immobilier.com/,feel-immobilier.com,
883099004,Feelhoome Agence Immobilière,http://www.feelhoome.fr/,feelhoome.fr,
808646269,FENNINGER IMMOBILIER,http://www.fenninger-immobilier.fr/,fenninger-immobilier.fr,
793062928,FERCHAU IMMOBILIER,http://ferchau-immobilier.fr/,ferchau-immobilier.fr,
903884740,FERRANDI IMMOBILIER,http://www.ferrandi-immobilier.fr/,ferrandi-immobilier.fr,
879294551,FEURS IMMOBILIER,http://www.feurs-immobilier.com/,feurs-immobilier.com,
389968777,FEYZIN IMMOBILIER,http://www.feyzinimmobilier.fr/,feyzinimmobilier.fr,
979894953,FG IMMOBILIER,https://www.fg-immobilier.com/,fg-immobilier.com,
847751237,FIABLIMO | agence immobilière,https://agence-fiablimo.fr/,agence-fiablimo.fr,
813691516,FICHIER CENTRAL IMMOBILIER,https://www.fci-france.com/,fci-france.com,
337595888,FIDEF IMMOBILIER,http://www.fidef-immobilier.com/,fidef-immobilier.com,
841880982,Fidelis Côte d'Opale,http://www.fidelis-cote-opale.com/,fidelis-cote-opale.com,
314246737,FIDES HERMES IMMOBILIER,http://www.fides-hermes.com/,fides-hermes.com,
514985951,FIDES HERMES ROANNE,http://www.fideshermes-roanne.fr/,fideshermes-roanne.fr,
352256457,FIDIMMO,https://agence-fidimmo.fr/,agence-fidimmo.fr,
980568802,Fidès Immobilier,https://fides-immo.fr/fr/,fides-immo.fr,
820894640,FIGEAC IMMOBILIER,https://www.figeacimmobilier.com/,figeacimmobilier.com,
819814856,Fiivers Immobilier,https://maison7esens.fr/,maison7esens.fr,
801683962,FIJ IMMOBILIER,http://www.fij-immobilier.fr/,fij-immobilier.fr,
990689119,Filigrane immobilier,https://www.filigrane.immo/,filigrane.immo,
478532088,FILUMENA OFFICE IMMOBILIER,http://www.filumena.fr/,filumena.fr,
989624754,FILYA-IMMOBILIER,http://www.filya-immobilier.com/,filya-immobilier.com,
349993444,FIM AUMALE,http://www.fim-immobilier.com/,fim-immobilier.com,
882723026,Fimeo,https://www.fimeo.fr/,fimeo.fr,
841451578,FINDHOUSE CONSULTING,https://www.findhouse-consulting.com/,findhouse-consulting.com,
833577729,FINESTONE,https://finestone-immobilier.fr/,finestone-immobilier.fr,
331367359,FIP Gestion Immobilière,https://www.fip-gestion.fr/,fip-gestion.fr,
507452415,FIRST CITY CONSEILS,https://firstcityconseils.fr/,firstcityconseils.fr,
400673612,FISCHER IMMOBILIER,http://www.fischerimmo.fr/,fischerimmo.fr,
510166093,FISCHER IMMOBILIER,http://www.fischer-immobilier.fr/,fischer-immobilier.fr,
384327268,FIT IMMOBILIER,http://www.fitgestion.com/,fitgestion.com,
927914432,FITOU IMMO,https://www.fitou-immo.com/,fitou-immo.com,
831139464,FITZ JAMES IMMOBILIER,http://fitzjamesimmo.fr/,fitzjamesimmo.fr,
533839858,FIXIM Agence immobilière,http://www.fixim.fr/,fixim.fr,
805003506,FL IMMO-Agence Lionel FORNI,http://www.prevot-immobilier.com/,prevot-immobilier.com,
790674550,FLAGSHIP,http://www.flagship.fr/,flagship.fr,
339339541,FLASH IMMOBILIER,http://flashimmobilier.fr/,flashimmobilier.fr,
800111387,Flash Transactions Immobilières F.T.I,https://www.fti-immobilier-transaction-gestion.fr/,fti-immobilier-transaction-gestion.fr,
913255576,FLAT and HOUSE HUMAIMBILIER,https://www.flatandhouse-agence.immo/,flatandhouse-agence.immo,
891579526,FLATLINK,https://flatlink.fr/,flatlink.fr,
803760727,FlatnYou,http://www.flatnyou.com/,flatnyou.com,
884606310,FLAVIANO IMMO,https://www.flaviano-immo.com/,flaviano-immo.com,
529543530,FLEUROT IMMOBILIER,http://www.fleurotimmobilier.com/,fleurotimmobilier.com,
793863762,FLEURY Vallée de l'Andelle Groupe STRATEGiMMO,http://www.strategimmo.fr/,strategimmo.fr,
499709913,FLEXIMMO,http://www.fleximmo.net/,fleximmo.net,
902673276,FLEXIMO by OLAGNON IMMOBILIER,https://fleximo.fr/,fleximo.fr,
434137576,FLEYS IMMOBILIER,http://www.fleys.com/,fleys.com,
538563693,FLIMMO ACHERES,http://www.flimmo-acheres.fr/,flimmo-acheres.fr,
382800126,FLINT IMMOBILIER,https://www.flint-immobilier.com/a/groupe-flint-immobilier.html,flint-immobilier.com,
821167913,FLOR'IMM,https://www.florimm.com/,florimm.com,
977800317,FLY LIBERTY IMMOBILIER ET COURTAGE,http://www.flyliberty.fr/,flyliberty.fr,
489801399,FM Conseil,http://www.fmconseil.fr/,fmconseil.fr,
812738375,FM IMMOBILIER ET PATRIMOINE,http://www.fmimmo13.fr/,fmimmo13.fr,
852932193,FNT Immo,http://www.fnt-immo.com/,fnt-immo.com,
323683763,FOCH IMMOBILIER,http://www.foch-immobilier.fr/,foch-immobilier.fr,
999707268,Foex Immobilier,https://foex-immobilier.com/,foex-immobilier.com,
819156035,FONCEA,https://www.foncea.fr/,foncea.fr,
530983782,FONCIER 56,https://www.foncier56.fr/,foncier56.fr,
484691290,FONCIER AMENAGEMENT,http://www.foncier-amenagement.fr/,foncier-amenagement.fr,
243500139,Foncier Solidaire Rennes Métropole,https://www.demandelogement35.fr/imhowebGP35/pages/35/la-location-active-a-rennes-2.html,demandelogement35.fr,URL normalisée
789002102,FONCIERE BERGE,http://www.fonciere-berge.com/,fonciere-berge.com,
410597363,FONCIERE CHARENTAISE,http://www.foncierecharentaise.com/,foncierecharentaise.com,
494068356,FONCIERE DE L OCEAN INDIEN,https://www.foi974.re/,foi974.re,
403459167,FONCIERE DE LA VALLEE DE CHEVREUSE,http://www.foncierevalleedechevreuse.fr/,foncierevalleedechevreuse.fr,
803082411,FONCIM,https://foncim.fr/,foncim.fr,
481145449,FONT IMMOBILIER SAINT CHAMOND,http://www.font-immobilier.com/,font-immobilier.com,
443744917,FONTAINE IMMOBILIER,http://www.fontaine-immobilier.fr/,fontaine-immobilier.fr,
524220738,FONTAINE IMMOBILIER,http://www.fontaineimmo33.com/,fontaineimmo33.com,
677220162,FONTAN IMMOBILIER,http://www.fontan-immobilier.com/,fontan-immobilier.com,
948911631,Fontarosa Immobilier,https://fontarosa-immobilier.fr/fr/,fontarosa-immobilier.fr,
992989939,FONTETTE IMMOBILIER,https://www.fontette-immobilier.fr/,fontette-immobilier.fr,
887996353,FOODIMMO,https://www.foodimmo.fr/,foodimmo.fr,
904042223,FOREST HILL,http://www.agence-foresthill.fr/,agence-foresthill.fr,
531685261,Forfait Agency,https://forfaitagency.com/,forfaitagency.com,
754049682,Forom Immobilier,http://www.forom.immo/,forom.immo,
444729800,FOROT IMMOBILIER,http://www.forot-immobilier.com/,forot-immobilier.com,
934113309,FORTICE Immobilier,http://www.fortice.fr/,fortice.fr,
844506642,Fortis Immo Paris,https://www.fortisimmo.fr/,fortisimmo.fr,
508554425,FORYOU,http://www.for-you.fr/,for-you.fr,
539436659,FOULIMMO 47,http://www.foul-immo47.com/,foul-immo47.com,
533895199,FR IMMOBILIER,https://fr-immo.fr/,fr-immo.fr,
483078671,France Agence Immobilier,http://www.france-agence.com/,france-agence.com,
378943609,FRANCE DEMEURE FRANCONVILLE,http://www.francedemeure.com/,francedemeure.com,
347509739,france Europe Immobilier,https://www.fei-sas.com/,fei-sas.com,
424255727,FRANCE IMMO,https://franceimmo3.fr/,franceimmo3.fr,
941307142,France Locaux,http://www.francelocaux.fr/,francelocaux.fr,
673720744,FRANCE LOIRE,http://www.franceloire.fr/,franceloire.fr,
831405147,FRANCE ROOM,https://www.france-room.fr/,france-room.fr,
497809772,France SD,https://www.francesdimmobilier.fr/,francesdimmobilier.fr,
912650959,FRANCES IMMOBILIER,http://www.frances-immobilier.fr/,frances-immobilier.fr,
911398204,Franck Rescanieres,https://www.iadfrance.fr/conseiller-immobilier/franck.rescanieres,iadfrance.fr,
484866611,FRANKLIN IMMOBILIER,http://www.franklin-immobilier.fr/,franklin-immobilier.fr,
801558735,Française de Gestion,https://www.francaisedegestion.fr/,francaisedegestion.fr,
838428613,François Mathieu Immobilier,https://www.francoismathieuimmobilier.fr/,francoismathieuimmobilier.fr,
943685024,FRATEL IMMO,https://www.fratel-immo.com/,fratel-immo.com,
800179491,FRAVALO IMMOBILIER,http://www.fravalo.com/,fravalo.com,
882080054,FREDELION,http://www.fredelion.com/,fredelion.com,
952843357,FREEDOM IMMOBILIER,https://www.freedom-immobilier.com/,freedom-immobilier.com,
917828469,FRENCH ESTATE - Agence Immobilière,http://french-estate.fr/,french-estate.fr,
433736881,French real Estate,http://www.frenchreal.fr/,frenchreal.fr,
488585654,FRERE IMMOBILIER,http://www.frere-immo.com/,frere-immo.com,
810013367,FRIEDRICH IMMOBILIER,http://www.friedrich-immobilier.com/,friedrich-immobilier.com,
813296555,Fritsch immobilier,https://fritschimmobilier.fr/,fritschimmobilier.fr,
515090421,FRONTIGNAN IMMO,http://www.immo-frontignan.fr/,immo-frontignan.fr,
983917329,FRÉDÉRIC BIANCO IMMOBILIER BELLEGARDE,https://fredericbianco-immobilier.fr/,fredericbianco-immobilier.fr,
508801131,Frédérique Barjhoux Immobilier,http://www.fbjx.fr/,fbjx.fr,
990900888,FURLAN IMMOBILIER,http://www.furlanimmobilier.com/,furlanimmobilier.com,
494226053,FUSINI Immobilier,http://www.fusini-immobilier.com/,fusini-immobilier.com,
791961758,FVP IMMOBILIER,http://www.fvpimmobilier.com/,fvpimmobilier.com,
933796617,FYM immobilier,http://www.fymimmobilier.fr/,fymimmobilier.fr,
922721543,Fédéral Immobilier,https://www.federalimmobilier.fr/,federalimmobilier.fr,
922528476,Félix Immobilier,https://feliximmobilier.fr/,feliximmobilier.fr,
829538164,G ET R IMMOBILIER,http://www.grimmobilier.fr/,grimmobilier.fr,
797598125,G IMMOBILIER,http://www.gimmobilier-lorraine.com/,gimmobilier-lorraine.com,
343270930,G R B IMMOBILIER TRANSACTION,http://www.grbimmobilier.fr/,grbimmobilier.fr,
900931510,G-L IMMOBILIER,https://www.g-limmobilier.fr/,g-limmobilier.fr,
890453277,Gabicy Immobilier,http://www.gabicy.com/,gabicy.com,
898796370,GABRIEL ART IMMOBILIER,http://www.gabrielartimmobilier.com/,gabrielartimmobilier.com,
978318087,GABRIELE IMMOBILIER,http://www.gabriele-immobilier.fr/,gabriele-immobilier.fr,
381427996,GAILLARD IMMOBILIER,http://www.gaillard-immobilier.com/,gaillard-immobilier.com,
910117738,GALA IMMOBILIER,https://gala-immobilier.fr/,gala-immobilier.fr,
984511279,Galaxiim,http://www.galaxiim.com/,galaxiim.com,
838553261,GALEA IMMOBILIER,https://www.galeaimmobilier.fr/accueil-gal%C3%89a-immobilier-agence-immobiliere-bavay,galeaimmobilier.fr,
838791507,GALLICE IMMOBILIER,http://www.galliceimmobilier.com/,galliceimmobilier.com,
835267923,GALLO IMMOBILIER,https://gallo-immobilier.fr/,gallo-immobilier.fr,
923136626,GALLYS IMMOBILIER,http://www.gallys-immo.fr/,gallys-immo.fr,
351155668,GALYO,https://www.galyo.fr/,galyo.fr,
493704613,Galé Immobilier,http://www.galeimmobilier.com/,galeimmobilier.com,
339854366,GAMBETTA IMMOBILIER,https://www.gambetta-immobilier.com/fr/,gambetta-immobilier.com,
423277789,GAMBETTA IMMOBILIER,https://gambetta-immobilier-83.fr/,gambetta-immobilier-83.fr,
449887728,GARONNE IMMO,http://www.garonne-immo.com/,garonne-immo.com,
830221982,GASCON IMMOBILIER depuis 1989,https://www.gascon-immobilier.com/,gascon-immobilier.com,
951723840,GATINAIS IMMOBILIER agence de MILLY LA FORÊT,https://gatinais-immobilier.com/,gatinais-immobilier.com,
500801584,GATTY IMMOBILIER CONSEILS,http://www.giconseils.com/,giconseils.com,
922211420,GAUZE IMMOBILIER,http://gauzeimmobilier.com/,gauzeimmobilier.com,
671880417,GB Immobilier,http://www.gbimmobilier.net/,gbimmobilier.net,
838705374,GB Immobilier,https://www.gb-immobilier.com/,gb-immobilier.com,
751748674,GC Immobilier — Agence immobilière,http://www.gc34immobilier.com/,gc34immobilier.com,
814064515,GC-IMMO FRANCO SUIISSE,https://www.gc-immofrancosuisse.com/,gc-immofrancosuisse.com,
788930717,GCI Gestion Conseil Immobilier,https://www.gci-gestion-conseil-immo.com/,gci-gestion-conseil-immo.com,
841177827,GECOVAR,https://gecovar.fr/,gecovar.fr,
984774604,GELAS IMMOBILIER,http://www.gelas-immobilier.com/,gelas-immobilier.com,
898490842,GEMILLI,https://gemilli.fr/,gemilli.fr,
948991005,GEMME IMMOBILIER,https://gemme.immo/,gemme.immo,
792644460,Genco corsica immobilier,https://genco-immobilier.com/,genco-immobilier.com,
819355702,GENERALVALOR,https://www.generalvalor.com/,generalvalor.com,
900302928,GENERATION IMMO Pays d'Arles,https://www.alpilles-arles-immo.com/fr/,alpilles-arles-immo.com,
977561570,GENNARO ET ASSOCIES,https://gennaro-associes.com/,gennaro-associes.com,
911569853,GEOFFREY PENZA I IMMOBILIER,https://www.geoffreypenzaimmobilier.fr/,geoffreypenzaimmobilier.fr,
849643853,GERBAUD P.N IMMOBILIER,https://www.gerbaud-immobilier.com/,gerbaud-immobilier.com,
397972514,Gere Immo,https://www.gereimmo.com/,gereimmo.com,
948515010,GERIMM,http://www.gerimm.fr/,gerimm.fr,
310530308,GERMAIN IMMOBILIER,http://www.germain-immobilier.com/,germain-immobilier.com,
990202384,GERONS-IMMO,https://www.gerons-immo.fr/,gerons-immo.fr,
792995490,GERS IMMOBILIER,https://www.gers-immobilier.fr/,gers-immobilier.fr,
477679286,Gerzat Immobilier,http://www.gerzat-immobilier.fr/,gerzat-immobilier.fr,
792851867,GESBERT IMMOBILIER,https://www.gesbert-immobilier.com/,gesbert-immobilier.com,
913919320,Gesloc,https://www.ges-loc.fr/,ges-loc.fr,
810100149,GESPAC,https://www.gespac-immobilier.com/,gespac-immobilier.com,
850409269,GEST AND LOC,https://bee-immobilier.fr/,bee-immobilier.fr,
405197997,Gest'Imm Agence Gambetta,http://www.agencegambetta.fr/,agencegambetta.fr,
990877417,GEST'IMMO,https://www.gestimmo-france.fr/,gestimmo-france.fr,
882638547,GESTIA SOLIDAIRE,https://gestia-solidaire.com/,gestia-solidaire.com,
421457458,GESTIL,http://www.gestil.com/,gestil.com,
527665897,GESTIMM,http://www.gestimm-immobilier.fr/,gestimm-immobilier.fr,
807710132,GESTIMMLOC,https://www.syndic-de-copropriete-draguignan.fr/,syndic-de-copropriete-draguignan.fr,
847816519,GESTIMMO,https://www.gestimmo.biz/,gestimmo.biz,
504552084,GESTIMMO 94,https://www.gestimmo94.com/,gestimmo94.com,
989983713,GESTIMMOPRIME,http://www.gestimmoprime.com/,gestimmoprime.com,
522741529,GESTIOM IMMOBILIER,http://www.gestiom.com/,gestiom.com,
791877632,GESTION CASA IMMOBIILIERE,http://gestion-casa-immo.com/,gestion-casa-immo.com,
990262503,GESTION IMMOBILIERE RHONE SAONE,https://villefranche.pietrapolis.fr/,villefranche.pietrapolis.fr,
513033712,GESTION IMMOBILIERE S. MARCOUX,http://www.regie-marcoux.fr/,regie-marcoux.fr,
341715472,GESTION IMMOBILIERE VARAGNAT,http://www.varagnat.fr/,varagnat.fr,
492007000,Gestion Immobilière Sud Azur,https://www.sudazur.net/,sudazur.net,
421109042,GESTION LOC ACTIVE,https://www.gestionlocactive.com/,gestionlocactive.com,
398386524,GESTION LOUBATIERES ET CASTELA,http://www.gestion-loubatieres-castela.fr/,gestion-loubatieres-castela.fr,
518713854,GESTISSIMMO,http://www.gestissimmo.com/,gestissimmo.com,
844341297,GESTY HOME,https://www.gesty.fr/,gesty.fr,
501020663,gfp gestion immobilière,http://www.gfp-immo.fr/,gfp-immo.fr,
835018185,GH IMMO,https://www.greenhomeimmobilier.fr/,greenhomeimmobilier.fr,
951371095,GHITTI IMMOBILIER,https://www.ghitti-sas.com/,ghitti-sas.com,
912071974,GHROOM Immobilier - Agence immobilière Chartres,https://www.ghroom.fr/,ghroom.fr,
793702358,GHT IMMO,https://www.ghtimmo.fr/,ghtimmo.fr,
510752454,GHT immobilier Besançon,https://www.ghtimmo.com/,ghtimmo.com,
852784420,GIANELLA IMMOBILIER,http://www.gianella-immobilier.fr/,gianella-immobilier.fr,
308820083,GIBERT IMMOBILIER,http://www.gibert-immobilier.fr/,gibert-immobilier.fr,
790200901,Giboire Immobilier Vannes,https://www.giboire.com/recherche-achat/,giboire.com,
311551337,GICR,https://www.sa-gicr.fr/,sa-gicr.fr,
879828325,GIMS Immobilier,http://www.gims-immobilier.fr/,gims-immobilier.fr,
531572451,GINA IMMOBILIER,https://www.gina-immobilier.fr/,gina-immobilier.fr,
504902859,GIORDANO IMMOBILIER,http://www.giordano-immo.com/,giordano-immo.com,
698502200,GIPA,http://www.gipa-immobilier.fr/,gipa-immobilier.fr,
802446252,GIPSE,https://www.gipse.net/,gipse.net,
808337117,Girardi Immobilier,http://www.girardi-immobilier.com/,girardi-immobilier.com,
903509677,GIRAULT-POINTET IMMOBILIER,http://www.giraultimmobilier.com/,giraultimmobilier.com,
413583964,GIT IMMO,http://www.gitimmo.fr/,gitimmo.fr,
901557504,Givern immobilier,https://www.givernimmobilier.com/,givernimmobilier.com,
403937170,GIX IMMOBILIER,https://www.gix-immobilier.fr/,gix-immobilier.fr,
947952206,GL IMMO PLUS,http://www.glimmoplus.fr/,glimmoplus.fr,
344230289,GL IMMOBILIER,http://www.immobilier-saint-gilles.com/,immobilier-saint-gilles.com,
918734591,GLCD Immobilier - Vente et Conciergerie,https://glcdimmobilier.fr/,glcdimmobilier.fr,
513171231,GLIERES IMMOBILIER,https://www.glieresimmobilier.fr/,glieresimmobilier.fr,
821270527,Global Immobilier,https://www.globalimmobilier.immo/,globalimmobilier.immo,
102719960,GLOBALIS IMMO,http://www.agence-globalis.com/,agence-globalis.com,
790994198,Globe Immobilier – Agence Immobilière à Biarritz,https://agence-immobiliere-biarritz.com/,agence-immobiliere-biarritz.com,
892045196,GM IMMOBILIER,https://www.gmimmobilier.com/,gmimmobilier.com,
917985517,GMC IMMOBILIER,https://www.gmc-immobilier.fr/,gmc-immobilier.fr,
501341358,GNN FRANCE,http://www.gnnfrance.com/,gnnfrance.com,
881197800,GO IMMO,https://www.go-immo.fr/,go-immo.fr,
899909147,Gold Cervus Immobilier,https://immobilier.gold-cervus.fr/,immobilier.gold-cervus.fr,
107141756,GOLD IMMOBILIER,https://goldimmobilier.com/fr/,goldimmobilier.com,
911109817,GOLDEN TRANSACTION,https://www.golden-transaction.fr/fr,golden-transaction.fr,
894390863,GOLF IMMO,http://www.golf-immo.com/,golf-immo.com,
909990863,Gonin Immobilier,https://gonin-immobilier.com/,gonin-immobilier.com,
902307149,GONORD IMMOBILIER,https://www.gonord-immobilier.fr/fr/ventes,gonord-immobilier.fr,
951669027,GOODLINK IMMOBILIER,https://www.goodlink-immo.fr/,goodlink-immo.fr,
351981444,GOUR IMMOBILIER,https://www.gour-immobilier.com/programmes-neufs,gour-immobilier.com,
479906901,GOURDON IMMOBILIER,http://www.gourdon-immobilier.fr/,gourdon-immobilier.fr,
804998185,GOUTEY IMMOBILIER,http://www.goutey-immobilier.fr/,goutey-immobilier.fr,
950771402,GOUVERNEUR IMMOBILIER,http://www.gouverneurimmobilier.com/,gouverneurimmobilier.com,
888021581,GOYARD ET ASSOCIES REAL ESTATE NICE,http://www.goyardrealestate-nice.com/,goyardrealestate-nice.com,
881715130,GP Immobilier Reims,https://www.gpimmoreims.com/,gpimmoreims.com,
421374711,GR GROUPE,http://www.grgroupe.com/,grgroupe.com,
319861183,Graillat Immobilier,https://www.graillatimmobilier.com/,graillatimmobilier.com,
940973233,GRAMOZ Shala,https://www.yautimmo.fr/,yautimmo.fr,
809029176,GRAND CENTRAL IMMOBILIER,https://www.grandcentralimmobilier.com/,grandcentralimmobilier.com,
824926638,GRAND LYON IMMOBILIER,http://www.grand-lyon-immobilier.fr/,grand-lyon-immobilier.fr,
819559477,GRAND PARIS IMMO-TRANSACTIONS,http://www.grandparisimmo.com/,grandparisimmo.com,
320254386,GRAND SIECLE IMMOBILIER,http://www.grandsiecleimmo.com/,grandsiecleimmo.com,
848783221,GRAND SITE IMMOBILIER,http://grand-site-immobilier.fr/,grand-site-immobilier.fr,
410431266,Grand Sud Immobilier,http://www.grand-sud-immobilier.com/,grand-sud-immobilier.com,
439893868,GRAND SUD IMMOBILIER,http://www.grandsud.immo/,grandsud.immo,
432089290,GRAND TOULOUSE IMMOBILIER,http://www.grand-toulouse-immobilier.com/index.php,grand-toulouse-immobilier.com,
922721972,GRANDE RUE IMMOBILIER,http://www.granderue-immobilier.com/,granderue-immobilier.com,
888236593,GRANIER DAVID & ASSOCIES IMMOBILIER,https://www.adroit-immo.com/,adroit-immo.com,
528298250,GRAPHITE Immobilier by Marcy immo,http://www.graphite-immobilier.com/,graphite-immobilier.com,
424899052,GRASSET IMMOBILIER,http://www.grasset-immobilier.com/,grasset-immobilier.com,
934124579,GRASTEAU IMMOBILIER,https://www.grasteau-immobilier.fr/,grasteau-immobilier.fr,
592039705,GRATADE,https://www.gratade.com/,gratade.com,
822940789,GRAVELIN IMMO,http://gravelin-immo.com/,gravelin-immo.com,
520826355,GRAVELINES IMMOBILIER,http://www.gravelines-immobilier.fr/,gravelines-immobilier.fr,
952198596,GRAVITY IMMOBILIER,https://www.gravityimmo.fr/,gravityimmo.fr,
531099265,Greem by migneaux immobilier,https://greem.immo/,greem.immo,
918176504,GREEN CITY RESIDENCES,https://www.greencityimmobilier.fr/,greencityimmobilier.fr,
891481301,Green Key Immo,https://greenkeyimmo.com/,greenkeyimmo.com,
499284065,GREENSTONE,https://www.green-stone.fr/,green-stone.fr,
927851162,GREGOIRE IMMOBILIER,https://www.gregoire-immo.fr/,gregoire-immo.fr,
523780203,Gregoire Immobilier / Agence de Montigny,http://www.agencedemontigny.fr/,agencedemontigny.fr,
924947377,GREGORI METGE IMMOBILIER,https://www.gregorimetgeimmobilier.com/,gregorimetgeimmobilier.com,
532928348,GRIET IMMO,http://www.grietimmo.com/,grietimmo.com,
494340110,GRIFFE Christophe,https://agentimmoprovence.com/,agentimmoprovence.com,
815246780,GRIFFON CHOLOUX IMMOBILIER,http://www.griffon-choloux-immobilier.com/,griffon-choloux-immobilier.com,
798160412,GROUPE 123 IMMO MIGENNES,http://www.groupe123immo.com/,groupe123immo.com,
386220032,GROUPE ADIS,https://www.gie-adis.fr/,gie-adis.fr,
500419254,GROUPE BABYLONE IMMOBILIER,https://www.groupebabylone.fr/,groupebabylone.fr,
790288146,Groupe BAMA,https://groupe-bama.fr/,groupe-bama.fr,
890313372,Groupe Blaizot Gestion,https://www.groupeblaizot.com/,groupeblaizot.com,
793364670,GROUPE BLOT IMMOBILIER,http://www.blot-immobilier.fr/,blot-immobilier.fr,
422962258,GROUPE BSI OGIPA,https://www.bsi-ogipa.com/,bsi-ogipa.com,
795340819,Groupe Ceris,https://www.cerisimmobilier.fr/,cerisimmobilier.fr,
397486937,Groupe CIF,http://www.groupecif.com/,groupecif.com,
498291905,GROUPE CONCEPT IMMOBILIER,http://www.groupeconceptimmo.com/,groupeconceptimmo.com,
947982666,GROUPE DALBADE IMMOBILIER,http://www.groupe-dalbade-immobilier.fr/,groupe-dalbade-immobilier.fr,
904399581,Groupe Demain Immobilier,http://www.groupedemainimmobilier.com/,groupedemainimmobilier.com,
531728889,Groupe Edouard Denis,https://edouarddenis-immobilier.com/,edouarddenis-immobilier.com,
670801430,GROUPE FG,http://www.groupe-fg.fr/,groupe-fg.fr,
791637358,GROUPE FH Immobilier,http://www.fhimmobilier.fr/,fhimmobilier.fr,
834562035,GROUPE FONCIER DE FRANCE,https://www.groupe-foncier-de-france.fr/,groupe-foncier-de-france.fr,
353923733,Groupe Foncier Foch,http://groupefoncierfoch.com/,groupefoncierfoch.com,
502811144,GROUPE GTI,http://www.gti-immobilier.fr/,gti-immobilier.fr,
911419117,Groupe H-Immo Agence Immobilière,https://h-immo.fr/,h-immo.fr,
812683357,GROUPE IMMO PARTNERS,http://www.groupepartners.com/,groupepartners.com,
832685705,GROUPE IMMOGLISS,https://immogliss.fr/,immogliss.fr,
837837640,GROUPE KISS,https://groupe-kiss.com/,groupe-kiss.com,
801358763,GROUPE LANCELOT IMMOBILIER,http://www.lancelot-immo.com/,lancelot-immo.com,
318248093,GROUPE LEVILLAIN,http://www.immobilier77.com/index.php,immobilier77.com,
909975641,GROUPE LIFE IMMOBILIER,http://www.groupelifeimmobilier.fr/,groupelifeimmobilier.fr,
790830129,GROUPE LJ,https://www.groupe-lj.fr/,groupe-lj.fr,
984092601,GROUPE MANSUY IMMOBILIER,http://www.mansuy-immobilier.fr/,mansuy-immobilier.fr,
707150157,GROUPE MAS PROVENCE AIX-GALICE,http://www.masprovence.com/,masprovence.com,
819702911,GROUPE MIRCO IMMOBILIER,https://groupemirco.com/,groupemirco.com,
900567884,Groupe O.S.H. & CO,http://www.groupe-osh.fr/,groupe-osh.fr,
878349075,Groupe Ometim,http://ometim.com/,ometim.com,
328694856,Groupe PATRINUM,https://groupepatrinum.fr/,groupepatrinum.fr,
432296234,GROUPE PICHET,http://www.pichet-adb.fr/,pichet-adb.fr,
943145383,GROUPE PLACID,https://www.transactions-placid.com/,transactions-placid.com,
404950487,GROUPE RAMBIER IMMOBILIER,http://www.immobilier-rambier.com/,immobilier-rambier.com,
850292731,Groupe RD IMMO,https://groupe-rdimmo.fr/,groupe-rdimmo.fr,
318291838,GROUPE ROSSETTO IMMOBILIER,http://www.bourseaurossetto-immobilier.fr/,bourseaurossetto-immobilier.fr,
428646061,GROUPE Sambre Avesnois Immobilier,http://www.groupe-sai.fr/,groupe-sai.fr,
889307245,GROUPE SERENITE IMMO,https://www.serenite-immo.com/,serenite-immo.com,
522315076,Groupe SGE Bordeaux,http://www.groupesge.fr/,groupesge.fr,
820413102,GROUPE SIGNATURE,http://www.groupesignature.immo/,groupesignature.immo,
439752270,GROUPE TERRES DU SUD,http://groupeterresdusud.com/,groupeterresdusud.com,
491763702,Groupe Thibon Immobilier,https://www.thibon-immobilier.com/achat-immobiliers-1228?d=les-gets,thibon-immobilier.com,
820572147,GROUPE TOLOSAN - CARAMAN,http://www.groupe-tolosan-immobilier.com/,groupe-tolosan-immobilier.com,
843242017,GROUPE TRENTA IMMOBILIER,https://www.trenta-immobilier.fr/,trenta-immobilier.fr,
934959396,GS IMMOBILIER,https://www.gs-immo.fr/,gs-immo.fr,
488965914,GS Leclerc Immobilier,https://www.gsleclercimmo.fr/,gsleclercimmo.fr,
492092325,GT IMMO,https://gtimmo.fr/,gtimmo.fr,
852825686,GT IMMOBILIER,https://sites.google.com/view/gt-immobilier,sites.google.com,paramètres de suivi retirés; site tiers (pas le site propre de l'agence) — à vérifier
494860802,GTC IMMO,https://gtcimmo.fr/fr/,gtcimmo.fr,
100619535,GTEC IMMOBILIER,https://gtec-immobilier.com/,gtec-immobilier.com,
419346226,GTL,http://www.gtl.fr/,gtl.fr,
488147364,GTSI,http://www.gtsi.fr/,gtsi.fr,
533987293,GUBERNATIS IMMOBILIER,http://www.gubernatis-immobilier.com/,gubernatis-immobilier.com,
411916737,GUCHENS IMMOBILIER,http://www.guchens.fr/,guchens.fr,
914976287,GUETALI IMMOBILIER,https://www.guetali-immolier.com/,guetali-immolier.com,
537416968,GUILLERME IMMOBILIER Dardilly,https://www.guillerme-immo.fr/,guillerme-immo.fr,
813686144,GUIMONT PROMOTION IMMO,https://www.guimontpromotion.immo/,guimontpromotion.immo,
999894348,GUINOT IMMO,http://www.guinot-immo.fr/,guinot-immo.fr,
841262777,GUYLENE BERGE IMMOBILIER,http://www.berge-immo-gard.com/,berge-immo-gard.com,
921197828,GUYON IMMOBILIER,https://www.guyonjanin-immo.fr/,guyonjanin-immo.fr,
398974121,GWENOLA JEHANNO IMMOBILIER ET PROMOTION,https://jehanno-immobilier.com/,jehanno-immobilier.com,
443025671,Géronimmo,http://www.geronimmo.fr/,geronimmo.fr,
829892173,H&C PARTNERS,https://www.hcpartners.fr/,hcpartners.fr,
930900154,H&M IMMOBILIER,https://hetmimmo.com/index.php,hetmimmo.com,
752518688,HABASQUE IMMOBILIER LANDERNEAU,https://www.habasque.com/ville_bien/Landerneau_1___/immobilier-landerneau.html,habasque.com,
456503556,HABILIANS,https://www.habilians.fr/,habilians.fr,
931695399,HABIT'ICI,http://www.habitici.fr/,habitici.fr,
443070933,Habitalys Agen,http://www.habitalys.com/,habitalys.com,
849523220,HABITAT CONSEIL IMMOBILIER,https://hc-immobilier.fr/,hc-immobilier.fr,
752989715,HABITAT FONCIER,http://www.habitatfoncier.fr/,habitatfoncier.fr,
515188696,HABITBOIS,https://habitbois.com/,habitbois.com,
853570901,HABITEA,https://www.habitea.re/,habitea.re,
831840111,HABITEE SCIC,https://habiteescic.com/,habiteescic.com,
419541503,HABSIDE,http://www.habside.fr/,habside.fr,
832795876,HACQUIN IMMOBILIER,https://www.hacquin-immobilier.fr/,hacquin-immobilier.fr,
840254775,HAKKASAN IMMO,https://www.hakkasan.immo/,hakkasan.immo,
325720258,HALPADES,https://www.halpades.fr/,halpades.fr,
538096850,HAPI LOGIS / HACHA LOGIS,http://www.hapi-logis.com/,hapi-logis.com,
908105661,Happiness Conseils,https://happinessconseils.fr/,happinessconseils.fr,
811890987,HAPPYSSIMMO.COM,https://www.happyssimmo.com/,happyssimmo.com,
403234529,HAQUIN DAUVERGNE,https://www.hacquin-dauvergne.fr/,hacquin-dauvergne.fr,
819577826,Hardy IMMOBILIER,https://www.hardyimmobilier.com/,hardyimmobilier.com,
990845752,HARMONIE JOUY EN JOSAS,https://harmonie-jouy-en-josas.fr/,harmonie-jouy-en-josas.fr,
880115415,Harmony Immo,http://www.harmony-immo.fr/,harmony-immo.fr,
898285333,HARRY,https://harry-immobilier.fr/,harry-immobilier.fr,
790889307,HB IMMOBILIER,http://www.hb-immo.fr/,hb-immo.fr,
512025875,HB Propriétés,http://hbproprietes.com/,hbproprietes.com,
889502696,HBC Expert immobilier,http://www.hbcexpert.immo/,hbcexpert.immo,
910221977,HBL IMMOBILIER,https://www.hblimmobilier.com/,hblimmobilier.com,
505048322,HCI Immobilier,http://www.hci-immobilier.fr/,hci-immobilier.fr,
351338660,HECTARE,https://www.hectare.fr/,hectare.fr,
908370828,HECTOR IMMOBILIER,https://www.hectorimmo.fr/,hectorimmo.fr,
825367378,Hedone Immobilier,http://www.hedone-immobilier.fr/,hedone-immobilier.fr,
901926469,HEDONISTE IMMOBILIER,http://www.himmo.fr/,himmo.fr,
979577038,HELENE LOUIS IMMOBILIER,https://www.helene-louis-immobilier.com/,helene-louis-immobilier.com,
812792646,Hem Immobilier,https://www.hem-immobilier.fr/,hem-immobilier.fr,
789130051,HEMENGO IMMO,http://www.hemengo-immo.com/,hemengo-immo.com,
833577224,HENRIOT IMMOBILIER,http://www.henriot-immobilier.com/,henriot-immobilier.com,
515112977,HENRY IV IMMOBILIER,http://www.henry4immobilier.com/,henry4immobilier.com,
898109590,HER-IMMO,https://www.her-immo.com/fr/,her-immo.com,
810238360,HERENCIA IMMOBILIER,http://www.groupe-herencia.fr/,groupe-herencia.fr,
977672054,HERIAM,http://www.heriam.fr/,heriam.fr,
949583967,HERRMANN IMMOBILIER,https://www.goherrmann.fr/,goherrmann.fr,
379816655,HERSANT IMMOBILIER,http://www.hersantimmo.com/,hersantimmo.com,
837572502,HESTI,https://pompignac.mikit.fr/agence.html,pompignac.mikit.fr,
451607055,Hestia,https://hestia-prestige.com/fr/,hestia-prestige.com,
793842568,HESTIA CABINET IMMOBILIER,http://www.cabinethestia.immo/,cabinethestia.immo,
881969901,Hestia Gestion Immo,https://hestia-gestionimmo.fr/,hestia-gestionimmo.fr,
921719126,HESTIA GESTION PRIVEE,https://hestia-gestionprivee.fr/,hestia-gestionprivee.fr,
831804109,HESTIA IMMO,https://immohestia.fr/,immohestia.fr,
830029062,Hestia IMMO - Agence immobilière,https://www.hestiaimmo.fr/,hestiaimmo.fr,
907710818,HESTIA IMMOBILIER,https://agence-hestia-immobilier.fr/fr/,agence-hestia-immobilier.fr,
919572396,HESTIA IMMOBILIER,https://hestia-transactions.com/fr/,hestia-transactions.com,
984979450,Hestia Immobilier,https://www.agence-hestiaimmobilier21.com/,agence-hestiaimmobilier21.com,
914166046,HESTIA IMMOBILIER - REUNION,https://hestiaimmobilier.re/,hestiaimmobilier.re,
891636847,HESTIA IMMOBILIER LOUVIERS - GAILLON,https://immobilier-hestia.fr/,immobilier-hestia.fr,
992994343,HESTORIA,https://www.hestoria-immobilier.com/,hestoria-immobilier.com,
353937782,HEUDES-LAINÉ,http://www.heudes-laine.com/,heudes-laine.com,
387739584,HEUZE IMMOBILIER,http://www.heuze-immo.fr/,heuze-immo.fr,
918164609,Hevrest,https://hevrest.com/,hevrest.com,
499771426,HEXTENSO,https://www.hextenso.com/,hextenso.com,
908956659,HEYOB Jérémy - Agence.Immo,http://www.jeremyheyob.fr/,jeremyheyob.fr,
941575060,HG Immo,https://www.hg-immo.fr/,hg-immo.fr,
793672791,HG PATRIMOINE,https://www.ma-conciergerie-immo.fr/,ma-conciergerie-immo.fr,
484537857,Hidri Immoplus,http://www.hidri-immoplus.com/,hidri-immoplus.com,
892572702,HISTOIRE IMMOBILIERE,http://www.histoire-immobiliere.fr/,histoire-immobiliere.fr,
508751922,HISTOIRES D'HOME,http://www.lafertegaucher.histoiresdhome.fr/,lafertegaucher.histoiresdhome.fr,
843635707,Histoires d'Immobilier BOIS-GUILLAUME,http://histoires-d-immobilier.fr/,histoires-d-immobilier.fr,
941541807,HK Avenir Immobilier,https://www.hk-avenir-immobilier.com/,hk-avenir-immobilier.com,
529902892,HMC IMMOBILIER,http://www.hmc-immobilier.com/,hmc-immobilier.com,
977828797,HMI Sancy,https://hmi-sancy.fr/,hmi-sancy.fr,
938128782,HOCHE IMMOBILIER,http://www.hoche-immobilier.com/,hoche-immobilier.com,
833291115,HOCLET Séverin,https://lesbaousimmo.systeme.io/home,lesbaousimmo.systeme.io,
879465862,HOLLYHOME,http://www.hollyhome.fr/,hollyhome.fr,
821915477,HOLTZ & CONTAT IMMOBILIER,http://www.hcimmo74.fr/,hcimmo74.fr,
953022605,HOM GESTION,https://www.homtransactions.fr/,homtransactions.fr,
811166628,HOMAGA,http://www.homaga.fr/,homaga.fr,
840267942,HOME & ASSOCIES,http://www.home-associes.fr/,home-associes.fr,
850187592,HOME & COMPANY IMMOBILIER,https://www.homeandcompany-immobilier.fr/,homeandcompany-immobilier.fr,
954037198,HOME & SEA,http://www.homeandseaimmobilier.com/,homeandseaimmobilier.com,
818556201,HOME 18 IMMOBILIER,http://www.home-18.com/,home-18.com,
888114493,HOME 40,http://www.immobilier40-sanguinet.com/,immobilier40-sanguinet.com,
339601866,Home Agency,http://www.home-agency.fr/,home-agency.fr,
485125686,HOME AND CO,https://www.homeandco.fr/,homeandco.fr,
910050756,HOME BY IDEES DECO,https://home-by-ideesdeco.fr/,home-by-ideesdeco.fr,
851964734,HOME by N,http://www.homebyn.fr/,homebyn.fr,
485028096,HOME CLEFS PROPERTIES,http://www.homeclefsproperties.com/,homeclefsproperties.com,
881418362,HOME COLLECTION,https://www.home-collection.fr/,home-collection.fr,
814825634,Home Conseils 31 - Agence immobilière,http://www.homeconseils31.com/,homeconseils31.com,
818940314,HOME CREATION,http://www.homecreation.fr/,homecreation.fr,
825216732,HOME DREAM Immobilier,http://www.homedreamimmobilier.com/,homedreamimmobilier.com,
921441283,HOME EXPERTISE IMMOBILIER,https://www.homexpertises.com/,homexpertises.com,
531171809,HOME FOLIES,http://www.homefolies.com/,homefolies.com,
528622772,HOME IMMO 06,http://www.home-immo06.com/,home-immo06.com,
878030089,Home Immobilier,http://www.agencehome.fr/,agencehome.fr,
751219080,HOME L'AGENCE VILLE-LA-GRAND,http://www.agence-home.fr/,agence-home.fr,
508027950,HOME LINE,https://www.home-line.fr/,home-line.fr,
889547535,HOME NEUF,https://www.homeneuf.com/,homeneuf.com,
802462614,Home Pass,https://www.home-pass.lu/,home-pass.lu,
822296158,HOME PEARL IMMOBILIER,http://www.homepearl.immo/,homepearl.immo,
852928407,HOME PLUS,http://www.homeplus-immo.com/,homeplus-immo.com,
444847693,HOME READY Auchy-les-Mines,http://www.homeready.fr/,homeready.fr,
925241614,HOME STEINER,https://www.homesteiner.fr/,homesteiner.fr,
931536502,Home sun immobilier,https://www.homesun.immo/,homesun.immo,
824214381,HOME SWEET,http://www.homesweet-immobilier.com/,homesweet-immobilier.com,
807668793,Home Sweet Home Agence immobilière Angers,http://www.homesweethome-immobilier.com/,homesweethome-immobilier.com,
533301347,Home tyco,https://www.hometyco.fr/,hometyco.fr,
753985118,HOME'NEST IMMOBILIER,https://www.homenest.fr/,homenest.fr,
850533894,HOME'S IMMOBILIER,https://homesimmobilier.fr/,homesimmobilier.fr,
893679431,HOMECLIK,https://www.homeclik.fr/,homeclik.fr,
991759143,HOMECLÉ,https://www.homecle.fr/,homecle.fr,
952912533,HOMEGA,https://homegaimmo.fr/,homegaimmo.fr,
490616281,HomeKare immobilier (Toulouse-Labège),http://www.homekare.fr/,homekare.fr,
885010603,HOMELIS,http://www.homelis.fr/,homelis.fr,
813506342,HOMELOOP,https://www.homeloop.fr/,homeloop.fr,
843432220,HOMELY IMMOBILIER,https://homely-immobilier.fr/,homely-immobilier.fr,
921488466,HOMENACH - Agence Immobilière,https://www.homenach.com/,homenach.com,
483454658,Homencia-Revidencia,https://www.homencia-revidencia.com/,homencia-revidencia.com,
988233995,Homency Immobilier,https://www.homency-immobilier.fr/,homency-immobilier.fr,
842241911,Homeos Immobilier,https://homeos-immobilier.fr/,homeos-immobilier.fr,
920350436,HOMES,http://www.homesgroup.fr/,homesgroup.fr,
829064534,HOMESIDE IMMOBILIER,http://www.homeside.fr/fr/,homeside.fr,
500216841,HOMESQUARE Coye-la-Forêt,https://www.homesquare.fr/,homesquare.fr,
899576839,HomeVision,https://www.home-vision.fr/,home-vision.fr,
893377812,Homey | Agence immobilière & Conciergerie,https://homeyimmo.com/,homeyimmo.com,
901245092,HOMILIE,https://www.homilie.fr/,homilie.fr,
838060911,Homki,https://homki-immobilier.com/,homki-immobilier.com,
992034199,Homlyf,http://www.homlyf.fr/,homlyf.fr,
915053938,"Hommi, l'immobilier pour votre bien",https://www.hommi-immobilier.com/fr,hommi-immobilier.com,
844753822,HONORÉ,http://www.honore.immo/fr,honore.immo,
839963329,Hook Immo - Agence Immobilière PARIS 11e,https://www.hook-immo.fr/,hook-immo.fr,
904292174,HOP HOME Immobilier Laventie,https://www.hop-home.fr/,hop-home.fr,
879710150,HOPE IMMOBILIER,http://www.hope-immobilier.com/,hope-immobilier.com,
948568654,HORAE-TRANSACTIONS - spécialiste des biens ruraux,https://www.horae-transactions.fr/,horae-transactions.fr,
893011015,HORE IMMOBILIER,http://www.hore-immobilier.com/,hore-immobilier.com,
538332057,HOREN IMMOBILIER,http://horenimmobilier.com/,horenimmobilier.com,
792117319,HORIZON FONCIER,http://horizonfoncier.com/,horizonfoncier.com,
341378842,HORIZON IMMOBILIER,http://www.horizonimmo.net/,horizonimmo.net,
501204622,Horizon immobilier,http://www.horizonimmo.com/,horizonimmo.com,
752963918,HORIZON IMMOBILIER,http://www.horizon-immo.fr/,horizon-immo.fr,
888579596,HORIZON IMMOBILIER,https://www.immohorizon.fr/,immohorizon.fr,
938823416,HORIZON IMMOBILIER,https://agencehorizon.fr/fr/,agencehorizon.fr,
489333963,HORIZON L’AGENCE DE LOISIR,http://www.horizon-adl.fr/,horizon-adl.fr,
483495552,HORIZON-IMMOBILIER,https://www.horizonimmobilier.fr/,horizonimmobilier.fr,
838653194,HOROS,http://www.horos-immo.com/fr,horos-immo.com,
949107197,HORUS SELECTION - Audrey Mazaltarim,https://horusselection.fr/,horusselection.fr,
912497468,Hossegor Immobilier,https://www.hossegorimmobilier.com/,hossegorimmobilier.com,
401238654,HOSTE IMMOBILIER,http://www.hoste-immobilier.fr/,hoste-immobilier.fr,
920542941,HOUBRON IMMOBILIER,http://www.houbron-immobilier.com/,houbron-immobilier.com,
444954135,Housemartins Immobilier,https://www.housemartins.fr/,housemartins.fr,
841462963,HOUZING,http://www.houzing.eu/,houzing.eu,
942079476,HOZ IMMO,https://www.hoz-immo.fr/,hoz-immo.fr,
894904473,HP Immo-Conseils,https://www.hp-immo-conseils.fr/,hp-immo-conseils.fr,
410638167,HRD IMMOBILIÈRE DE L’ORANGERIE,http://www.hrd.fr/,hrd.fr,
497940551,HSE Rhone,http://hse-rhone.fr/,hse-rhone.fr,
845151406,HUET IMMOBILIER,http://www.huetimmobilier.fr/,huetimmobilier.fr,
527587778,HUGUES BOUTIN IMMOBILIER,http://www.boutin-immobilier.com/,boutin-immobilier.com,
824825137,HUVIG Immobilier,https://www.huvigimmobilier.fr/,huvigimmobilier.fr,
977549781,HYPALLAGE IMMOBILIER,http://www.hypallage-immo.com/,hypallage-immo.com,
819844317,Hélène IMMO,http://www.heleneimmo.fr/,heleneimmo.fr,
949794135,Héron Immobilier Baisieux,https://www.lemesnil-immobilier.fr/,lemesnil-immobilier.fr,
943550160,HÉROS IMMOBILIER,http://www.heros-immobilier.com/,heros-immobilier.com,
882600992,Hêtre Immobilier - Pays Basque,https://hetreimmobilier.fr/,hetreimmobilier.fr,
815178173,Hôpitaux Facultés Immobilier,https://www.hopitauxfacultesimmobilier.com/,hopitauxfacultesimmobilier.com,
489807917,I COMME IMMO,http://www.icommeimmo.fr/,icommeimmo.fr,
841308752,I WANT IMMO,http://www.i-want-immo.fr/,i-want-immo.fr,
480603844,I.C.O Immobilière de la Côte d'Opale,https://immobiliere-cote-opale.com/,immobiliere-cote-opale.com,
522045350,I.N.C.I.T.I,http://www.inciti.fr/,inciti.fr,
978103836,I.NOVA TRANSACTIONS,https://inovatransactions.fr/,inovatransactions.fr,
389817446,IAC,http://www.g-immobilier.fr/,g-immobilier.fr,
378575674,IB IMMOBILIER,http://www.ibimmobilier.fr/,ibimmobilier.fr,
902342120,IBAIA IMMOBILIER,https://ibaia.immo/,ibaia.immo,
534950621,IBAY CLERMONT,https://immobay.fr/lagence/,immobay.fr,
410354831,IBC IMMOBILIER,http://www.ibcimmo.com/,ibcimmo.com,
913019097,IBC IMMOBILIER,https://ibcimmobilier.fr/,ibcimmobilier.fr,
322531724,IBH Immobilier - Location - Gestion - Syndic,http://www.ibh-immobilier.com/,ibh-immobilier.com,
478497381,IBI IMMOBILIER Gestion locative - Vente - Location,https://www.ibi-immobilier.fr/,ibi-immobilier.fr,
842030348,"IBM, Immobilier Bordeaux Métropole",https://www.immobm.fr/a-vendre/1,immobm.fr,
830095790,IBS Transactions,http://www.ibs-transactions.com/,ibs-transactions.com,
447620725,IBT ASSOCIÉS,http://www.ibt-associes.com/,ibt-associes.com,
480090596,IC IMMOBILIER EGLY,http://www.ic-immobilier.fr/,ic-immobilier.fr,
877892182,IC PARTENAIRE,https://icpartenaire.fr/,icpartenaire.fr,
919942433,ICARE IMMOBILIER,https://icareimmobilier.fr/,icareimmobilier.fr,
533764718,ICI DORDOGNE Immobilier,https://www.icidordogne.fr/,icidordogne.fr,
791276033,Ici immobilier,https://www.immobilierici.com/,immobilierici.com,
953067352,ICI LODGE,https://www.icilodge.fr/,icilodge.fr,
979650017,"ICI, DEMAIN !",https://www.agenceicidemain.fr/,agenceicidemain.fr,
483791562,ICIMMO,http://www.icimmo.fr/,icimmo.fr,
789632007,ICL AGENCE IMMOBILIERE,http://www.icl-agence-immobiliere.com/,icl-agence-immobiliere.com,
411998024,ICOCC IMMOBILIER,http://www.icocc.fr/,icocc.fr,
984158873,ICOM IMMOBILIER,https://www.icom-immobilier.fr/,icom-immobilier.fr,
843115312,ICOMI FRANCE,http://www.icomi-france.fr/,icomi-france.fr,
904290574,ICON Invest Immobilier,https://www.iconinvest-immobilier.fr/,iconinvest-immobilier.fr,
815356530,ID FONCIER,http://idfoncier.fr/,idfoncier.fr,
839771615,ID HOUSE CONCEPT,https://idhouseconcept.com/,idhouseconcept.com,
888427465,ID IMMO Chasseur Immobilier,http://www.idiallo-immobilier.com/,idiallo-immobilier.com,
413271719,ID IMMOBILIER,http://www.id-immobilier.com/,id-immobilier.com,
447929639,IDEA CONSEILS,http://www.ideaconseils.com/,ideaconseils.com,
904174273,IDEAL CONCEPT,https://www.ideal-immo.fr/,ideal-immo.fr,
453887424,IDEAL IMMOBILIER,http://www.ideal-immo.com/nos-agences.asp,ideal-immo.com,
977550003,IDEAL L'immobilier autrement,https://www.immobilier-ideal.fr/,immobilier-ideal.fr,
849596697,IDEALOGIS,http://www.agenceidealogis.fr/,agenceidealogis.fr,
893003335,IDEEIMMO,https://www.ideeimmo.fr/,ideeimmo.fr,
349317610,IDEFIM,https://www.idefim.fr/,idefim.fr,
875550295,IDEHA,https://www.ideha.fr/,ideha.fr,
777997214,IDEIS,https://www.ideis.fr/,ideis.fr,
989245519,IDEMMO LORRAINE,https://idemmo.fr/,idemmo.fr,
828347492,IDIMMO 31,http://idimmo31.idimmo.net/,idimmo31.idimmo.net,
407716554,IDIMMO ALFONSI Jean-Pierre,https://alfonsi.idimmo.net/,alfonsi.idimmo.net,
897438545,IDRON IMMOBILIER,https://www.idron-immobilier.com/fr,idron-immobilier.com,
911924835,IDWAN,https://www.idwan-immo.com/,idwan-immo.com,
443935523,IDZ,http://www.idz-immo.com/,idz-immo.com,
534634860,IFEA IMMO,http://www.ifeaimmo.com/,ifeaimmo.com,
440739431,IFERGANE IMMOBILIER,https://iferganeimmobilier.fr/,iferganeimmobilier.fr,
800433757,IFF TRANSACTION,http://www.iff.re/,iff.re,
829168251,IFG Provence,http://www.ifgprovence.fr/,ifgprovence.fr,
507500346,IGOR IMMOBILIER,http://www.igor-immobilier.com/,igor-immobilier.com,
522543776,IHOME IMMOBILIER,http://www.ihome.immo/,ihome.immo,
452436819,IK IMMOBILIER,https://www.agence-ik.fr/,agence-ik.fr,
889847893,iKome,https://ikome-immo.fr/,ikome-immo.fr,
500440474,ILEA IMMOBILIER,https://www.ilea-immobilier.fr/,ilea-immobilier.fr,
790076079,ILL Immobilier Lotissements Loisirs,http://www.ill-immobilier.fr/,ill-immobilier.fr,
942031501,Illiz,http://www.illiz.fr/,illiz.fr,
402179246,IM PLUS,https://www.implus.fr/,implus.fr,
751635855,IM Valoris,http://www.imvaloris.fr/,imvaloris.fr,
434728853,IM'UBAYE - NELL IMMOBILIER,http://www.ubaye-immobilier.com/,ubaye-immobilier.com,
272100017,IM-Ô,https://www.im-o.fr/,im-o.fr,
850302571,IM2B Immobilier,https://www.im2b-immobilier.fr/,im2b-immobilier.fr,
949087613,ima Immobilier | Agence immobilière Le Mans,https://www.ima-immobilier.fr/,ima-immobilier.fr,
442412680,IMAGIMMO MAUGUIO,http://www.imagimmo-mauguio.com/,imagimmo-mauguio.com,
522531771,IMAGIMMO Vendargues,http://www.imagimmo-vendargues.com/,imagimmo-vendargues.com,
939878922,IMAGINE Immobilier,http://www.imagineimmobilier.fr/,imagineimmobilier.fr,
894804582,IMAPRO,https://www.imapro.fr/,imapro.fr,
443350426,IMAX,http://www.imax.fr/,imax.fr,
910154475,IMD IMMOBILIER,https://imdimmobilier.com/,imdimmobilier.com,
849442439,Imko,https://www.imko.fr/,imko.fr,
823862784,IMM OLLIVIER,https://www.immollivier.com/fr,immollivier.com,
535398903,IMM'02,http://www.imm-o2.fr/,imm-o2.fr,
793126806,IMM'AUBE,http://www.immaube.com/fr/,immaube.com,
452477359,IMM'GEST,http://www.imm-gest.fr/,imm-gest.fr,
482583820,Imm'horizon,https://www.immhorizon.immo/annonces/transaction/Vente.html,immhorizon.immo,
901245423,IMM'ODYSSEE,http://www.immodyssee.fr/,immodyssee.fr,
845020163,IMM'OSSAU,http://www.immossau.fr/fr/,immossau.fr,
878061589,IMMALLIANCE,https://immalliance.fr/,immalliance.fr,
838004729,Immersion Immobilier Pont d'Ain,http://www.immersionimmobilier.com/,immersionimmobilier.com,
892683038,Immino Pro,https://immino.pro/,immino.pro,
431213974,IMMIUM,http://www.immium.com/,immium.com,
908290604,Immo & Co,https://www.immo-co.fr/,immo-co.fr,
889464764,IMMO & CO Mickael Santiago,http://www.immo-and-co.com/,immo-and-co.com,
488350661,IMMO & GESTION,https://www.immoetgestion.fr/,immoetgestion.fr,
942570698,IMMO - AM,http://www.immo-am.com/,immo-am.com,
447658303,IMMO 2B,https://www.immo2b.fr/index.php,immo2b.fr,
514800614,IMMO 2J TAMAR CONSEIL,http://www.immo2j.fr/,immo2j.fr,
431870443,IMMO 37,https://immo37.net/,immo37.net,
443842943,IMMO 46,http://www.immo46.com/,immo46.com,
907652853,IMMO 5,http://www.immo5leraincy.com/,immo5leraincy.com,
432073559,IMMO 5 LES PAVILLONS SOUS BOIS,http://immo5pavillons.com/,immo5pavillons.com,
523310605,IMMO 5 NOISY LE GRAND,https://www.immo5noisy.fr/notre-agence,immo5noisy.fr,
527477301,IMMO 7,http://agenceimmo7.com/,agenceimmo7.com,
421950809,IMMO 8 GESTION,http://www.immo8.fr/,immo8.fr,
352092472,IMMO 97.1,http://immo971.com/,immo971.com,
953419777,Immo Alienor - Agence immobilière Bordeaux,http://www.immoalienor.fr/,immoalienor.fr,
888098696,IMMO AMANDINOIS,https://www.agence-immo-amandinois.com/,agence-immo-amandinois.com,
789698818,IMMO AMENAGEMENT,https://www.immo-amenagement.fr/,immo-amenagement.fr,
933169815,IMMO BY SAGAT,https://immobysagat.fr/,immobysagat.fr,
852893353,Immo Capital,https://www.immocapital.fr/,immocapital.fr,
949887210,IMMO CARRÉ,https://agence-immocarre.fr/,agence-immocarre.fr,
383137866,IMMO CCI,http://www.boursedeslocaux.cci47.fr/,boursedeslocaux.cci47.fr,
907531164,IMMO CELIA - Agence immobilière Aulnay-Sous-Bois,https://immocelia.com/,immocelia.com,
918145707,IMMO CENTER,http://www.immo-center.fr/,immo-center.fr,
918169830,IMMO CENTRE,http://www.immo-centre.com/,immo-centre.com,
514995414,IMMO CENTRE 61,http://www.immocentre61.com/,immocentre61.com,
844831917,IMMO CHARTON,https://www.immocharton.fr/,immocharton.fr,
825145360,IMMO COEUR D'HERAULT,http://www.immocoeurdherault.com/,immocoeurdherault.com,
940986292,IMMO COMMERCE AGENCY,https://www.immocommerceagency.com/,immocommerceagency.com,
847852001,IMMO CONCEPT,http://www.immoconcept.fr/,immoconcept.fr,
819277757,IMMO CONCEPT 44,http://www.immoconcept44.com/,immoconcept44.com,
942503269,IMMO CONCEPT 49,https://www.ic49.fr/,ic49.fr,
904859105,IMMO CONNECTION,http://www.immo-connection.com/,immo-connection.com,
807660378,IMMO CONSEIL,https://www.immo-conseil26.com/,immo-conseil26.com,
424695203,IMMO CONSEIL DE VILLEPARISIS,http://www.immoconseilvilleparisis.com/,immoconseilvilleparisis.com,
452299902,IMMO CONSEIL FINANCE,http://www.immocf.com/,immocf.com,
900553603,Immo Conseil Privé,https://immoconseilprive.fr/,immoconseilprive.fr,
831474010,IMMO COTE D'OPALE,http://www.immocotedopale.com/,immocotedopale.com,
490986965,IMMO COUP DE COEUR,http://www.immocoupdecoeur3.fr/,immocoupdecoeur3.fr,
789713377,IMMO D,https://www.agenceimmod.fr/,agenceimmod.fr,
821123387,Immo d'Aqui,https://www.immodaqui.fr/,immodaqui.fr,
414535575,IMMO D'ICI,http://www.viager-europe.com/,viager-europe.com,
933188930,IMMO DABI,http://www.immo-dabi.com/,immo-dabi.com,
341488815,IMMO DE CORSE,http://www.immodecorse.com/,immodecorse.com,
437705080,IMMO DE FRANCE NORMANDIE BOLBEC,http://www.immodefrance-normandie.fr/,immodefrance-normandie.fr,
838769909,IMMO DE LOIRE,https://www.immodelo.org/,immodelo.org,
509548160,IMMO DECLIC BLOTZHEIM,http://immo-declic.com/,immo-declic.com,
820749620,Immo Deco Savoie,https://immodecosavoie.com/,immodecosavoie.com,
484379201,IMMO DES VALLEES VOSGIENNES,http://www.immodesvallees.com/,immodesvallees.com,
488866385,IMMO DES VIGNES,https://www.immobilier-ambares.com/,immobilier-ambares.com,
853008324,Immo Descamps Descamps Benjamin,http://www.immodescamps.com/,immodescamps.com,
813495728,IMMO DEVELOPPEMENT,http://www.immo-developpement69.fr/,immo-developpement69.fr,
907760649,IMMO DIVIS,http://immodivis.com/,immodivis.com,
403097033,Immo DL,https://www.immodl.com/,immodl.com,
493757876,IMMO DM TRANSACTIONS IMMOBILIERES,http://www.immodm.com/,immodm.com,
492915954,IMMO DOUBS FINANCEMENT,http://www.immo-doubs-financement.fr/,immo-doubs-financement.fr,
991739756,IMMO DPI,http://www.immodpi.fr/,immodpi.fr,
919548784,IMMO DU 19 SEILHAC,https://www.immodu19.fr/,immodu19.fr,
931510473,Immo Du Cap,https://immoducap.fr/ville/agence-immobiliere-marseille/,immoducap.fr,
894020387,IMMO DU FOREZ,http://immoduforez.fr/,immoduforez.fr,
501589683,Immo Du Parc,http://www.immo-parc.com/,immo-parc.com,
837543818,Immo du Sud : La Chevroliere,http://immodusud.immo-facile.com/,immodusud.immo-facile.com,
480909076,IMMO DÔME,http://www.immodome.com/,immodome.com,
843187618,IMMO EN SCENE,https://www.immoenscene.fr/fr/,immoenscene.fr,
490905221,Immo en Somme,https://www.immoensomme.com/,immoensomme.com,
829721679,IMMO EVEN,http://www.immoeven.fr/,immoeven.fr,
351639125,IMMO EVOLUTION,https://www.immo-evolution.fr/,immo-evolution.fr,
445207657,IMMO EXPRESS,https://www.immoexpress-paris.com/,immoexpress-paris.com,
914778519,IMMO FACTORY,https://www.immofactoryroanne.com/,immofactoryroanne.com,
841160179,IMMO FRANCE,https://www.immofrance.fr/,immofrance.fr,
441680865,IMMO GEST 67,http://www.immogest67.fr/,immogest67.fr,
481503068,IMMO GEYER,http://www.immo-geyer.com/,immo-geyer.com,
487430571,IMMO HA,http://www.immo-ha.fr/,immo-ha.fr,
912281219,IMMO HELLO,https://www.immo-hello.fr/,immo-hello.fr,
798803409,IMMO INVEST 83,http://www.immo-invest83.com/,immo-invest83.com,
912743564,IMMO J,https://www.infogreffe.fr/,infogreffe.fr,
348879800,IMMO JUIGNE - BRIOLLAY,http://www.immobriollay.fr/,immobriollay.fr,
528536857,IMMO JUSTE,http://www.immojuste.fr/,immojuste.fr,
407832682,Immo Karukera,https://www.immokarukera.fr/,immokarukera.fr,
539355768,IMMO LIBERTE,https://immo-liberte.com/fr/,immo-liberte.com,
812193571,IMMO LOC ARDECHE,https://www.immolocardeche.com/,immolocardeche.com,
513743021,IMMO LOCATION VENTE,http://www.immolocationvente.fr/,immolocationvente.fr,
310381421,IMMO M,http://www.immom.fr/,immom.fr,
991611476,IMMO MALIN,http://www.immo-malin.fr/,immo-malin.fr,
520802646,IMMO MONTARGIS,http://www.immo-montargis.fr/,immo-montargis.fr,
532265287,IMMO MOUSQUETAIRES TRANSACTION,https://www.mousquetaires.com/immo-mousquetaires/,mousquetaires.com,
817784549,IMMO NANTES,http://www.agence-immonantes.fr/,agence-immonantes.fr,
750321838,IMMO NORMANDIE BEAUMONT LE ROGER,https://www.immonormandie.fr/,immonormandie.fr,
902603935,IMMO PART,https://www.immo-part.fr/,immo-part.fr,
491825758,IMMO PARTENAIRES,https://www.immopartenaires.fr/,immopartenaires.fr,
839156114,IMMO PASS CONSEILS,http://www.immopassconseils.fr/,immopassconseils.fr,
491368031,IMMO PASSION,http://www.immobilierpassion.fr/,immobilierpassion.fr,
830630760,IMMO PBR,https://www.immo-pbr.com/,immo-pbr.com,
497526822,IMMO PIERRE,http://www.immopierre-bourgogne.com/,immopierre-bourgogne.com,
430167494,IMMO PLUS,http://www.immoplus-saint-brieuc.fr/,immoplus-saint-brieuc.fr,
435225289,Immo Plus,http://immoplusnancy.com/,immoplusnancy.com,
510280571,IMMO PLUS,http://www.immoplus-alsace.com/,immoplus-alsace.com,
533145892,IMMO PLUS,http://www.immoplus-amiens.com/,immoplus-amiens.com,
913925269,Immo Pour Pro,https://www.immopourpro.fr/,immopourpro.fr,
519723670,IMMO PRO,http://www.immoprolyon.fr/,immoprolyon.fr,
994273225,IMMO PRO,http://www.immo.pro/,immo.pro,
880715073,IMMO PRO - L'AGENCE D'OCCITANIE,https://www.immopro.fr/,immopro.fr,
304321037,IMMO PRO 49,https://www.immopro49.com/,immopro49.com,
518775515,Immo Pro A,http://www.immoproa.com/,immoproa.com,
510182314,IMMO PRO CONSULTANTS,https://www.immoproconsultants.fr/,immoproconsultants.fr,
983678426,Immo Pro Consulting,http://www.immopro-consulting.fr/,immopro-consulting.fr,
888938982,Immo Pro Nantes,https://www.immopronantes.fr/,immopronantes.fr,
880167770,IMMO PROLEMAN,http://www.immo-proleman.com/,immo-proleman.com,
935020313,IMMO RENO,http://www.immoreno.com/,immoreno.com,
354033433,Immo Riviera Transactions,http://www.immoriviera.fr/fr/,immoriviera.fr,
397843749,IMMO SAINT CYR,http://www.immosaintcyr.fr/,immosaintcyr.fr,
850633165,IMMO SALIGNAC,https://www.immosalignac.com/,immosalignac.com,
821370202,IMMO SELECT,http://www.immoselect83.fr/,immoselect83.fr,
909765596,IMMO SEPIA,https://www.immo-sepia.fr/,immo-sepia.fr,
917700908,IMMO SERV,http://immoserv.fr/,immoserv.fr,
404378275,IMMO SERVICE,http://www.immoservices51.com/,immoservices51.com,
749925400,IMMO SOCIETY,http://www.immo-society.fr/,immo-society.fr,
902553288,IMMO ST GELY PAR ASPECT,https://www.immobilier-saint-gely-du-fesc.com/,immobilier-saint-gely-du-fesc.com,
513245506,Immo Sud +,http://www.immosudplus.fr/,immosudplus.fr,
949484091,IMMO SUD EST,http://www.immosudest.fr/,immosudest.fr,
879283174,IMMO SUD FWI,https://www.immosudfwi.com/,immosudfwi.com,
424763738,IMMO SUD GIRONDE PODENSAC,https://www.immobilier-sud-gironde.fr/,immobilier-sud-gironde.fr,
983481540,IMMO T PRO,https://www.immotpro.com/,immotpro.com,
980703755,IMMO TD,https://www.immotd.com/,immotd.com,
400877866,IMMO VENDU,https://www.immo-vendu.fr/,immo-vendu.fr,
812303519,IMMO VERDEAUX,http://www.immoverdeaux.fr/,immoverdeaux.fr,
834395964,IMMO WZ,https://www.immo-wz.fr/,immo-wz.fr,
915064430,IMMO'AUTHENTIK,http://www.immothentik.fr/,immothentik.fr,
908898711,IMMO'SO,https://immoso.fr/fr/,immoso.fr,
832679419,Immo'trement,https://www.immotrement.fr/,immotrement.fr,
840218150,IMMO'VALERIE,http://www.immovalerie.fr/,immovalerie.fr,
814567889,Immo'Yes - TRANSACTION & GESTION LOCATIVE,http://www.immo-yes.fr/,immo-yes.fr,
812303600,immo'Z,http://immo-z.com/,immo-z.com,
979338373,Immo-Dreams 83,https://www.immo-dreams83.fr/,immo-dreams83.fr,
813689007,IMMO-E,http://www.immo-e.fr/,immo-e.fr,
421940263,IMMO-FRANCE,https://www.immo-france.com/,immo-france.com,
794653188,IMMO-PROJET,http://immo-projet.com/accueil.html,immo-projet.com,
531317352,IMMO-TRANSACTIONS,http://www.immo-transactions.eu/,immo-transactions.eu,
480445998,IMMO.D.AL,http://www.immodal.fr/,immodal.fr,
447898073,immO2,https://www.agence-immo2.fr/,agence-immo2.fr,
902876069,IMMO360,https://www.immo360.immo/,immo360.immo,
420312902,IMMO3CONCEPT,http://www.immo3concept.com/,immo3concept.com,
533948584,IMMO3D,https://www.immo3d-nancy.fr/,immo3d-nancy.fr,
914538566,IMMO64,https://www.immo64.fr/,immo64.fr,
910783265,Immo99,"https://www.immo99.fr/contact,110",immo99.fr,
840372684,Immoa Agence Immobilière,https://immoa.fr/,immoa.fr,
444393342,IMMOASSOCIES GESTION,https://www.immoassocies.com/,immoassocies.com,
531093318,ImmoAvenir,http://www.immo-avenir.com/,immo-avenir.com,
925375016,IMMOB,http://www.immob.immo/,immob.immo,
519441430,IMMOBAILLY,http://www.immobailly.fr/,immobailly.fr,
895183465,IMMOBILAC FRANCO-SUISSE CLUSES-SCIONZIER,https://www.immobilac-francosuisse.com/,immobilac-francosuisse.com,
317887412,IMMOBILIA,http://www.immobilia.fr/,immobilia.fr,
994938603,IMMOBILIAR,https://www.immobiliar.fr/,immobiliar.fr,
341367829,Immobilier 12 Rouergue Agence,http://www.immobilier12.fr/immobilier,immobilier12.fr,
524150257,Immobilier 29,http://www.immobilier-29-brest.com/,immobilier-29-brest.com,
503137622,IMMOBILIER 47,https://www.immobilier47.com/,immobilier47.com,
508693959,IMMOBILIER ALAIN TRONCHET,http://www.tronchet-immobilier.fr/,tronchet-immobilier.fr,
942439217,IMMOBILIER by MJ,https://www.immobilierbymj.fr/,immobilierbymj.fr,
481335446,IMMOBILIER CENTRE INVESTISSEMENT,http://icif-immobilier.com/,icif-immobilier.com,
492510433,IMMOBILIER CHASSAGNON,https://immobilier-chassagnon.com/,immobilier-chassagnon.com,
453997462,IMMOBILIER CLAUDIE MILLIEN-AGENCE ICM,http://www.icm-calais.com/,icm-calais.com,
815019625,IMMOBILIER Coeur de Bassin,http://www.immobiliercoeurdebassin.com/,immobiliercoeurdebassin.com,
394942080,IMMOBILIER CORSE DU SUD B&R,https://immobilier-corse-du-sud.com/fr/,immobilier-corse-du-sud.com,
830878864,IMMOBILIER COTE VILLAGE,http://www.immobilier-cote-village.com/,immobilier-cote-village.com,
401377072,Immobilier Daniel Meindre,http://www.gerlim.com/,gerlim.com,
879622835,IMMOBILIER DEPLAGNE,https://www.immodeplagne.fr/,immodeplagne.fr,
504493446,Immobilier Des Alpes,http://www.immobilier-des-alpes.com/,immobilier-des-alpes.com,
987600210,IMMOBILIER DES BASTIDES (I.D.B),https://www.immobilierdesbastides.com/,immobilierdesbastides.com,
842464802,IMMOBILIER DES HALLES,http://renaze.id-halles.fr/,renaze.id-halles.fr,
842666364,immobilier des Monts d'Or - CHASSELAY IMMOBILIER,http://www.immobilierdesmontsdor.fr/,immobilierdesmontsdor.fr,
529731259,Immobilier Des Rocailles,http://www.immoroc.fr/,immoroc.fr,
479049074,IMMOBILIER DES VALLONS DU LYONNAIS,https://www.immobilier-vallons.com/,immobilier-vallons.com,
790619266,IMMOBILIER DU CENTRE,http://www.immobilier-agenceducentre.fr/,immobilier-agenceducentre.fr,
440706596,Immobilier du Chêne Lure,http://www.immobilier-du-chene.com/,immobilier-du-chene.com,
509643623,IMMOBILIER DU NIVOLET,http://www.agencedunivolet.com/,agencedunivolet.com,
952209690,IMMOBILIER DU PARC,https://www.immobilierduparc.fr/index.php,immobilierduparc.fr,
752910943,Immobilier du Périgord,https://immobilierduperigord.fr/accueil-agence-immobiliere-immobilier-du-perigord-brantome-en-perigord.html,immobilierduperigord.fr,
882922487,Immobilier du Scorff,https://www.immobilierduscorff.fr/,immobilierduscorff.fr,
434797247,IMMOBILIER DU SUD,http://www.immobilierdusud.com/,immobilierdusud.com,
384310611,Immobilier et Conseil,http://www.immobilieretconseil.com/,immobilieretconseil.com,
801831132,IMMOBILIER EVOLUTION,http://www.evolution-immobilier.fr/,evolution-immobilier.fr,
808680870,IMMOBILIER FIGUES,https://agencefigues.fr/,agencefigues.fr,
918169962,Immobilier Flandin,http://www.immobilierflandin.fr/,immobilierflandin.fr,
881515290,IMMOBILIER FRANCE OUEST,http://www.immobilierfranceouest.com/,immobilierfranceouest.com,
409591625,IMMOBILIER GESTION CONSULTANT,http://www.nexity.fr/,nexity.fr,
420797110,immobilier jean louis vade,https://www.maisonduperche.fr/,maisonduperche.fr,
409778206,IMMOBILIER KEREBEL,http://www.finistereimmobilier.com/,finistereimmobilier.com,
482845351,IMMOBILIER LE HYARIC,http://www.immobilier-lehyaric.com/,immobilier-lehyaric.com,
441349081,IMMOBILIER LE PORGE,https://www.immobilierlacanau.fr/,immobilierlacanau.fr,
792256760,IMMOBILIER MENTON CÔTE D'AZUR,http://www.immobilier-menton.net/,immobilier-menton.net,
419279690,Immobilier Mer et Campagne,http://www.immobilier-mer-et-campagne.fr/,immobilier-mer-et-campagne.fr,
487721474,IMMOBILIER-CENTER,http://www.immobilier-center.fr/,immobilier-center.fr,
308921436,IMMOBILIERE 113,http://www.immobiliere113.fr/,immobiliere113.fr,
315201905,IMMOBILIERE 43,http://www.immobiliere43.fr/,immobiliere43.fr,
752294892,IMMOBILIERE ANNECIENNE,http://www.aia-immo.com/,aia-immo.com,
384784443,IMMOBILIERE AUCLAIR CHAMPEAU,https://www.fralimo.com/fr/,fralimo.com,
847650678,IMMOBILIERE BACHER,http://www.bacher-immo.fr/,bacher-immo.fr,
314868852,IMMOBILIERE BAUMANN,http://www.agence-baumann.com/,agence-baumann.com,
852893627,IMMOBILIERE BERLIOZ,https://immobiliere-berlioz.fr/,immobiliere-berlioz.fr,
901433144,IMMOBILIERE BORIOS - IMMOBILIER CHALON SUR SAONE,http://www.immobiliereborios.fr/,immobiliereborios.fr,
343025987,IMMOBILIERE BRUN SALAT,http://www.immobiliere-salat.com/,immobiliere-salat.com,
391886256,IMMOBILIERE CACIENNE,http://www.immo-cacienne.com/,immo-cacienne.com,
450939459,IMMOBILIERE D'HALLUIN,http://www.immobilieredhalluin.com/,immobilieredhalluin.com,
485284277,Immobiliere de l'Olivier,http://immo-olivier.fr/,immo-olivier.fr,
493488969,IMMOBILIERE DE SAINT MAMERT,http://www.immobiliere-stmamert.com/,immobiliere-stmamert.com,
789648201,IMMOBILIERE DE TOUFFLERS,https://www.immobilieredetoufflers.fr/,immobilieredetoufflers.fr,
449690593,IMMOBILIERE DEMOLIERE,https://www.demoliere-immo.com/,demoliere-immo.com,
841721764,IMMOBILIERE DES 3 RIVES,http://www.immo3rives.com/,immo3rives.com,
903494524,IMMOBILIERE DES PYRENEES,https://www.immobilieredespyrenees.com/,immobilieredespyrenees.com,
802334078,IMMOBILIERE DES ROHAN,https://www.immobilieredesrohan.fr/,immobilieredesrohan.fr,
753016443,IMMOBILIERE DU BETHUNOIS,http://www.immobilieredubethunois.fr/,immobilieredubethunois.fr,
389989849,IMMOBILIERE DU CHATEAU,http://www.immochateau.fr/,immochateau.fr,
315334730,IMMOBILIERE DU DOUAISIS,http://www.immobilieredudouaisis.fr/,immobilieredudouaisis.fr,
487576415,IMMOBILIERE DU FER A CHEVAL,https://www.immobiliere-fer-cheval.fr/,immobiliere-fer-cheval.fr,
428658249,IMMOBILIERE DU HAUTMONT,https://www.immobiliereduhautmont.fr/,immobiliereduhautmont.fr,
418471868,IMMOBILIERE DU MORTAINAIS,http://www.normandimmo.com/,normandimmo.com,
312496326,IMMOBILIERE DU PALAIS,http://immobilieredupalais.net/,immobilieredupalais.net,
753378983,IMMOBILIERE DU PALAIS,http://www.immobilieredupalais.com/,immobilieredupalais.com,
494228794,IMMOBILIERE DU PARC,https://www.immobiliereduparc-marseille.fr/,immobiliereduparc-marseille.fr,
485358311,IMMOBILIERE DU PAYS DE HANAU,https://www.immo-hanau.com/,immo-hanau.com,
981614928,IMMOBILIERE DU PELEM,http://immo-bretagne.com/,immo-bretagne.com,
383717139,IMMOBILIERE DU ROCHER,http://www.immobiliere-du-rocher.com/,immobiliere-du-rocher.com,
501820732,IMMOBILIERE DU SORNIN,http://www.immobilier-sornin.com/,immobilier-sornin.com,
813841525,IMMOBILIERE DU SUD EST,http://www.immodusudest.fr/,immodusudest.fr,
378873335,IMMOBILIERE DU VAL,http://www.immoduval.com/,immoduval.com,
451831598,IMMOBILIERE DU VAL D'ALLIER,http://www.agence-immobiliere-duvaldallier.fr/,agence-immobiliere-duvaldallier.fr,
350950069,IMMOBILIERE DU VALOIS,https://www.immobiliereduvalois.com/,immobiliereduvalois.com,
412128704,IMMOBILIERE DU VIEUX LILLE,http://www.immobiliere-duvieuxlille.com/,immobiliere-duvieuxlille.com,
417581758,IMMOBILIERE DU WALDHOF,http://www.immo-waldhof.fr/,immo-waldhof.fr,
423489541,IMMOBILIERE DUCHESNE,http://www.immo-duchesne.com/,immo-duchesne.com,
510836620,IMMOBILIERE EMMANUEL MANSON,https://www.immobiliere-manson.com/,immobiliere-manson.com,
382155513,IMMOBILIERE EURO FONCIERE AIX,http://www.euro-fonciere.com/,euro-fonciere.com,
881610265,IMMOBILIERE FORCA,http://www.immobiliereforca.fr/,immobiliereforca.fr,
412435745,IMMOBILIERE FUTURA,http://www.futura-immobilier.fr/,futura-immobilier.fr,
350851598,IMMOBILIERE GAY,http://www.immobourgogne.fr/,immobourgogne.fr,
530969104,IMMOBILIERE JEANLINE,https://www.masson-jeanline.fr/,masson-jeanline.fr,
447921016,IMMOBILIERE JEANNE D' ARC,http://www.immojeannedarc.com/,immojeannedarc.com,
408836427,IMMOBILIERE LA BERRICHONNE,http://www.immo-laberrichonne.com/,immo-laberrichonne.com,
410099394,IMMOBILIERE LA CONCA D'OR,http://www.laconcador.com/,laconcador.com,
347954810,IMMOBILIERE LANDIS,https://www.immo-landis.fr/,immo-landis.fr,
834407785,IMMOBILIERE LE CANNET,https://www.immobilierelecannet.com/,immobilierelecannet.com,
417991056,IMMOBILIERE MARSEILLE NORD,http://www.immobiliere-marseille.nord.fr/,immobiliere-marseille.nord.fr,
811160191,IMMOBILIERE MERGER,https://www.immobiliere-merger.com/,immobiliere-merger.com,
751589946,IMMOBILIERE NAPOLEON,https://www.immobiliere-napoleon.fr/,immobiliere-napoleon.fr,
307720441,IMMOBILIERE OCEANE,http://www.immobiliere-oceane.fr/,immobiliere-oceane.fr,
503917270,IMMOBILIERE OLIVIER,http://www.immobiliere-olivier.fr/,immobiliere-olivier.fr,
393840244,IMMOBILIERE OTT,https://www.immo-ott.com/,immo-ott.com,
411070915,IMMOBILIERE PETIT,https://www.immobiliere-petit.fr/,immobiliere-petit.fr,
056808868,IMMOBILIERE PUJOL,http://www.immobiliere-pujol.fr/,immobiliere-pujol.fr,
421466707,IMMOBILIERE REIBEL,http://www.immo-reibel.com/,immo-reibel.com,
305392128,IMMOBILIERE REMANGEON,http://www.immo-remangeon-sologne.fr/,immo-remangeon-sologne.fr,
454021874,IMMOBILIERE SAINT HILAIRE,https://www.immosthilaire.com/,immosthilaire.com,
812879690,IMMOBILIERE SAINT-GEORGES,https://www.isgpau.com/,isgpau.com,
791255482,Immobiliere Saint-Roch,http://www.immobiliere-saint-roch.fr/,immobiliere-saint-roch.fr,
448875179,IMMOBILIERE SAVOIE LEMAN,https://www.isl-promoteur.com/,isl-promoteur.com,
521114256,IMMOBILIERE SCARPONAISE,http://www.immoscarponaise.fr/,immoscarponaise.fr,
443685821,IMMOBILIERE ST AMANDOISE,http://www.immobiliere-saint-amandoise.fr/,immobiliere-saint-amandoise.fr,
322250671,IMMOBILIERE STRAUSS HAGUENAU,http://www.immo-strauss.com/agence-haguenau.html,immo-strauss.com,
391709227,IMMOBILIERE SUD ATLANTIQUE,https://www.immobiliere-sud-atlantique.fr/,immobiliere-sud-atlantique.fr,
344406848,IMMOBILIERE TARIOT,https://www.immobilieretariot.fr/,immobilieretariot.fr,
493029193,IMMOBILIERE THOMAS DEPRESLE,https://immobilierethomasdepresle.com/fr/,immobilierethomasdepresle.com,
850524695,IMMOBILIERE TOLOSANE,http://www.immo-tolosane.fr/,immo-tolosane.fr,
492826508,IMMOBILIERE VENITIENNE,http://www.la-venitienne-immo.fr/,la-venitienne-immo.fr,
392581740,IMMOBILIERE VICTOR HUGO,http://www.agence-immovictorhugo.com/,agence-immovictorhugo.com,
853719904,IMMOBILIERE WEHREY,https://www.immo-wehrey.fr/,immo-wehrey.fr,
890005101,Immobilière Cannes Marina,https://www.cannes-marina.com/,cannes-marina.com,
415044114,IMMOBILIÈRE DE MEREVILLE,http://www.idemimmo.com/,idemimmo.com,
818999211,Immobilière de Roncq,http://www.immobilierederoncq.com/,immobilierederoncq.com,
790971634,Immobilière des 2 Lacs - Annecy,http://www.immobilieredes2lacs.com/,immobilieredes2lacs.com,
941028326,IMMOBILIÈRE DES HAUTS-DE-BARBIEUX,http://ihbimmobilier.fr/,ihbimmobilier.fr,
881012140,IMMOBILIÈRE DU BERNSTEIN,https://www.alsace.immo/,alsace.immo,
808632541,Immobilière du Château et Imagine Immobilier,http://www.immoduchateau-imagine.fr/,immoduchateau-imagine.fr,
344524111,IMMOBILIÈRE DU FORUM,http://www.immoforum13.com/,immoforum13.com,
483551693,Immobilière Heckmann Dachstein,http://www.immo-heckmann.fr/,immo-heckmann.fr,
880475173,Immobilière LONCHAMP,https://www.gi-longchamp.com/,gi-longchamp.com,
353822679,Immobilière P.A.C.A,http://www.immobiliere-paca.com/,immobiliere-paca.com,
422512574,IMMOBILIÈRE ROSELAND,https://www.immobiliereroseland.fr/,immobiliereroseland.fr,
792035016,Immobilière Saint Bernard,https://www.isb-21.fr/,isb-21.fr,
539128843,IMMOBRESSE,http://www.immo-bresse.fr/,immo-bresse.fr,
834892077,IMMOBY ME,https://www.immoby.me/,immoby.me,
985160936,IMMOCAD,http://www.cad.immo/,cad.immo,
451809305,IMMOCARRE,http://www.immocarre.com/,immocarre.com,
453317786,IMMOCENTER,http://www.immocenter-france.com/,immocenter-france.com,
799022793,Immocenter,http://www.agence-immocenter.com/,agence-immocenter.com,
447500737,IMMOCENTRE,https://www.immocentre.net/,immocentre.net,
931535082,IMMOCLEF,https://www.immoclef.fr/,immoclef.fr,
752792093,IMMOCOEUR,http://immocoeur.fr/fr/,immocoeur.fr,
538401845,IMMOCONCEPT,http://www.immoconcept-france.fr/,immoconcept-france.fr,
981859010,ImmoConnect,https://www.immo-connect.fr/,immo-connect.fr,
522912633,IMMOCONSEIL,http://www.immobilier-en-guadeloupe.com/,immobilier-en-guadeloupe.com,
934975962,ImmoCoral,https://www.immocoral.fr/,immocoral.fr,
939421889,IMMOCRAFT,http://www.immocraft.fr/,immocraft.fr,
894467794,IMMOCRATE,https://www.agenceimmocrate.fr/,agenceimmocrate.fr,
494810948,Immodec,http://www.immodec.fr/,immodec.fr,
939591798,Immodem,https://www.immodem.fr/,immodem.fr,
987379245,IMMODERN,https://www.immodern.fr/,immodern.fr,
509376976,ImmoDesPros,https://immodespros.fr/,immodespros.fr,
827947680,IMMODEX,https://immodex.fr/,immodex.fr,
891138513,IMMODICI,http://www.immodici.net/,immodici.net,
327004453,IMMODPRO,http://www.immodpro.com/,immodpro.com,
793887886,IMMODREAM,http://www.immodream.fr/,immodream.fr,
843271271,IMMODULEZ,http://www.transactertiaire.fr/,transactertiaire.fr,
322479460,IMMOFAB MONTAMER,http://www.agencemontamer.com/,agencemontamer.com,
434851861,IMMOFIDES,https://www.immofides.fr/,immofides.fr,
450566609,IMMOFLORE,http://www.immoflore.com/index.php,immoflore.com,
810018747,IMMOGENE,https://immogene.com/,immogene.com,
451845648,IMMOGEST,http://immogest57.com/index.php?page=1,immogest57.com,
794556191,IMMOGEST-68,https://www.immogest-68.fr/fr,immogest-68.fr,
510007206,IMMOGEST.WEB,http://www.immogestweb.com/,immogestweb.com,
900653551,IMMOINVEST,http://www.immoinvest87.com/,immoinvest87.com,
481523900,IMMOJAIME,http://www.immojaime.fr/,immojaime.fr,
810914119,IMMOJEUNE,https://www.immojeune.com/,immojeune.com,
815161591,IMMOJOY,http://www.immojoy.com/,immojoy.com,
809034952,ImmoJuriste.com,http://immojuriste.com/,immojuriste.com,
818716318,IMMOKA,https://immoka.fr/,immoka.fr,
103016465,IMMOKAP,http://www.immo-kap.com/,immo-kap.com,
448656991,IMMOLENS,https://www.immolens.net/,immolens.net,
408344752,IMMOLIAISON Aurélie MIRIBEL,https://www.immoliaison.fr/,immoliaison.fr,
482776010,IMMOLOC 49,https://www.immoloc49.com/,immoloc49.com,
790877138,ImmoLou-3%,http://immolou.com/,immolou.com,
900201534,Immolouge - Les Prades immobilier,https://www.immolouge.fr/,immolouge.fr,
440057008,IMMOLYS BESANCON,http://www.immolys.fr/,immolys.fr,
830988846,IMMOMAD,http://www.immomad.fr/,immomad.fr,
879878775,IMMOMANN,https://www.immomann.com/,immomann.com,
884205022,IMMOMANS,http://www.immomans.fr/,immomans.fr,
483926341,ImmoMAPI,http://www.immomapi.fr/,immomapi.fr,
444753776,IMMONATEL,https://www.immonatel.fr/,immonatel.fr,
978983336,Immonaute,http://www.immonaute.fr/,immonaute.fr,
810689745,IMMONEA,http://www.immonea.com/,immonea.com,
492353297,IMMONEW,http://www.immonew.net/,immonew.net,
821918091,IMMONEXT,http://www.immonext.fr/,immonext.fr,
909721516,IMMONOR,http://www.immonor.fr/,immonor.fr,
935103754,ImmoNova,http://www.immobiliernova.fr/,immobiliernova.fr,
827501545,IMMOPHARE,https://www.immophare.com/fr,immophare.com,
432241206,Immoplus,http://www.immoplus.com/,immoplus.com,
520275629,IMMOPLUS REUNION,http://www.immoplusreunion.com/,immoplusreunion.com,
442324901,IMMOPLUS29.COM,http://www.immoplus29.com/,immoplus29.com,
492076740,IMMOPOLIS INVESTISSEMENT,http://www.immopolis-investissement.com/,immopolis-investissement.com,
833262322,IMMOPRO CONSEIL,https://www.arthur-loyd-agen.com/,arthur-loyd-agen.com,
842027872,IMMOPRO.AI,https://www.immopro.ai/,immopro.ai,
753911759,ImmoProLink,http://www.immoprolink.fr/,immoprolink.fr,
834695512,IMMORBIHAN,http://imorbihan.com/,imorbihan.com,
344801139,IMMOREECHT,http://www.immoreecht.com/,immoreecht.com,
918169988,Immoreen,http://immoreen.com/,immoreen.com,
497591768,IMMOREV.COM,http://www.immorev.com/,immorev.com,
435402292,IMMOROYANS,https://www.immoroyans.com/fr/,immoroyans.com,
498696491,IMMOSENS,http://www.immosens.fr/,immosens.fr,
434940557,IMMOSERVICES,https://www.immoservices.net/,immoservices.net,
888341385,IMMOSHOP FRANCE,https://www.immoshopfrance.com/,immoshopfrance.com,
892109927,IMMOSOLUTIONS,https://immosolutions.fr/nos-agences/cadaujac,immosolutions.fr,
521737643,IMMOSOPHIE,https://www.immosophie.com/,immosophie.com,
829865310,IMMOSTAINS,http://www.immostains.fr/,immostains.fr,
791706518,IMMOSTORE,http://www.immostore-alsace.fr/,immostore-alsace.fr,
520592742,ImmoSurmesure,http://www.immosurmesure.fr/,immosurmesure.fr,
880212337,IMMOTECH PARTNERS,https://immotechpartners.fr/,immotechpartners.fr,
951671817,IMMOTEP,http://www.agenceimmotep.fr/,agenceimmotep.fr,
890173743,IMMOTHEP,https://immothep.fr/,immothep.fr,
979598869,IMMOTILIA,https://imm-otilia.la-boite-immo.com/,imm-otilia.la-boite-immo.com,paramètres de suivi retirés
803579317,IMMOTION,https://www.agencimmotion.com/,agencimmotion.com,
490689262,IMMOTIONS,http://www.agenceimmotions.com/,agenceimmotions.com,
509383865,IMMOTIS POLE GESTION,https://www.immotis.fr/,immotis.fr,
898014436,Immotiv - Agence immobilière Locmaria Plouzané,https://www.immotiv.bzh/accueil-immotiv-agence-immobiliere-locmaria-plouzane,immotiv.bzh,
528585755,IMMOTRAM,http://www.immotram.fr/,immotram.fr,
819860172,IMMOUEST FRANCHISE,https://www.agences-immouest.fr/,agences-immouest.fr,
778846279,IMMOVAL,https://www.immoval.com/,immoval.com,
839159688,IMMOVAL 81,http://www.immoval81.fr/,immoval81.fr,
753131598,IMMOVANCE,http://www.immovance.fr/,immovance.fr,
890023013,IMMOVEA,https://www.agence-immovea.fr/,agence-immovea.fr,
501788871,IMMOVERSIA,https://immoversia.fr/,immoversia.fr,
491384178,ImmoVienne Ligugé,https://www.immovienneliguge.fr/,immovienneliguge.fr,
879822435,IMMOXALIS,https://immoxalis.fr/,immoxalis.fr,
101371243,IMMOYA,http://immoya.fr/,immoya.fr,
943785279,IMMOZAP - L'immobilier réinventé,https://immozap.fr/,immozap.fr,
513504498,Immprove COMMERCE,https://www.immprove.fr/,immprove.fr,
838822328,IMMÖÖ,http://www.groupeimmoo.fr/,groupeimmoo.fr,
912811205,IMOAVI,http://imoavi.com/fr/,imoavi.com,
803978477,IMOBOOK,https://www.imobook.fr/,imobook.fr,
523482875,IMOGROUP - AGENCE DU GOLF,http://www.imogroup-lapalisse.com/,imogroup-lapalisse.com,
424842631,IMOGROUP TOURNUS,http://www.imogroup-tournus.com/,imogroup-tournus.com,
699200051,IMOJA,https://www.imoja.fr/,imoja.fr,
532290590,IMONET Immobilier - Bussy-Saint-Georges,https://www.imonet.fr/,imonet.fr,
890760572,IMONYA,https://www.imonya.fr/transaction-immobiliere/,imonya.fr,
844296434,IMOP,http://www.imop.fr/,imop.fr,
538320169,IMOV'IMMO,http://www.imovimmo.fr/,imovimmo.fr,
832910988,IMOZEN,http://www.imozen.fr/,imozen.fr,
952727279,IMPACT IMMO PUTEAUX 92800,https://www.impact-immo.com/,impact-immo.com,
385348834,IMPACT IMMOBILIER,https://impactimmobilier01.fr/,impactimmobilier01.fr,
478403850,IMPACT IMMOBILIER,http://www.impact-immobilier.fr/,impact-immobilier.fr,
513791772,Impact Immobilier,https://impact-immobilier18.fr/,impact-immobilier18.fr,
909506842,IMPAKT IMMOBILIER,http://www.impakt-immo.com/,impakt-immo.com,
069802106,IMREP,http://www.imrep.fr/,imrep.fr,
515060606,IMTERVAL,https://www.imterval.fr/,imterval.fr,
983844077,IMWEST,https://www.imwest.fr/,imwest.fr,
334685930,IN SITU,http://www.insitu-immobilier.fr/,insitu-immobilier.fr,
802909895,IN'SITOM,https://www.insitom.com/,insitom.com,
911263804,In-Cessio,http://www.in-cessio.com/,in-cessio.com,
832165963,Inati,http://www.inati.fr/,inati.fr,
775584519,INCITE,https://www.incite-bordeaux.fr/,incite-bordeaux.fr,
790613046,INDEPIMMO,http://www.indepimmo.fr/,indepimmo.fr,
312577422,INDIGO NEO,https://www.indigoneo.fr/fr,indigoneo.fr,
814763728,INDIVIS IMMOBILIER,https://www.indivis.fr/,indivis.fr,
799883921,INDUSTRIMMO SAS,http://www.industrimmo.com/,industrimmo.com,
500944012,INEDIT IMMOBILIER,http://www.inedit-immobilier.com/,inedit-immobilier.com,
448464602,Ingui Consultant,https://www.ingui-consultant.fr/,ingui-consultant.fr,
798990685,INITIAL IMMOBILIER,http://www.initial-immobilier.com/,initial-immobilier.com,
829608421,INITIATIVE IMMOBILIER,https://initiative.immo/,initiative.immo,
833406408,Innov Immo,http://www.innov-immo.fr/,innov-immo.fr,
801433699,INNOV IMMOBILIER DIJON,https://www.innov-immobilier-dijon.fr/,innov-immobilier-dijon.fr,
919395574,INNOV IMMOBILIER SAINT MARCEL,https://www.innov-immobilier71.fr/,innov-immobilier71.fr,
979028958,Innov immobilier Saint-Vit,https://www.innovimmobilier25.fr/,innovimmobilier25.fr,
842892838,INNOVE IMMO Le Chesnay,http://www.innove-immo.com/,innove-immo.com,
912236940,INNOVEO,https://www.agence-innoveo.fr/,agence-innoveo.fr,
810774224,INNOVILLA TRANSACTION,http://groupeinnovilla.fr/transaction,groupeinnovilla.fr,
824385868,Innovimmo Strasbourg,http://www.innovimmo-strasbourg.fr/,innovimmo-strasbourg.fr,
780705703,INOLYA,http://www.inolya.fr/,inolya.fr,
839734001,INOVA,https://www.inova-immo.com/,inova-immo.com,
950476028,INOVISTA,https://www.inovista.re/,inovista.re,
523335578,INOVY,https://inovy.fr/,inovy.fr,
453317760,INSCITY -LOTICENTRE,http://www.inscity.fr/,inscity.fr,
952782829,INSPIRE IMMO,http://www.inspireimmo.com/,inspireimmo.com,
510507783,INSPIRIMMO,http://www.inspirimmo.fr/,inspirimmo.fr,
884141888,INSTANT IMMOBILIER,http://www.instant-immo.com/,instant-immo.com,
929043909,INSULA IMMOBILIER,https://www.insula-immobilier.com/,insula-immobilier.com,
488169004,INTENCITY,https://www.intencity.fr/,intencity.fr,
880425285,INTENDANCE ET SERVICES IMMOBILIERS,http://inetse-immo.fr/,inetse-immo.fr,
509988754,Intens'Immo,http://www.intensimmo-drome.com/,intensimmo-drome.com,
937684942,INTERCAB IMMO,https://www.intercabimmo.com/,intercabimmo.com,
884853417,INTERFACE Food & Business,https://interface-commerces.octissimo.com/,interface-commerces.octissimo.com,
845337260,INTERFAS,https://interfas.re/fr/,interfas.re,
403525405,Interplages Le Havre,https://www.interplageslehavre.com/,interplageslehavre.com,
832340624,INTUITION,https://www.intuition.immo/,intuition.immo,
941985475,INV'EST IMMOBILIER,https://inv-est.fr/,inv-est.fr,
479451916,INVEST'IMMO GARD,https://www.investimmogard.fr/,investimmogard.fr,
845081769,INVESTIMMO,http://www.agence-investimmo.fr/,agence-investimmo.fr,
450120423,Investir Immobilier,https://investir-immobilier.fr/,investir-immobilier.fr,
505142984,INVESTISSEUR IMMO FR,http://www.investisseur-immo.fr/,investisseur-immo.fr,
808101497,INVESTOR,https://www.investorimmobilier.com/,investorimmobilier.com,
932886757,INVOGUE REALTY,https://www.invoguerealty.com/,invoguerealty.com,
821414430,IPSL IMMO,https://www.ipsl-immo.fr/,ipsl-immo.fr,
911005585,Ipso Immobilier,https://www.ipsoimmobilier.com/,ipsoimmobilier.com,
527905954,IRIA IMMOBILIER,http://www.iria.fr/,iria.fr,
910791896,IRIA IMMOBILIER,https://www.iriaimmobilier.com/,iriaimmobilier.com,paramètres de suivi retirés
339311060,IROISE IMMOBILIER.,http://www.iroiseimmo.fr/,iroiseimmo.fr,
899192389,IRS IMMOBILIER Ardèche,https://www.irs-immobilier.com/,irs-immobilier.com,
841612120,ISA IMMO,http://isa-immo.com/,isa-immo.com,
508493798,Isabelle Château Immobilier,https://www.icimmobilier.com/,icimmobilier.com,
491717799,ISAUTIER IMMOBILIER,https://www.isautier.re/,isautier.re,
982580144,ISIA IMMO,https://www.isia-immo.com/,isia-immo.com,
395326408,ISIS IMMOBILIER,https://www.isisimmo.com/,isisimmo.com,
891921413,ISLE DOUBLE IMMO,https://www.isledouble-immo.com/,isledouble-immo.com,
317528255,ISP,http://www.isp-immobilier.com/,isp-immobilier.com,
483422663,ISR,http://isrimmo.com/,isrimmo.com,
877701763,ISSOUDUN IMMOBILIER,http://www.issoudun-immobilier.fr/,issoudun-immobilier.fr,
488333972,ITA - BITZ Immobilier,http://www.ita-immobilier.fr/,ita-immobilier.fr,
342394277,ITC IMMOBILIER,http://www.itc-immobilier.com/,itc-immobilier.com,
435331475,ITINERIS BUILDING TRANSACTION,http://www.itineris-building.fr/,itineris-building.fr,
524328820,Itinéraire Immobilier,https://www.itineraireimmobilier.com/,itineraireimmobilier.com,
931795371,IVEC Immobilier,http://www.agence-ivec.com/,agence-ivec.com,
528370570,J B S REALISATIONS,http://www.jbs-realisations.fr/,jbs-realisations.fr,
844029454,J&S Immo,https://www.jsimmo.fr/fr,jsimmo.fr,
890264047,J'HACHETTE,https://jhachetteimmobilier.fr/,jhachetteimmobilier.fr,
805200334,J.S.B. IMMOBILIER,http://www.jsbimmo.com/,jsbimmo.com,
384113445,J.V.I Immobilier,http://www.jvi.fr/,jvi.fr,
440012284,J2T IMMOBILIER,http://www.j2t-immobilier.fr/,j2t-immobilier.fr,
894333236,JAAM IMMO,https://www.jaam-immo.fr/,jaam-immo.fr,
839430493,JACQUEMARS IMMOBILIER,https://www.jacquemarsimmobilier.fr/,jacquemarsimmobilier.fr,
323285817,Jacquemart Immobilier,http://www.jacquemart-immobilier.fr/,jacquemart-immobilier.fr,
881128722,JADERO IMMOBILIER,https://www.jaderoimmobilier.com/,jaderoimmobilier.com,
435303664,JADORE IMMOBILIER,http://www.jadore-immobilier.fr/,jadore-immobilier.fr,
902170745,JADORETZ IMMOBILIER,https://www.jadoretz-immobilier.fr/,jadoretz-immobilier.fr,
952425791,JAUDE IMMOBILIER,https://www.jaudeimmo.fr/,jaudeimmo.fr,
854080439,JAULY IMMOBILIER,https://www.jauly.com/,jauly.com,
985065390,Jausiers Immobilier,https://www.jausiers-immo.com/,jausiers-immo.com,
788674638,JAXED,https://www.jaxed-accession.fr/,jaxed-accession.fr,
437581291,JAYER ET DUMAS TRANSACTIONS,http://www.immobilier-jayerdumas.com/,immobilier-jayerdumas.com,
822488730,JB Immobilier,http://www.jbimmobilier.fr/,jbimmobilier.fr,
348713793,JB transactions,http://www.jb-transactions.fr/,jb-transactions.fr,
403290570,JBM IMMOBILIER,http://www.jbmimmobilier.com/,jbmimmobilier.com,
808989727,JC IMMO,http://www.jc-immo.com/,jc-immo.com,
818816993,JC IMMOBILIER,https://www.jcimmobilier.fr/,jcimmobilier.fr,
413909524,JCB IMMOBILIER,http://www.jcbimmo.fr/,jcbimmo.fr,
991312570,JCI IMMOBILIER,http://www.jci-immobilier.fr/,jci-immobilier.fr,
834684771,JCM Immobilier,http://jcmimmobilier.com/,jcmimmobilier.com,
840508493,JD IMMOBILIER,http://www.jd-immobilier.com/,jd-immobilier.com,
500876164,JDC CONSEIL IMMOBILIER,http://www.jdc-conseil-immobilier.fr/,jdc-conseil-immobilier.fr,
488706052,JDV GESTION Agence Immobilière,http://www.agence-immobiliere-gestion.fr/,agence-immobiliere-gestion.fr,
450005475,JEAN IMMOBILIER,http://www.jean-immobilier.fr/,jean-immobilier.fr,
483609194,JEAN-FRANCOIS SCHINDLER IMMOBILIER,http://www.schindler-immobilier.fr/,schindler-immobilier.fr,
823931332,Jean-François Orhant Immobilier,https://immobilier-orhant.fr/fr/,immobilier-orhant.fr,
883493165,JEAN-PHILIPPE CASSAN IMMOBILIER,http://www.cassan-immobilier.fr/,cassan-immobilier.fr,
829532936,JEANNE IMMO,http://www.jeanne.immo/,jeanne.immo,
532116662,JENNIFER & JEROME,http://www.jdi95.com/,jdi95.com,
492992433,JEROME GENEVOIS IMMOBILIER,http://www.imogroup-saint-trivier.com/,imogroup-saint-trivier.com,
885373084,Jessica Immobilier,https://www.jessicaimmobilier.com/,jessicaimmobilier.com,
809950470,JF Immobilier Albertville,http://www.jf-immobilier.com/,jf-immobilier.com,
880412671,JF LEGENDRE IMMOBILIER,https://www.jflegendreimmobilier.fr/,jflegendreimmobilier.fr,
897564092,JINVESTY IMMOBILIER,https://www.jinvesty-immobilier.com/,jinvesty-immobilier.com,
378948319,JJC INTERNATIONAL,https://jjc-international.com/fr/,jjc-international.com,
505069096,JJP IMMOBILIER,http://www.jjp-immo.com/,jjp-immo.com,
103741005,JK IMMOBILIER,https://www.jk-immobilier.fr/,jk-immobilier.fr,
824802649,JL IMMOBILIER,http://www.jl-immobilier.com/,jl-immobilier.com,
822368783,JL PARTNERS,https://jlpartners.fr/,jlpartners.fr,
507983401,JLV IMMOBILIER,http://www.jlv-immobilier.fr/,jlv-immobilier.fr,
509478384,JLW GESTION,http://www.jlw-immobilier.fr/,jlw-immobilier.fr,
753999838,JLW IMMOBILIER,http://www.jlw.fr/,jlw.fr,
991486374,JM IMMOBILIER,https://www.jmimmobilier-immo.fr/fr/,jmimmobilier-immo.fr,
501234991,JM IMMOBILIER CABINET JOUBERT GESTION,http://www.jmimmobilier.fr/,jmimmobilier.fr,
920337656,JMA IMMO,https://www.jmaimmo.com/,jmaimmo.com,
479600660,JMB IMMOBILIER,https://www.jmb-immobilier.com/,jmb-immobilier.com,
437583016,JMJ IMMOBILIER RANTIGNY,http://www.jmj-immobilier.com/,jmj-immobilier.com,
942126459,JMM IMMOBILIER,https://jmm-immobilier.fr/,jmm-immobilier.fr,
909431116,JMS IMMOBILIER,https://www.jmsimmobilier.fr/,jmsimmobilier.fr,
893980581,Jo Immobilier,https://www.joimmobilier.com/,joimmobilier.com,
494104599,JOCELYN PLESSIET - Agence Conseil en Immobilier,http://www.jocelynplessiet.com/,jocelynplessiet.com,
901394650,JODY IMMOBILIER,http://www.jodyimmobilier.fr/,jodyimmobilier.fr,
880468038,JOHN & CIE,http://www.johncie.com/,johncie.com,
443821467,JOIN IMMOBILIER,http://www.join-immobilier.com/,join-immobilier.com,
887924405,JOLY HOME,https://www.jolyhome.com/,jolyhome.com,
935233445,"JORAN IMMOBILIER - Vente, location, syndic",http://www.joran-immobilier.fr/,joran-immobilier.fr,
841503501,Joseph Immobilier,http://www.joseph-immobilier.com/,joseph-immobilier.com,
505132589,JOUAN IMMOBILIER,http://www.immocentrefrance.fr/,immocentrefrance.fr,
848437737,JRDU Immobilier,http://www.jrdu-immobilier.gnimmo.com/,jrdu-immobilier.gnimmo.com,
948026398,JSB IMMO,https://jsbimmo.fr/fr/,jsbimmo.fr,
527994412,JT IMMOBILIER - Chateaudun Patay Immobilier,http://www.chateaudun-immo.fr/,chateaudun-immo.fr,
918507039,JULIE IMMOBILIER,https://www.julieimmobilier81.com/,julieimmobilier81.com,
888750064,Julien Droulez,https://www.juz-immobilier.com/,juz-immobilier.com,
810549576,JULIEN IMMO,http://www.julien-immo.fr/,julien-immo.fr,
354500316,JULLIEN ET ALLIX,http://www.jullien-allix.fr/,jullien-allix.fr,
481650281,JUM IMMO,http://www.jumimmo.com/,jumimmo.com,
930620497,JUND IMMOBILIER,https://www.jundimmobilier.fr/,jundimmobilier.fr,
951567718,JUNE IMMOBILIER,https://www.june-immobilier.com/,june-immobilier.com,
803416791,JUNGLE IMMOBILIER,http://jungleimmobilier.com/,jungleimmobilier.com,
891207912,JURISTIMMO,https://www.agence-juristimmo.com/,agence-juristimmo.com,
843672288,Just in Home | L'immobilier sur-mesure à Bayeux,http://www.just-in-home.fr/,just-in-home.fr,
538954017,JUST'IMMO,http://www.just-immo.fr/,just-immo.fr,
919790766,JUSTAGER,https://www.justager.fr/vendre-en-viager/,justager.fr,
893175968,JUSTUNTOIT,https://www.justuntoit.fr/,justuntoit.fr,
851164913,Jérome Toulon Immobilier,https://www.jtimmobilier.fr/,jtimmobilier.fr,
908564537,Jérémy AUTIÉ / J.A Immobilier,https://jeremy-autie-immobilier.com/,jeremy-autie-immobilier.com,
838370203,Jérôme Richard Immobilier,http://www.jerome-richard-immobilier.fr/achat-location-immobilier-chateaubriant-loire-atlantique-44,jerome-richard-immobilier.fr,
520597980,K&P IMMOBILIER,http://www.kpimmobilier.fr/,kpimmobilier.fr,
521173435,K-HOME,https://www.k-home.fr/,k-home.fr,
980081657,K-Ré IMMOBILIER,https://www.kreimmo.com/,kreimmo.com,
881866305,K.L&D - IMMO,https://kld-immobilier.fr/,kld-immobilier.fr,
840769889,Kahûte,https://kahute.fr/,kahute.fr,
492876958,KALELITHOS,https://www.kalelithos.fr/,kalelithos.fr,
753000405,Kali Immobilier,http://www.kali-immobilier.fr/,kali-immobilier.fr,
938492956,KALIA IMMO,https://www.kalia-immo.fr/,kalia-immo.fr,
909615353,Kaliact Immobilier 62,https://kaliact.com/etude/selarl-kaliact-62/,kaliact.com,
938444486,KALIGONE IMMOBILIER,https://www.kaligone.immo/,kaligone.immo,
750828444,KALIMO CONCEPT,http://www.kalimo.fr/,kalimo.fr,
492388863,KALLISTÉ CONSEIL - Agence immobilière,https://kallisteconseil.fr/,kallisteconseil.fr,
943492132,Kaméléon Immobilier,http://www.kameleon-immobilier.fr/,kameleon-immobilier.fr,
891801102,KARIKA IMMOBILIER,http://www.karika.fr/,karika.fr,
879650885,KARIN ARNAUD IMMOBILIER,http://karinarnaudimmobilier.fr/,karinarnaudimmobilier.fr,
792076283,KARIN IMMOBILIER,https://www.immobilierhautlanguedoc.fr/,immobilierhautlanguedoc.fr,
513155028,Karine DUSSUD,https://karine-dussud.capifrance.fr/fr,karine-dussud.capifrance.fr,
810389379,Kate BROWN E.I.,https://katebrownimmobilier.com/,katebrownimmobilier.com,
500035357,KATEL IMMO,http://www.katelimmo.com/,katelimmo.com,
952666592,KATIA IMMOBILIER,https://www.katiaimmo.com/,katiaimmo.com,
479289233,Kaufman & Broad,https://www.kaufmanbroad.fr/,kaufmanbroad.fr,
752542183,KAZE REUNION IMMOBILIER,http://www.kaze-immobilier.fr/,kaze-immobilier.fr,
843818386,Kazeo,https://www.kazeo.immo/,kazeo.immo,
953468220,KB IMMO 31,http://www.kbimmo31.fr/,kbimmo31.fr,
941729816,KB IMMOBILIER,https://www.kb-immobilier.fr/,kb-immobilier.fr,
921198073,KD IMMOBILIER,https://www.kd.immo-conciergerie.fr/,kd.immo-conciergerie.fr,
951513779,KEASE,https://keaserealty.com/,keaserealty.com,
833263999,KEGO,http://www.kego.fr/,kego.fr,
537481954,KEISER Nicolas,https://www.landesimmo40.com/,landesimmo40.com,
903357317,Kenavhome,https://kenavhome.com/,kenavhome.com,
490899705,Kennedy Immobilier,https://www.kennedy-immobilier.com/,kennedy-immobilier.com,
442333852,KEOPS,http://www.keops-carcassonne.com/,keops-carcassonne.com,
477537294,KEOPS IMMOBILIER,http://www.agenceimmo34.com/,agenceimmo34.com,
380301747,KERENTREE IMMOBILIER,https://www.kerentree-immobilier.fr/,kerentree-immobilier.fr,
441028073,Kerhuon immobilier,https://kerhuonimmobilier.com/,kerhuonimmobilier.com,
983653395,KERMINE Immobilier,http://kermine-immobilier.com/,kermine-immobilier.com,
878563972,Ketzinger International Realty,http://www.ketzinger.fr/,ketzinger.fr,
889022950,Keymex Synergie,https://www.keymex.fr/agence-immobiliere/l-isle-adam/,keymex.fr,
933349615,Keymojo,http://www.keymojo.fr/,keymojo.fr,
844744284,KEYS CONSULTING,https://www.keysconsulting.fr/,keysconsulting.fr,
940930035,KEYSTONE IMMOBILIER,https://www.keystoneimmobilier.com/,keystoneimmobilier.com,
902137439,KFJ EXPERT HOME,https://kfjexperthome.fr/,kfjexperthome.fr,
944613116,KG IMMOBILIER TRANSACTION,https://kgtransaction.fr/,kgtransaction.fr,
982696320,KHAN Immobilier,https://www.khan-groupe.com/,khan-groupe.com,
800506685,Ki BUZZ immo,http://www.kibuzzimmo.fr/,kibuzzimmo.fr,
844088658,KIC IMMOBILIER,http://www.kervran-immobilier.com/,kervran-immobilier.com,
984928549,KIIZE,https://agence-kiize.fr/fr/,agence-kiize.fr,
949076822,KINDI IMMOBILIER,https://www.kindimmobilier.fr/,kindimmobilier.fr,
485304802,KL IMMO,http://www.klimmobilier.fr/,klimmobilier.fr,
832868400,Klassic Immo Agence Immobilière Tourcoing,http://www.klassic-immo.com/,klassic-immo.com,nom corrigé
513795286,KLEIN IMMOBILIER,https://www.gn.immo/,gn.immo,
980024152,Kléo Immobilier - AJACCIO,https://www.kleo-immobilier.com/,kleo-immobilier.com,
829917145,KORN IMMOBILIER COMMERCIAL,https://korn-immo.fr/,korn-immo.fr,
450670880,KOYTCHA IMMO,https://www.koytchaimmo.re/,koytchaimmo.re,
799709787,KP IMMOBILIER,http://www.kpimmobilier.com/,kpimmobilier.com,
817926777,KRC IMMO,https://www.krcimmo.fr/,krcimmo.fr,
103024154,KRC Immobilier & Finances,http://www.krcimmobilier.com/,krcimmobilier.com,
750898298,Kris’Immobilier,https://krisimmobilier.com/,krisimmobilier.com,
817956279,Krystel Niero - Univers City Immo,http://www.univers-city-immo.fr/,univers-city-immo.fr,
439834441,KS IMMO SERVICE,http://www.ksimmo-service.fr/,ksimmo-service.fr,
922063672,KUBE IMMOBILIER,https://www.kube-immo.com/,kube-immo.com,
885279240,KUBIMMO,http://www.kubimmo.com/,kubimmo.com,
983102229,KYROS,https://kyros.immo/,kyros.immo,
832359418,Kévork Immobilier,http://www.kevork-immobilier.com/,kevork-immobilier.com,
500328422,L & F IMMOBILIER,https://www.st-cyr-immobilier.com/fr,st-cyr-immobilier.com,
919624726,l AGENCE BAUDOIN,http://www.lagencebaudoin.fr/,lagencebaudoin.fr,
481706950,L AGENCE D AIX EN PROVENCE,http://www.agenceaixenprovence.com/,agenceaixenprovence.com,
507611424,L AGENT IMMOBILIER,http://www.lagentimmobilier.fr/,lagentimmobilier.fr,
912728227,L et N Immobilier,https://www.l-n-immobilier.fr/,l-n-immobilier.fr,
887545952,L EVIDENCE IMMOBILIERE,https://www.levidence-immobiliere.fr/,levidence-immobiliere.fr,
817536907,L IMMOBILIER AUTREMENT,http://www.immobilier-a-la-motte.fr/fr,immobilier-a-la-motte.fr,
482000270,L IMMOBILIER DE L ORANGERIE,http://www.immobilier-orangerie.fr/,immobilier-orangerie.fr,
537910689,L IMMOBILIER DES FONTAINES,http://www.immobilierdesfontaines.fr/,immobilierdesfontaines.fr,
820145084,L IMMOBILIER PAR REMI SERAIS,http://www.remiserais-immobilier.fr/,remiserais-immobilier.fr,
448908061,L IMMOBILIERE Bernard LACOSTE,https://www.limmobiliere-bl.com/,limmobiliere-bl.com,
884676602,L IMMOBILIERE BETHUNOISE,https://www.immobiliere-bethunoise.fr/,immobiliere-bethunoise.fr,
868200098,L IMMOBILIERE COULON LOCATIONS,https://agence-immobiliere-coulon.fr/,agence-immobiliere-coulon.fr,
801132051,l immobiliere des calanques,https://www.immocal-13.com/,immocal-13.com,
501288245,L IMMOBILIERE DU LOISON,http://www.immobiliereduloison.com/,immobiliereduloison.com,
329631618,L IMMOBILIERE DU PARC,http://www.immobiliere-du-parc.fr/,immobiliere-du-parc.fr,
839092079,L IMMOBILIERE MORANCAIS,http://www.morancais.fr/,morancais.fr,
804821825,L&A Commerces,https://la-ie.fr/,la-ie.fr,
930727573,L&A IMMOBILIER ASSOCIES,http://www.la-associes.immo/,la-associes.immo,
449036409,L&B immobilier,http://www.lb-immobilier.fr/,lb-immobilier.fr,
921425864,L&LA,https://www.lla-international.com/,lla-international.com,
790331979,L&S Immobilier,https://www.agencelsimmo.com/,agencelsimmo.com,
811243823,L' AGENCE,https://immobilieragence.fr/accueil-agence-immobiliere-lagence-marvejols.html,immobilieragence.fr,
905398491,L' AGENCE,http://www.lagenceannonay.com/,lagenceannonay.com,
891999583,L' AGENCE DU COMMERCE,https://lagenceducommerce.fr/,lagenceducommerce.fr,
999665292,L' AGENCE JULIE IMMOBILIER,http://www.lagence-julieimmobilier.com/,lagence-julieimmobilier.com,
894935527,L' Agence Numéro 1,https://www.lagence-numero-un.fr/,lagence-numero-un.fr,
937892461,L' AGENCE PYRENEES,https://lagencepyrenees.com/,lagencepyrenees.com,
928863208,L' Agence ô Carré,https://www.lagenceocarre.com/,lagenceocarre.com,
980590327,L' Ancre Immobilière,https://www.lancreimmobiliere.fr/,lancreimmobiliere.fr,
891928012,L'A2GENCE,https://la2gence.fr/,la2gence.fr,
948252259,L'ADJUST IMMOBILIER,https://www.ladjust.com/,ladjust.com,
519110753,L'AFFICHE IMMOBILIERE,http://www.lafficheimmobiliere.fr/,lafficheimmobiliere.fr,
441234119,L'Agence,http://www.lagenceimmobilier.com/,lagenceimmobilier.com,
450192513,L'AGENCE,http://www.immobiliere-agence-strasbourg.fr/,immobiliere-agence-strasbourg.fr,
510684400,L'AGENCE,https://www.lagence-nimes.com/,lagence-nimes.com,
538938929,L'Agence,http://www.lagenceimmobilier.fr/,lagenceimmobilier.fr,
801967381,L'AGENCE,http://www.lagencehyeres.com/,lagencehyeres.com,
979525862,L'AGENCE,https://www.lagencesasimmo.com/,lagencesasimmo.com,
980698740,L'AGENCE,http://www.lagence-barcares.com/,lagence-barcares.com,
912437811,L'agence & Co.,http://www.lagence-and-co.fr/,lagence-and-co.fr,
948802962,L'Agence & Vous,http://www.lagencetevous56.bzh/,lagencetevous56.bzh,
812983716,L'Agence (Vienot Associés),https://www.lagencedeboulogne.com/,lagencedeboulogne.com,
531621910,l'agence - L'immobilier autrement,http://www.lagence-autrement.com/,lagence-autrement.com,
885054247,L'Agence 27Rue,https://www.27rue.com/,27rue.com,
821068715,L'AGENCE 31,https://www.lagence-31.com/,lagence-31.com,
832772602,L'agence 33,https://www.lagence33.com/,lagence33.com,
949070981,L'agence Autrement,https://www.lagence-autrement.fr/,lagence-autrement.fr,
917864795,L'agence Azuréenne,https://www.lagenceazureenne.com/,lagenceazureenne.com,
315129064,"L'agence BENET, une autre idée de l'immobilier",http://www.benet-immobilier.com/,benet-immobilier.com,
395241284,L'AGENCE BLEUE,http://www.immocontact.fr/,immocontact.fr,
798050324,L'Agence Bleue,https://www.lagencebleue.com/,lagencebleue.com,
512483769,L'AGENCE Braine,http://www.lagence-immobilier.fr/,lagence-immobilier.fr,
389477365,L'Agence by Duho - Agence Immobilière à Thionville,https://www.lagencebyduho.fr/l-agence-by-duho-agence-immobiliere-a-thionville/,lagencebyduho.fr,
913304804,L'AGENCE BY IMWEST,https://www.groupe-imwest.com/?jsf=jet-engine&meta=surface_habitable%21range%3ANaN_348,groupe-imwest.com,URL normalisée
835117649,"L'AGENCE by L.B, Agence Immobilière de la Plaine",http://www.lagencebylb.com/,lagencebylb.com,
809540016,L'AGENCE BY TOLMAR,https://www.agencetolmar.fr/,agencetolmar.fr,
532564309,L'Agence Centrale,https://www.agencentrale.fr/,agencentrale.fr,
877608315,L'AGENCE D,https://www.lagenced.com/,lagenced.com,
880269659,L'Agence du Centre,https://www.lagenceducentre.fr/,lagenceducentre.fr,
106169071,L'AGENCE DU CHAPUS,https://agenceduchapus.com/,agenceduchapus.com,
899457717,L'Agence du Coin - Saint Hippolyte du Fort,https://www.agence-du-coin.fr/,agence-du-coin.fr,
949536817,L'agence du Cotentin,https://www.lagenceducotentin.immo/annonces/transaction/Vente.html,lagenceducotentin.immo,
421780016,L'AGENCE DU GOLF,http://www.stella-plage.com/,stella-plage.com,
885069955,L'AGENCE DU LMNP,http://www.agence-lmnp.com/,agence-lmnp.com,
979198926,L'AGENCE DU MORVAN,http://www.agencedumorvan.fr/,agencedumorvan.fr,
753579846,L'agence du neuf,https://www.lagenceduneuf.fr/,lagenceduneuf.fr,
983881194,L'AGENCE DU PALAIS,https://www.agence-palais.fr/,agence-palais.fr,
802521187,L'agence du pic St loup,http://www.lagencedupicstloup.fr/,lagencedupicstloup.fr,
447491432,L'AGENCE DU SOLEIL,http://www.lagencedusoleil.fr/,lagencedusoleil.fr,
801631359,L'AGENCE DU VALLON,http://agenceduvallon.fr/,agenceduvallon.fr,
453484024,L'AGENCE DU VILLAGE,http://www.agvillage.fr/,agvillage.fr,
880237938,L'AGENCE DU VILLAGE,http://www.agenceduvillage-immo13.fr/fr/,agenceduvillage-immo13.fr,
989009543,L'Agence FMD,https://www.lagencefmd.com/,lagencefmd.com,
853452399,l'agence GAYA,https://www.gaya-immobilier.com/fr,gaya-immobilier.com,
935104380,L'agence Hestia,https://www.lagencehestia.fr/,lagencehestia.fr,
523284594,L'AGENCE IMMO,http://www.lagenceimmo44.fr/,lagenceimmo44.fr,
531362317,L'AGENCE IMMO,http://www.lagenceimmo.eu/,lagenceimmo.eu,
810697292,L'AGENCE IMMO,http://www.immosoual.com/,immosoual.com,
824965818,l'Agence Immo,https://lagence-immobilier.com/,lagence-immobilier.com,
831960968,L'AGENCE IMMO,http://www.agenceimmomartigues.com/,agenceimmomartigues.com,
908027212,L'Agence Immo,https://www.immolozere.fr/,immolozere.fr,
920194578,L'agence immo,https://www.lagence.immo/,lagence.immo,
104334354,L'agence IMMO 53,http://www.lagenceimmo53.fr/,lagenceimmo53.fr,
988291175,L'agence IMMO du lac,https://www.lagenceimmodulac.com/,lagenceimmodulac.com,
884378035,L'AGENCE IMMOBILIERE BEUZEVILLE,https://www.lagence-beuzeville.com/,lagence-beuzeville.com,
944750686,L'AGENCE IMMOBILIERE DE TIGY,http://www.lagence-tigy.fr/,lagence-tigy.fr,
801542655,l'Agence Immobilière d'Orgeval,https://declevesimmobilier.com/,declevesimmobilier.com,
498936392,L'agence immobilière Immotop,https://www.immotop.fr/,immotop.fr,
887956787,L'Agence Invest,http://www.lagence-invest.net/,lagence-invest.net,
449277532,L'agence Jacquemot lombardo,http://www.jacquemot-lombardo-immobilier.com/,jacquemot-lombardo-immobilier.com,
994075430,L'AGENCE JK IMMOBILIER vous accompagne,https://www.agencejkimmobilier.fr/,agencejkimmobilier.fr,
450332036,L'AGENCE LACROIX IMMOBILIER,https://www.immobilier-lacroix-meilland.com/,immobilier-lacroix-meilland.com,
812344109,L'Agence Locale,https://lagencelocale.com/,lagencelocale.com,
813035862,L'agence Lorient Larmor-plage,https://www.lagence-larmorplage.com/,lagence-larmorplage.com,
890717424,L'Agence M,http://www.lagencem.immo/,lagencem.immo,
893250449,L'Agence M.,https://www.lagence-m.fr/,lagence-m.fr,
802240184,L'agence MARTEL Immobilier,https://martel-immo.fr/,martel-immo.fr,
919515387,L'agence MC Immo,https://www.lagence-mcimmo.fr/,lagence-mcimmo.fr,
812801058,L'AGENCE OYA,http://www.agenceoya.fr/,agenceoya.fr,
794139667,L'AGENCE PARTICULIERE,https://www.agenceparticuliere.fr/,agenceparticuliere.fr,
943395350,L'AGENCE PICTAVIENNE,https://www.lagence-pictavienne.fr/,lagence-pictavienne.fr,
921237038,L'AGENCE POUR VOUS,https://www.lagencepourvous.com/,lagencepourvous.com,
492651583,L'AGENCE PRO,http://www.lagencepro.com/,lagencepro.com,
752222885,L'AGENCE QUIMPER,http://www.lagence-quimper.com/,lagence-quimper.com,
893683995,L'Agence Real Estate Bereldange Immolor,http://www.lagencerealestate.fr/,lagencerealestate.fr,
949548994,L'AGENCE ROOFTOP,https://www.rooftop-immo.fr/,rooftop-immo.fr,
904140712,L'Agence Sablaise,https://www.lagencesablaise.fr/,lagencesablaise.fr,
849323985,L'Agence Saint Roch,http://www.agence-saint-roch.fr/,agence-saint-roch.fr,
795004969,L'Agence Smith - Agence immobilière à Rouen,http://www.agence-smith.com/,agence-smith.com,
492918636,L'agence Souchez Immobilier,https://www.souchezimmobilier.com/,souchezimmobilier.com,
880653571,L'AGENCE TOULOUSAINE IMMOBILIER,https://www.lagencetoulousaine.fr/,lagencetoulousaine.fr,
802514224,L'AGENCE TOULOUSE IMMOBILIER,http://www.agence-ti.fr/,agence-ti.fr,
948136940,L'Agence Vauban,https://lagencevauban.fr/fr/,lagencevauban.fr,
531089365,L'Agence à Part,http://www.lagenceapart.com/,lagenceapart.com,
821825072,L'AGENCERIE,https://www.lagencerie.fr/albi/agence-immobiliere-albi/,lagencerie.fr,
878387430,L'AGENT EXCLUSIF IMMOBILIER,http://www.lagent-exclusif.com/,lagent-exclusif.com,
849326400,L'Alliance Immobilier,https://www.lalliance-immobilier.fr/,lalliance-immobilier.fr,
433745106,L'ALLOGHJU,http://www.alloghju.com/,alloghju.com,
539420059,L'AMIRAUTE BEZONS,https://www.lamiraute-immobilier.com/,lamiraute-immobilier.com,
810442418,L'ANNEXE,http://www.lannexe-immo.fr/,lannexe-immo.fr,
893194571,l'aparté immobilier,https://www.laparte-immobilier.fr/,laparte-immobilier.fr,
985106772,L'appart Immo,http://www.lappartimmo.com/,lappartimmo.com,
817580285,L'APPARTEMENT,http://www.lappartement-immobilier.com/,lappartement-immobilier.com,
537714701,L'Aribout Immobilier,https://www.laribout-immobilier.fr/,laribout-immobilier.fr,
850948811,L'ART 2 VENDRE IMMOBILIER,https://www.lart2vendreimmobilier.com/,lart2vendreimmobilier.com,
495329864,L'ARTISAN DE L'IMMOBILIER,http://lartisandelimmobilier.com/,lartisandelimmobilier.com,
838069813,L'ARTISTE IMMOBILIER ROUEN,http://www.lartiste.immo/,lartiste.immo,
499896702,L'AS DE L'IMMOBILIER,http://www.asdelimmobilier.fr/,asdelimmobilier.fr,
942745290,L'associé immobilier,http://lassocieimmobilier.com/,lassocieimmobilier.com,
840618367,L'Atelier de l'Immo - Agence Immobilière Auxerre,https://www.latelier-immo.com/,latelier-immo.com,
881418230,L'ATELIER DES CHASSEURS IMMOBILIERS,https://latelierdeschasseurs-immo.fr/,latelierdeschasseurs-immo.fr,
882498942,L'ATELIER FONCIER IMMOBILIER,https://www.latelierfoncierimmobilier.com/,latelierfoncierimmobilier.com,
821160322,L'ATELIER IMMO,http://www.latelierimmo.com/,latelierimmo.com,
888682002,L'ATELIER IMMO,https://www.latelierimmo.fr/,latelierimmo.fr,
537898900,L'Atelier Immobilier,http://latelier-immobilier.fr/,latelier-immobilier.fr,
903120467,L'ATELIER IMMOBILIER,http://www.atelier.immo/,atelier.immo,
941598245,L'ATELIER IMMOBILIER,https://www.atelier-immobilier.fr/,atelier-immobilier.fr,
995248028,L'ATELIER IMMOBILIER,https://www.latelierimmobilier-dijon.com/,latelierimmobilier-dijon.com,
948810908,L'AV'immo,http://www.l-av-immo.fr/,l-av-immo.fr,
843294794,L'AVENUE - Agence Immobilière du Grand Albigeois,http://www.avenue-grandalbigeois.fr/,avenue-grandalbigeois.fr,
404767915,L'ECHAPPEE BLEUE IMMOBILIER,http://www.echappeebleue.com/,echappeebleue.com,
852509660,L'Effet Immo - Agence Immobilière Guebwiller,https://www.effet-immo.fr/,effet-immo.fr,
753793108,L'EMPLACEMENT CABINET IMMOBILIER,https://lemplacement.com/,lemplacement.com,
918096405,L'ENSEIGNE LIBRE,https://www.enseignelibre.com/,enseignelibre.com,
920635752,L'enseigne parisienne,https://www.lenseigneparisienne.com/,lenseigneparisienne.com,
792328601,L'entreprise immobilier,http://www.entreprise-immobilier.com/,entreprise-immobilier.com,
479737686,L'EQUIP'IMMOBILIER,https://www.lequip-immobilier.com/,lequip-immobilier.com,
878863281,"L'EQUIPE IMMO, agence immobilière",https://www.lequipe-immo.com/,lequipe-immo.com,
801873936,L'EQUIPE IMMOBILIERE,https://www.lequipe-immobiliere-reunion.com/,lequipe-immobiliere-reunion.com,
942452632,L'ERE IMMOBILIERE,http://www.lere-immobiliere.com/,lere-immobiliere.com,
538518911,L'ESPACE IMMOBILIER,http://www.lespace-immobilier.fr/,lespace-immobilier.fr,
499389005,"L'Esprit du Sud, agence immobilière",http://www.immobilier-lespritdusud.com/,immobilier-lespritdusud.com,
100806702,L'esprit immobilier,https://www.lespritimmobilier.com/,lespritimmobilier.com,
104777636,L'EST IMMO,http://www.lest-immo.com/,lest-immo.com,
821592318,L'ETAPE IMMOBILIERE,http://www.letapeimmobiliere.com/,letapeimmobiliere.com,
502704349,L'ETUDE,http://www.letude33.com/,letude33.com,
809862121,L'ETUDE IMMOBILIERE,https://www.etude-immobiliere.com/,etude-immobiliere.com,
810622662,L'ETUDE IMMOBILIERE,http://www.letude-immobiliere.fr/,letude-immobiliere.fr,
824497648,L'Etude immobiliere Saint Paul,http://www.etude-immobiliere-saintpaul.fr/,etude-immobiliere-saintpaul.fr,
907456560,L'Etude Immobilière,https://www.etude-immo.fr/,etude-immo.fr,
980751044,L'EXCELLENCE IMMOBILIERE,https://www.lexcellenceimmobiliere.fr/,lexcellenceimmobiliere.fr,
531127629,L'EXCEPTION,https://www.lexception.fr/,lexception.fr,
440438158,l'Expert Immobilier,https://www.immobilierlecres.com/,immobilierlecres.com,
880836390,L'EYRE DU BASSIN,http://www.leyre-immobilier.fr/,leyre-immobilier.fr,
911202737,L'IMMO BY CARO,https://www.limmobycaro.fr/agenceimmobiliererodez,limmobycaro.fr,
879688141,L'IMMO CHEZ VOUS,https://limmochezvous.fr/,limmochezvous.fr,
933378325,L'immo De Lea,https://www.limmodelea.fr/,limmodelea.fr,
905185013,L'IMMO DU BOIS,http://www.limmodubois.fr/,limmodubois.fr,
750306425,L'IMMO DU PALAIS,http://www.immodupalais.net/,immodupalais.net,
488559550,L'IMMO DU PARTICULIER,http://www.pertuis-immo-du-particulier.com/,pertuis-immo-du-particulier.com,
499870970,L'IMMO DU PARTICULIER,https://www.immoduparticulier.com/,immoduparticulier.com,
833698954,L'IMMO DU SUD,https://www.limmodusud.com/,limmodusud.com,
930641790,L'IMMO DU VAL,http://www.limmoduval.com/,limmoduval.com,
422797894,L'IMMOBILIER AUTREMENT,http://www.limmobilierautrement.fr/,limmobilierautrement.fr,
503867376,L'Immobilier Autrement,https://www.immobilier-kerhuon.com/,immobilier-kerhuon.com,
851206920,L'IMMOBILIER AUTREMENT,https://www.limmobilierautrement.com/,limmobilierautrement.com,
533791968,L'immobilier Autrement 68,http://www.ia68.fr/,ia68.fr,
499901817,L'IMMOBILIER D'ANTOINE,http://www.immobilierantoine.fr/pud.htm,immobilierantoine.fr,paramètres de suivi retirés
853875300,L'Immobilier d'Eustache - Responsable & Solidaire,https://www.eustache-immobilier.com/,eustache-immobilier.com,
943880971,L'IMMOBILIER DE CARACTERE,https://www.immodecaractere.com/,immodecaractere.com,
881557870,L'immobilier de la Baie : Agence immobilière ERQUY,https://www.immobilierdelabaie.fr/,immobilierdelabaie.fr,
828066522,L'IMMOBILIER DE PAULINE,http://www.limmobilierdepauline.com/,limmobilierdepauline.com,
535304810,L'IMMOBILIER DES 4 CHEMINS,https://www.immobilierdes4chemins.fr/,immobilierdes4chemins.fr,
901911594,L'IMMOBILIER des Landes,https://limmobilierdeslandes.fr/,limmobilierdeslandes.fr,
830921029,L'immobilier des volcans,http://www.immobilierdesvolcans.com/,immobilierdesvolcans.com,
503633372,L'IMMOBILIER DU BONHEUR,https://www.immobilierdubonheur.com/,immobilierdubonheur.com,
811166321,L'IMMOBILIER DU CHAI,http://www.immobilier-du-chai.fr/,immobilier-du-chai.fr,
522996339,L'IMMOBILIER DU MINERVOIS,https://immo-minervois.com/,immo-minervois.com,
810393298,L'IMMOBILIER EN GASCOGNE,http://www.limmobilier-en-gascogne.com/,limmobilier-en-gascogne.com,
502490386,L'IMMOBILIER GAGNANT,http://www.immobiliergagnant.eu/,immobiliergagnant.eu,
885172601,L'IMMOBILIER PAR CHARLY,https://www.limmobilierparcharly.com/fr,limmobilierparcharly.com,
752185611,L'IMMOBILIER PONTISSALIEN METABIEF,http://www.immo-pontissalien.fr/,immo-pontissalien.fr,
902842160,L'immobilier pour tous,https://limmobilierpourtous.fr/,limmobilierpourtous.fr,
538950239,L'immobilier proactif ®,https://www.herez.fr/,herez.fr,
430258491,L'IMMOBILIER ROCHELAIS,http://www.immobilier-rochelais.fr/,immobilier-rochelais.fr,
501252894,L'IMMOBILIER TOULOUSAIN,http://www.immobiliertoulousain.com/,immobiliertoulousain.com,
819203456,L'IMMOBILIERE CUISERY,https://www.immo-bresse.com/,immo-bresse.com,
392093670,L'IMMOBILIERE D'ILE DE FRANCE,https://www.immobiliereidf.fr/,immobiliereidf.fr,
538691387,L'IMMOBILIERE DE BOURBON,http://www.limmobilieredebourbon.com/fr,limmobilieredebourbon.com,
499051480,L'IMMOBILIERE DE FOURNES,https://limmobilieredefournes.fr/,limmobilieredefournes.fr,
528215312,L'IMMOBILIERE DE HAUTE PICARDIE,http://www.immobiliere-de-haute-picardie.com/immo/,immobiliere-de-haute-picardie.com,
438543860,L'IMMOBILIERE DE L'ILE,http://www.idi.re/,idi.re,
529088064,L'IMMOBILIERE DE LA HALLE,http://www.immobilieredelahalle.fr/,immobilieredelahalle.fr,
533549796,L'IMMOBILIERE DE LA TOUR GENOISE,https://limmobilieredelatourgenoise.com/,limmobilieredelatourgenoise.com,
482060423,L'IMMOBILIERE DE MAINTENON,http://www.maintenonimmobilier.com/,maintenonimmobilier.com,
797899770,L'IMMOBILIERE DE RIQUET,https://www.immobilierederiquet.fr/,immobilierederiquet.fr,
888642329,L'IMMOBILIERE DE SAINT PAUL,http://idsp.re/,idsp.re,
799267240,L'IMMOBILIERE DE VALMONT,http://www.valmont74.fr/,valmont74.fr,
824075907,L'IMMOBILIERE DES VIGNES,http://www.immobilieredesvignes.fr/,immobilieredesvignes.fr,
904728201,L'IMMOBILIERE DU BOURG,http://www.immobilieredubourg.com/,immobilieredubourg.com,
441742483,L'IMMOBILIERE DU CHATEAU,https://www.immo-chateau.fr/,immo-chateau.fr,
988994448,L'IMMOBILIERE DU GOLF,https://immogolf.fr/fr/,immogolf.fr,
494832793,L'IMMOBILIERE DU PARC,http://www.immoparc.fr/,immoparc.fr,
488955022,L'IMMOBILIERE DU VIAUR,https://www.viaurimmo.com/,viaurimmo.com,
888018769,L'IMMOBILIERE FOCH,https://www.limmobilierefoch.fr/,limmobilierefoch.fr,
800806473,L'IMMOBILIERE FRANCO-SUISSE,http://www.immobiliere-francosuisse.fr/,immobiliere-francosuisse.fr,
887661841,L'IMMOBILIERE GHIRI,https://www.limmobiliereghiri.com/,limmobiliereghiri.com,
445353519,L'IMMOBILIERE GUIGNARD ARGENTON,http://www.limmobiliere-guignard.com/,limmobiliere-guignard.com,
849843248,L'IMMOBILIERE KATHLEEN T,http://www.immobiliere-kathleen-t.com/,immobiliere-kathleen-t.com,
503368037,L'IMMOBILIERE PAUVERT,https://www.limmobilierepauvert.fr/,limmobilierepauvert.fr,
408963213,L'IMMOBILIERE plus,http://www.immobiliereplus.com/,immobiliereplus.com,
487513814,L'IMMOBILIERE STEPHANOISE,http://www.immobiliere-stephanoise.com/,immobiliere-stephanoise.com,
812444750,L'IMMOBILIERE TONNAY CHARENTE,http://www.immo-tonnaycharente.com/,immo-tonnaycharente.com,
929771004,L'Immobilière,https://www.immolapevele.com/,immolapevele.com,
934424276,L'immobilière 42,https://www.limmobiliere42.com/,limmobiliere42.com,
828349399,L'Immobilière Basque,https://www.limmobilierebasque.com/,limmobilierebasque.com,
439869785,L'Immobilière Bleue - Sausset les pins,http://www.immobleue.net/,immobleue.net,
947350476,L'IMMOBILIÈRE BUECHER,https://www.buecherimmobilier.fr/,buecherimmobilier.fr,
818733016,L'immobilière D et G,https://www.limmobiliere-dg.com/,limmobiliere-dg.com,
451792832,L'Immobilière de l'Abbaye,http://www.immobiliereabbaye.fr/,immobiliereabbaye.fr,
953658630,L'immobilière de la Bonne Mère,http://www.immobonnemere.fr/,immobonnemere.fr,
931430540,L'Immobilière de la Deûle - Agence Immo Annœullin,http://www.immodeladeule.fr/,immodeladeule.fr,
914220744,L'immobilière de la plaine,https://immodelaplaine.fr/fr/,immodelaplaine.fr,
882651300,L'immobilière de Langueux,https://www.immobilieredelangueux.fr/,immobilieredelangueux.fr,
831896402,L'immobilière de LARROCHE BARON,https://www.immobilieredlb.fr/,immobilieredlb.fr,
848753489,L'Immobilière de Poissy,http://www.limmobilieredepoissy.com/,limmobilieredepoissy.com,
912266566,L'immobilière de Sarah,https://www.limmobilieredesarah.fr/,limmobilieredesarah.fr,
793933169,L'Immobilière De Vaires,http://www.lidv.fr/,lidv.fr,
479137317,L'Immobilière des cigales,http://www.immobilieredescigales.com/,immobilieredescigales.com,
502660038,L'Immobilière des Cévennes,https://www.immo3d.com/,immo3d.com,
535178438,L'Immobilière du Casino,http://www.immoducasinosarreguemines.com/,immoducasinosarreguemines.com,
753365568,L'Immobilière du Cours,http://www.immobiliereducours.com/,immobiliereducours.com,
520058454,l'Immobilière du Haut-Koenigsbourg,http://www.immobiliere-haut-koenigsbourg.fr/,immobiliere-haut-koenigsbourg.fr,
750241259,L'Immobilière du Roy René agence de Pertuis,http://www.immobiliereduroyrene.fr/,immobiliereduroyrene.fr,
790675086,L'Immobilière Eden Park,https://www.immoedenpark.com/,immoedenpark.com,
482623584,L'Immobilière Florentinoise,http://immo-florentinoise.com/,immo-florentinoise.com,
809628985,L'IMMOVATION immobilier & home staging à Toulouse,http://www.limmovation.fr/,limmovation.fr,
901832287,L'INESTIMABLE,http://www.linestimable.fr/,linestimable.fr,
880960653,L'INSTANT IMMOBILIER,http://www.linstantimmobilier.fr/,linstantimmobilier.fr,
903754190,L'instant Immobilier,https://www.instant-immobilier.bzh/,instant-immobilier.bzh,
901813048,L'INTENDANCE immobilier,http://www.lintendanceimmobilier.com/,lintendanceimmobilier.com,
814468997,L'OFFICE DE L'IMMOBILIER,https://david-immo.fr/,david-immo.fr,
811308204,L'OFFICE IMMO - Agence immobilière,http://www.loffice-immo.com/,loffice-immo.com,
519231401,L'Office Immobilier,https://www.loffice-immobilier.com/,loffice-immobilier.com,
888078334,L'OFFRE D'ACHAT.FR,https://www.loffredachat.fr/,loffredachat.fr,
911364164,L'Oliveraie - Agence Immobilière,https://www.immobilier-oliveraie.com/,immobilier-oliveraie.com,
939854295,L'OLIVERAIE IMMOBILIER,http://www.loliveraie-immobilier.fr/,loliveraie-immobilier.fr,
978686053,L'OLIVIER D'OR IMMOBILIER,http://www.lolivierdor-immobilier.com/,lolivierdor-immobilier.com,
513554386,L'OREE VERTE IMMOBILIER,https://www.loreeverte-immobilier.com/,loreeverte-immobilier.com,
412770778,L'ORMEAU IMMOBILIER,http://www.ormeauimmobilier.com/,ormeauimmobilier.com,
933132425,L'Orée Immobilière,https://loree-immobiliere.fr/,loree-immobiliere.fr,
832953715,L'OUSTAOU IMMO,http://www.loustaouimmo.com/,loustaouimmo.com,
751214263,L'UNION IMMOBILIERE,http://www.ui-immobilier.fr/,ui-immobilier.fr,
790591796,L'étude IMMOBILIERE DU GOELO,http://www.letudeimmo.com/,letudeimmo.com,
488405176,L.C.I. LA CÔTE IMMOBILIERE,https://www.lcilacoteimmobiliere.com/,lcilacoteimmobiliere.com,
452538226,L.C.L Immobilier,http://www.lclimmobilier.fr/,lclimmobilier.fr,
788428621,L.d. Immobilier,http://www.ldimmo.com/,ldimmo.com,
881112296,L.P.I.,http://www.lpi-immobilier.fr/,lpi-immobilier.fr,
930709852,L.V.I IMMO,http://www.lvi-immo.com/,lvi-immo.com,
912502929,L.V.IMMO,https://www.lvimmo34120.fr/,lvimmo34120.fr,
812989218,L2S IMMOBILIER,http://www.l2simmobilier.fr/,l2simmobilier.fr,
823363494,L3D IMMO,https://l3dimmo.fr/,l3dimmo.fr,
807878707,LA BAGEENNE IMMOBILIER,http://www.labageenne.com/,labageenne.com,
930647292,LA BASTIDE IMMOBILIERE,https://labastideimmobiliere.com/,labastideimmobiliere.com,
384397212,LA BAULE IMMO ICI ET AILLEURS,https://www.la-baule-immo.com/fr,la-baule-immo.com,
919170332,LA BELLE AGENCE,https://labelleagence.immo/,labelleagence.immo,
951771914,LA BONNE ADRESSE IMMOBILIER,http://www.labonneadresseimmobilier.com/,labonneadresseimmobilier.com,
521785816,La Bordelaise de L'immobilier,http://www.bordelaisedelimmobilier.fr/,bordelaisedelimmobilier.fr,
901517466,LA BORIE IMMOBILIER,http://www.laborie-immobilier.com/,laborie-immobilier.com,
818985210,LA BOUSSOLE DE L'IMMOBILIER,http://www.laboussoleimmobilier.com/,laboussoleimmobilier.com,
929451011,LA BOUTIQUE DE L'IMMO,https://laboutiquedelimmo.la-boite-immo.com/,laboutiquedelimmo.la-boite-immo.com,
485255087,LA BRIE IMMOBILIERE,https://www.labrieimmobiliere.fr/,labrieimmobiliere.fr,
395027899,LA BRIQUE ROSE,https://labriquerose.fr/,labriquerose.fr,
404533614,La Bruyère Immobilier,http://www.labruyereimmobilier.com/,labruyereimmobilier.com,
921509709,LA CARTE IMMOBILIERE,https://www.la-carte-immobiliere.fr/,la-carte-immobiliere.fr,
913657664,LA CENSE IMMOBILIER CHERENG,http://www.immo-lacense.com/,immo-lacense.com,
885306001,LA CENTRALE IMMO,http://www.la-centrale-immo.com/,la-centrale-immo.com,
499071264,LA CIBLE IMMOBILIERE,http://www.lacibleimmobiliere.com/,lacibleimmobiliere.com,
532169687,La Cime - Agence immobilière,https://www.agencelacime.com/,agencelacime.com,ancre retirée
819194135,LA CLANCHE IMMOBILIER,http://www.laclanche-immobilier.com/,laclanche-immobilier.com,
511375503,LA CLE DE CHEZ VOUS,http://www.lacledechezvous.com/,lacledechezvous.com,
814381141,LA CLE DE L’IMMO,https://www.lacledelimmo77.fr/,lacledelimmo77.fr,
789129970,LA CLE DU BONHEUR IMMOBILIER RIEZ,http://www.lacledubonheurimmobilier.com/,lacledubonheurimmobilier.com,
753979517,LA CLE DU PARTICULIER,http://www.lacleduparticulier-immo.fr/,lacleduparticulier-immo.fr,
524032364,LA CLE EN NORD,http://www.lacle-en-nord.fr/,lacle-en-nord.fr,
922067046,LA CLE IMMOBILIERE,http://lacleimmobiliere.fr/,lacleimmobiliere.fr,
104424924,LA CLEF CORREZIENNE,https://www.laclefcorrezienne.fr/,laclefcorrezienne.fr,
518564232,LA CLEF DE SAINT LEU,http://www.laclefdesaintleu.fr/,laclefdesaintleu.fr,
940926470,LA CLEF DES HAUTS DE FRANCE,https://www.laclefdeshautsdefrance.com/,laclefdeshautsdefrance.com,
501832141,LA CLEF DU BONHEUR,http://www.laclefdubonheur-immobilier.fr/fr,laclefdubonheur-immobilier.fr,
989515978,La clef du village,http://www.laclefduvillage.fr/,laclefduvillage.fr,
422272732,LA CLUSAZ IMMOBILIER,https://www.la-clusaz-immobilier.com/,la-clusaz-immobilier.com,
888336419,La Clé de l'Immo,https://lacledelimmo.fr/,lacledelimmo.fr,
938809126,La Clé de l'Immobilier,https://lacleimmo.fr/,lacleimmo.fr,
842395725,La Clé Facile - Immobilier La Roche Sur Yon,https://www.laclefacile.fr/,laclefacile.fr,
948618970,La Clé Immobilière,https://www.la-cle-immobiliere.fr/,la-cle-immobiliere.fr,
500801071,LA COCCINELLE IMMOBILIERE GUJAN MESTRAS,http://www.coccinelle-immo.fr/,coccinelle-immo.fr,
452250012,LA COMPAGNIE DES AGENTS,http://www.agents-immo.fr/,agents-immo.fr,
070803440,LA COMTESSE Immobilier,https://www.lacomtesse.fr/,lacomtesse.fr,
484187612,LA CONSEILLERE DE L'IMMOBILIER,https://www.laconseillere.com/fr,laconseillere.com,
987801446,La conseillère immo Paris,https://laconseillereimmo.fr/,laconseillereimmo.fr,
479622326,LA COTE IMMOBILIERE,https://www.lacoteimmobiliere.net/,lacoteimmobiliere.net,
948962329,LA CREMERIE IMMOBILIER,http://www.lacremerie-immobilier.fr/,lacremerie-immobilier.fr,
911367290,LA FABRIQUE DE L' IMMOBILIER,http://www.lafabrique-delimmobilier.com/,lafabrique-delimmobilier.com,
504997693,LA FINANCIERE DES ALPES,https://lafinancieredesalpes.com/fr/,lafinancieredesalpes.com,
983789223,LA FINANCIERE DU FAY IMMOBILIER,https://www.lafinancieredufayimmobilier.fr/,lafinancieredufayimmobilier.fr,
897817136,LA FLAMANDE IMMOBILIER,https://www.laflamande.fr/,laflamande.fr,
939538195,La Flèche Immobilier - EURL DELIMMO,https://www.laflecheimmo.com/,laflecheimmo.com,
824811723,La Folie IMMOBILIÈRE,https://www.lafolieimmobiliere.fr/,lafolieimmobiliere.fr,
314514985,LA FONCIERE DIJONNAISE,https://www.fdit21.com/,fdit21.com,
395037336,LA FONCIERE DU RHIN,http://www.foncieredurhin.com/,foncieredurhin.com,
824043533,LA FORTELLE IMMOBILIER,https://www.lafortelle-immobilier.fr/,lafortelle-immobilier.fr,
378968804,La Française Immobilière - Périphérie,https://www.la-francaise-immobiliere.fr/agences/,la-francaise-immobiliere.fr,
979047727,LA GALERIE DE L'IMMOBILIER,https://lagaleriedelimmobilier.net/,lagaleriedelimmobilier.net,
840525216,LA GALERIE IMMOBILIER,https://www.lagalerieimmobilier.fr/,lagalerieimmobilier.fr,
503873374,La Gestion en Ligne,http://lagestionenligne.fr/,lagestionenligne.fr,
912057502,LA GIRONDINE - Agence Immobilière,https://agence-girondine.fr/,agence-girondine.fr,
878470749,LA GLACIERE IMMO,http://www.laglaciere-immo.fr/,laglaciere-immo.fr,
977665728,La Grange Business,https://lagrangebusiness.com/,lagrangebusiness.com,
103783858,LA GUILDE IMMOBILIERE,http://www.laguildeimmobiliere.fr/,laguildeimmobiliere.fr,
709802797,LA JOSASSIENNE,https://www.lajosassienne.fr/,lajosassienne.fr,
838781185,LA LILLOISE IMMOBILIER,https://www.lalilloise-immobilier.fr/,lalilloise-immobilier.fr,
844181214,LA MADELEINOISE,https://www.groupe-al-immobilierconseil.fr/,groupe-al-immobilierconseil.fr,
531681187,La Main Immobilière,http://www.lamainimmobiliere.fr/,lamainimmobiliere.fr,
448243816,LA MAISON,http://www.immobilierlamaison.fr/,immobilierlamaison.fr,
750353401,LA MAISON DE L IMMOBILIER,http://www.lmdi-beauvais.com/,lmdi-beauvais.com,
850177676,La Maison de L'Immo - Agence immobilière Thonon,https://lamaisondelimmo.fr/,lamaisondelimmo.fr,
332626860,LA MAISON DE L'IMMOBILIER,http://www.lamaisondelimmobilier.fr/,lamaisondelimmobilier.fr,
450374616,LA MAISON DE L'IMMOBILIER,https://www.maisondelimmo.fr/,maisondelimmo.fr,
529334302,La maison de l'immobilier,http://www.lamaison-immo.com/,lamaison-immo.com,
752525675,LA MAISON DE L'IMMOBILIER,https://www.lmi49.com/fr/,lmi49.com,
830328563,LA MAISON DE L'IMMOBILIER,https://lamaison-immobilier.com/,lamaison-immobilier.com,
904627700,La Maison de l'Immobilier,https://www.immobilier-gers.fr/,immobilier-gers.fr,
984686634,LA MAISON DUREUX IMMOBILIER GRAY,https://www.dureux-immobilier.fr/,dureux-immobilier.fr,
823238886,La Maison Immobilier – Aulnay-sous-Bois Centre,https://www.agencelamaison.fr/,agencelamaison.fr,
625480199,LA MAISON POUR - TOUS COOPERATIVE IMMOBILIERE,http://www.lmpt-coop.fr/,lmpt-coop.fr,
842091100,LA MAIZON IMMOBILIER,https://www.lamaizon-immobilier.com/,lamaizon-immobilier.com,
908815889,LA MANUFACTURE DE L’IMMO (HAUTE-LOIRE),http://www.lamanufacturedelimmo.fr/,lamanufacturedelimmo.fr,
791016314,LA MOTHE IMMOBILIER,http://www.lamotheimmobilier.fr/,lamotheimmobilier.fr,
538593880,La Nouvelle Adresse,http://lanouvelleadresse.fr/,lanouvelleadresse.fr,
881394464,La Nouvelle Agence - Cathy Mouret Vallejo,http://www.nouvelle-agence.com/,nouvelle-agence.com,
820303162,La Nouvelle Clé-immobilier,http://www.lanouvellecle-immobilier.com/,lanouvellecle-immobilier.com,
981233935,LA PARISIENNE IMMOBILIERE,http://www.laparisienneimmobiliere.fr/,laparisienneimmobiliere.fr,
887935393,LA PEPITE IMMOBILIERE,https://www.lapepite-immobilier.fr/,lapepite-immobilier.fr,
933228454,La Perle Immo,https://www.laperleimmo.com/,laperleimmo.com,
353882681,LA PETITE AGENCE,http://lapetiteagence-eguzon.fr/,lapetiteagence-eguzon.fr,
518156575,LA PETITE AGENCE,http://www.lapetiteagence-immo.fr/,lapetiteagence-immo.fr,
840942494,LA PETITE AGENCE,http://www.lapetiteagencecaen.com/,lapetiteagencecaen.com,
981099401,La Petite Agence du Coin,https://www.lapetiteagenceducoin.com/,lapetiteagenceducoin.com,
984760587,La Pierre Aixoise Immobilier,http://www.lapierreaixoise.com/,lapierreaixoise.com,
503136210,LA PIERRE DU LANGUEDOC,http://www.lapierredulanguedoc.com/,lapierredulanguedoc.com,
952936193,La Pièce Immobilier,http://www.lapiece-immobilier.com/,lapiece-immobilier.com,
429238637,LA PLAINE IMMOBILIER,http://www.laplaine-immobilier.com/,laplaine-immobilier.com,
891392961,LA PLEIADE,https://lapleiadeimmobilier.fr/,lapleiadeimmobilier.fr,
903793321,La Pointe de l'Immobilier,https://www.lpimmo29.fr/,lpimmo29.fr,
443600549,La Porte de Paris,https://www.laportedeparis.fr/,laportedeparis.fr,
984409201,La Promesse Immobilière,http://www.promesse-immobiliere.fr/,promesse-immobiliere.fr,
449876465,LA PROVENCE IMMOBILIERE,http://www.laprovenceimmobiliere.com/,laprovenceimmobiliere.com,
930873682,LA RATIONNELLE IMMOBILIER,https://www.la-rationnelle.fr/,la-rationnelle.fr,
880706320,LA REFERENCE,http://www.lareference-immo.com/,lareference-immo.com,
930311683,LA REGIE DU MOULIN,https://www.laregiedumoulin.fr/,laregiedumoulin.fr,
479896581,LA REGIONALE IMMOBILIERE,http://regionale-immobiliere.com/,regionale-immobiliere.com,
950731729,La reserve immobilière,https://www.agence-immobiliere-ensues-la-redonne.fr/,agence-immobiliere-ensues-la-redonne.fr,
882417777,LA RHONELLE IMMOBILIER,https://www.larhonelle-immobilier.fr/,larhonelle-immobilier.fr,
487860199,LA ROCH'IMMO,http://www.laroch-immo.com/,laroch-immo.com,
822134250,LA ROCHE IMMO PAYS DE LANDERNEAU,http://www.la-roche-immo.com/,la-roche-immo.com,
841672603,La Rochefoucauld Immobilier,http://www.larochefoucauldimmobilier.fr/,larochefoucauldimmobilier.fr,
511960072,La Rochelle / French Properties,http://www.larochelle-frenchproperties.com/,larochelle-frenchproperties.com,
692018658,LA RUCHE HABITAT,https://www.laruche-immo.fr/,laruche-immo.fr,
745520288,La Savoisienne,https://www.savoisienne.com/,savoisienne.com,
909957003,LA SEINE IMMOBILIERE,http://www.la-seine-immobiliere.com/,la-seine-immobiliere.com,
949493076,LA SEREINE IMMOBILIER,https://www.sereineimmo.fr/,sereineimmo.fr,
991742966,LA SIGNATURE TOULOUSAINE,https://www.la-signaturetoulousaine.fr/fr/,la-signaturetoulousaine.fr,
852531979,LA SOLUTION IMMOBILIERE,http://www.lasolutionimmo.com/,lasolutionimmo.com,
400947081,LA TERRASSE IMMOBILIER,http://www.laterrasseimmobilier.fr/,laterrasseimmobilier.fr,
844326181,LA TOULOUSAINE,http://www.agencelatoulousaine.fr/,agencelatoulousaine.fr,
750656860,LA TOUR IMMO,http://www.latour-immo.fr/,latour-immo.fr,
818192387,La Tourterelle Immobilier,https://www.la-tourterelle-immobilier.com/,la-tourterelle-immobilier.com,
449863331,LA TREMBLADE-IMMO,http://www.latremblade-immo.com/,latremblade-immo.com,
907864508,LA TRIBU IMMO,https://www.latribuimmo.fr/,latribuimmo.fr,
914567904,La Tribune de l'Immobilier,https://www.latribunedelimmobilier.fr/,latribunedelimmobilier.fr,
807676291,La Vague Immobilière,https://www.lavagueimmo.com/,lavagueimmo.com,
379002801,LA VAUX IMMOBILIER,http://www.lavauximmobilier.com/,lavauximmobilier.com,
498658285,La Villa d'Oreka . Agence immobilière,http://www.lavilladoreka.com/,lavilladoreka.com,
792411936,LA VILLA IMMOBILIER,http://www.lavilla-immobilier.fr/,lavilla-immobilier.fr,
943316034,LA VILLA IMMOBILIER,https://www.lavillaimmobilier.com/,lavillaimmobilier.com,
753714187,La Vitrine Concept Immo,https://www.lavitrine.immo/,lavitrine.immo,
801739251,LA.DYFIMMOBILIERE,http://www.ladyfimmobiliere.com/,ladyfimmobiliere.com,
931186068,LAB IMMOBILIER,http://www.labimmobilier.com/,labimmobilier.com,
503581316,LABAT IMMOBILIER,https://www.labat-immobilier.fr/,labat-immobilier.fr,
433868619,Labell Immobilier SARL,http://www.labell-immobilier.com/,labell-immobilier.com,
812850048,LABORDE IMMOBILIER,http://www.labordeimmobilier.com/,labordeimmobilier.com,
490470119,LABORIE IMMOBILIER,http://www.laborieimmobilier.com/,laborieimmobilier.com,
945291565,LABOUSTAU,http://www.laboustau-immobilier.fr/,laboustau-immobilier.fr,
750435505,Lac et Océan,https://www.lacetocean.fr/fr/,lacetocean.fr,
888753894,LAC IMMOBILIER - Agence Immobilière,http://www.lacimmobilier.fr/,lacimmobilier.fr,
383753456,LACOMBE IMMOBILIER,http://www.lacombe-immobilier.fr/,lacombe-immobilier.fr,
528722986,LACOMBE IMMOBILIER,https://www.lacombeimmo.com/,lacombeimmo.com,
832421382,LACOMBLEZ Immobilier,https://www.lacomblezimmobilier.com/,lacomblezimmobilier.com,
440534741,Lacroix Immobilier,https://www.lamy-immobilier.fr/,lamy-immobilier.fr,
942564592,LACROIX IMMOBILIER,https://www.lacroix-immobilier.fr/,lacroix-immobilier.fr,
834086571,LADN - IMMO,https://ladnimmo.com/,ladnimmo.com,
943265132,Ladroye Immobilier,https://www.ladroye.com/,ladroye.com,
882525728,Laeti & Cie,https://www.laetietcie.fr/,laetietcie.fr,
789539749,Laetitia Remy Immobilier,https://www.laetitiaremyimmobilier.com/,laetitiaremyimmobilier.com,
441396389,LAGRANGE IMMOBILIER,http://www.lagrange-immobilier.fr/,lagrange-immobilier.fr,
502988884,LAHAUTTE IMMOBILIER,https://www.lahautteimmobilier.com/,lahautteimmobilier.com,
489571489,LAIR IMMOBILIER Ecouché les Vallées,http://www.lair-immobilier.com/,lair-immobilier.com,
947719142,Lakaz Société Immobilière,http://www.lakaz-societe-immobiliere.com/,lakaz-societe-immobiliere.com,
433996345,LALANNE IMMOBILIER,http://www.lalanneimmo.com/,lalanneimmo.com,
493414957,LALLE IMMOBILIER RIOM,http://www.lalleimmobilier.fr/fr/,lalleimmobilier.fr,
329532378,LAMALOU IMMOBILIER,http://www.lamalou-immobilier.fr/,lamalou-immobilier.fr,
820681633,Lamballe Immobilier SARL,http://www.lamballeimmobilier.com/,lamballeimmobilier.com,
483963138,Lambert Immobilier,http://www.lambertimmobilier.fr/,lambertimmobilier.fr,
382615961,LAMIRAND ET ASSOCIES,http://www.lamirand-associes.com/,lamirand-associes.com,
999310907,LAMIRAULT IMMOBILIER,https://www.lamiraultimmobilier.fr/,lamiraultimmobilier.fr,
433742343,LAMOTTE,https://www.lamotte.fr/,lamotte.fr,
903706786,LAMOUR IMMOBILIER,https://www.lamour.immo/fr/,lamour.immo,
981675549,Landes Immobilier,https://landesimmobilier.fr/,landesimmobilier.fr,
917584518,LANGLOIS IMMOBILIER,https://www.langlois-immobilier.fr/a-vendre/1,langlois-immobilier.fr,
902590868,LANSAC IMMOBILIER,http://www.ocarre-immo.com/,ocarre-immo.com,
850542416,LANVAUX IMMOBILIER,http://www.lanvauximmobilier.fr/,lanvauximmobilier.fr,
909036915,LAPEYRE IMMO Agence Immobilière,http://www.lapeyreimmo.com/,lapeyreimmo.com,
822875902,LAPORTE IMMOBILIER,http://www.laporte-immobilier.com/,laporte-immobilier.com,
497671677,Laravoire Immobilier,http://www.laravoire.immo/,laravoire.immo,
410061204,LARIVIERE IMMOBILIER,http://www.immobilier-lariviere.com/,immobilier-lariviere.com,
789607272,LAROCA IMMOBILIER - Estate Agent,https://www.laroca-immobilier.com/,laroca-immobilier.com,
830171518,LAROCHE IMMOBILIER,http://www.laroche-immobilier.com/,laroche-immobilier.com,
839439684,LASER IMMO COMMERCE,https://www.laser-immo-commerce.fr/fr/nous-contacter,laser-immo-commerce.fr,
437724255,LASSALLE-AMIKUZE IMMOBILIER,https://www.amikuze-immobilier.com/,amikuze-immobilier.com,
384398269,LASSUS IMMOBILIER,http://www.lassus-immobilier.com/,lassus-immobilier.com,
803633445,LATRESNE IMMOBILIER,http://www.latresne-immobilier.com/,latresne-immobilier.com,
301468153,LATREUILLE IMMOBILIER,https://www.latreuille-immobilier.fr/,latreuille-immobilier.fr,
888006517,LAURA IMMOBILIER,https://www.laura-immobilier.com/,laura-immobilier.com,
849042536,LAURA JAMET IMMOBILIER,https://jamet-immobilier.com/,jamet-immobilier.com,
788439388,LAURE JOSSE IMMOBILIER,http://www.laurejosseimmo.fr/,laurejosseimmo.fr,
453392045,LAURENDEAU IMMOBILIER,http://www.laurendeauimmobilier.fr/,laurendeauimmobilier.fr,
904966983,LAVALLÉE IMMOBILIER,https://lavallee.immo/index.html,lavallee.immo,
948785928,LAVANTURE IMMOBILIERE,http://www.lavanture-immo.fr/,lavanture-immo.fr,
820618940,LAZARE INVEST IMMO,http://www.lazare-immo.com/,lazare-immo.com,
983633009,LAZZARIMMO,https://www.lazzarimmo.com/,lazzarimmo.com,
942066234,LB HOME,https://www.lbhome.fr/,lbhome.fr,
452424013,LBH,http://www.lb-home.com/,lb-home.com,
822697512,LBH IMMOBILIER,https://lbhimmobilier.com/,lbhimmobilier.com,
940426711,LBH IMMOBILIER,http://lbh-immobilier.com/,lbh-immobilier.com,
490489226,LBI,https://lbi-nice.com/fr/,lbi-nice.com,
988865135,LC Collection,https://www.lc-collection.com/,lc-collection.com,
884287848,LC IMMOBILIER,http://www.lc-immobilier.fr/,lc-immobilier.fr,
812032399,LC IMMOBILIER - Agence Immobilière BETHUNE,http://www.lcimmobilier.com/,lcimmobilier.com,
498211895,LCB IMMO,http://www.lcbimmo.com/,lcbimmo.com,
499495968,LCD IMMOBILIER,https://www.lecamus-immobilier.fr/,lecamus-immobilier.fr,
450815535,LCDI LE COMPTOIR DE L'IMMOBILIER,http://www.lcdimmo.com/,lcdimmo.com,
895241362,LCE IMMOBILIER TRANSACTIONS,https://www.lceimmobiliertransactions.com/,lceimmobiliertransactions.com,
484595160,LCI LE CABINET IMMOBILIER,http://www.lci57.fr/,lci57.fr,
994694404,LD IMMOBILIER,https://ld-immo.fr/,ld-immo.fr,
983874314,LDG IMMOBILIER,https://www.ldg-immobilier.fr/,ldg-immobilier.fr,
839609237,LDJ IMMOBILIER,https://www.ldjimmobilier.fr/,ldjimmobilier.fr,
920704228,LE 10 IMMO,https://www.le10immo.com/,le10immo.com,
791146350,LE 136,http://www.136.fr/,136.fr,
414401752,Le 24 Courtille,https://24courtille.com/,24courtille.com,
892838152,Le 4 Le Cabinet Immobilier,http://www.le4lecabinetimmobilier.fr/,le4lecabinetimmobilier.fr,
410841308,LE BEC Immobilier,http://www.lebec-lorient.com/,lebec-lorient.com,
429021017,Le Biavant Immobilier,https://www.lebiavant.com/,lebiavant.com,
839476504,Le Bien Unique,http://www.lebienunique.com/,lebienunique.com,
517574026,LE BON CONSEIL IMMOBILIER,http://www.lbc-immo.com/,lbc-immo.com,
791866791,LE BON PLAN IMMOBILIER,http://www.le-bon-plan-immo.com/,le-bon-plan-immo.com,
882589781,Le Bon'Appart Ajaccio - Agence immobilière,https://www.lebonappart.immo/,lebonappart.immo,
440532695,LE BOTTIN IMMOBILIER,http://www.lebottin-immobilier.com/,lebottin-immobilier.com,
824331946,LE CABINET BLEU,http://www.lecabinetbleu.fr/,lecabinetbleu.fr,
978314516,Le Cabinet Charentais,https://lecabinetcharentais.fr/,lecabinetcharentais.fr,
480513399,Le Cabinet De La Course,http://www.cabinetdelacourse.com/,cabinetdelacourse.com,
920899481,LE CASTEL REAL ESTATE,http://www.lecastelrealestate.com/,lecastelrealestate.com,
888548229,LE CEDRE IMMO,https://www.lecedreimmo.com/,lecedreimmo.com,
922042908,Le Cercle immo,https://www.lecercle-immo.fr/,lecercle-immo.fr,
795041326,LE CHAPITRE IMMOBILIER,http://www.lechapitreimmobilier.com/fr,lechapitreimmobilier.com,
920650512,Le chat immobilier,https://lechat-immobilier.fr/,lechat-immobilier.fr,
448429985,Le Chêne Jaunet,http://www.lechenejaunet.fr/,lechenejaunet.fr,
800068207,LE CLUB DE L'IMMO TOULOUSE,http://www.leclubdelimmo.fr/,leclubdelimmo.fr,
915289599,LE CLUB IMMOBILIER FRANÇAIS,https://leclubimmobilierfrancais.fr/,leclubimmobilierfrancais.fr,
790251094,LE COIN DE L'IMMOBILIER,http://www.lecoin-delimmo.com/,lecoin-delimmo.com,
891033797,LE COIN IMMO,https://www.le-coin-immo.fr/,le-coin-immo.fr,
983280132,Le comptoir de l'immo,https://comptoirdelimmo.fr/fr/,comptoirdelimmo.fr,
890606163,LE COMPTOIR DE L'IMMOBILIER,https://www.lecomptoirdelimmo.fr/,lecomptoirdelimmo.fr,
949923338,LE COMPTOIR DE L'IMMOBILIER CAEN,https://www.lecomptoirdelimmobiliercaen.fr/,lecomptoirdelimmobiliercaen.fr,
817578420,Le Comptoir Immo 33,https://www.comptoirimmo33.fr/,comptoirimmo33.fr,
444809230,LE CONTACT IMMOBILIER Location,http://www.ineohabitat.com/,ineohabitat.com,
411232846,LE CUBE BUSINESS,http://www.lecube-business.com/,lecube-business.com,
428213284,LE DOMAINE DE L IMMOBILIER,http://www.divimmo.fr/,divimmo.fr,
999835390,LE DOMAINE DE L'IMMO,http://www.domaine-de-limmo.fr/,domaine-de-limmo.fr,
529962961,LE DOME IMMOBILIER,http://www.ledome-immobilier.net/,ledome-immobilier.net,
420729758,LE DUO,https://www.le-duo.com/,le-duo.com,
401391255,LE FIL A L IMMO,https://www.lefilalimmo.fr/,lefilalimmo.fr,
520665555,LE FORUM IMMOBILIER,http://www.leforum-immobilier.com/,leforum-immobilier.com,
525143681,LE FOYER SEREIN,https://lefoyerserein.com/,lefoyerserein.com,
453467748,LE GALL PARTNERS IMMOBILIER,http://www.legallpartners.fr/,legallpartners.fr,
340651009,LE GRADIENT,http://www.legradient.com/,legradient.com,
800897068,LE HAMO,http://www.hamo.fr/,hamo.fr,
753195312,LE HAVRE NORMANDIE IMMOBILIER,http://www.lehavre-normandie-immobilier.fr/,lehavre-normandie-immobilier.fr,
821723301,LE LAB IMMO,http://www.lelabimmo.com/agence-immobiliere-le-havre-418.htm,lelabimmo.com,
412896029,LE LION IMMOBILIER,http://www.lion-lille.fr/,lion-lille.fr,
375580701,Le Logis Breton,https://www.lelogisbreton.bzh/,lelogisbreton.bzh,
920339595,LE LYS IMMO,https://www.lelysimmo.fr/index.html,lelysimmo.fr,
930018866,LE MARCHE IMMOBILIER,https://www.lemarcheimmobilier.fr/fr,lemarcheimmobilier.fr,
432931855,LE MERCIER IMMOBILIER,http://www.lemercier-immobilier.com/,lemercier-immobilier.com,
508160074,LE NEUBOURG IMMOBILIER,https://www.leneubourg-immobilier.fr/,leneubourg-immobilier.fr,
891740680,LE NID DE PROVENCE,https://www.nid-de-provence.fr/,nid-de-provence.fr,
911727923,LE NOUVEL IMMO,https://www.lenouvelimmo.fr/,lenouvelimmo.fr,
890580376,LE NOUVEL IMMOBILIER,https://www.lenouvelimmobilier.fr/,lenouvelimmobilier.fr,
423915800,LE PALATIN,http://www.lepalatin.com/,lepalatin.com,
794077214,LE PARTENAIRE IMMOBILIER GESTION,http://www.partenaire-immobilier-biarritz.com/,partenaire-immobilier-biarritz.com,
839985983,LE PARTENARIAT IMMOBILIER,http://www.lepartenariatimmobilier.com/,lepartenariatimmobilier.com,
478681653,LE PASS IMMOBILIER,http://www.lepassimmobilier.fr/,lepassimmobilier.fr,
323127746,LE PATRIMOINE,http://www.agencelepatrimoine.com/Default.aspx,agencelepatrimoine.com,
809307903,Le Pays Yonnais Immobilier,https://www.immobilier-ouest.net/,immobilier-ouest.net,
882372188,LE PETIT AGENT,https://www.lepetitagent.fr/,lepetitagent.fr,
481925212,LE PHARE DE PROVENCE,http://www.phare-de-provence.com/,phare-de-provence.com,
538353004,LE PIC DU QUERCY,http://point-immobilier-conseil.com/,point-immobilier-conseil.com,
393306790,LE POINT IMMOBILIER,http://www.lepointimmobilier-agence.fr/,lepointimmobilier-agence.fr,
825212517,LE POIRIER IMMOBILIER ST ALBAN,http://www.lepoirierimmobilier.com/,lepoirierimmobilier.com,
514604107,Le Puy de l'Immobilier,http://www.puydelimmobilier.fr/,puydelimmobilier.fr,
894764141,LE QUAI DE L'IMMOBILIER,https://lequai-immobilier.com/,lequai-immobilier.com,
945029627,LE REFUGE IMMOBILIER,https://www.lerefugeimmo.com/,lerefugeimmo.com,
797607215,LE REPERE IMMOBILIER LA BAULE,https://www.lerepereimmobilier.fr/,lerepereimmobilier.fr,
920483096,Le Reso,http://www.reso-immobilier.fr/,reso-immobilier.fr,
833863327,LE ROSENBERG IMMOBILIER,http://www.rosenbergimmobilier.fr/,rosenbergimmobilier.fr,
890021884,Le Rouge & le Noir,http://www.agence-lerougeetlenoir.fr/,agence-lerougeetlenoir.fr,
877380154,Le Rouzic immobilier by Orizon,http://www.lerouzic.com/,lerouzic.com,
843390659,Le Réseau Immo,http://www.lereseauimmo.fr/,lereseauimmo.fr,
432765014,LE SERVICE IMMOBILIER,http://www.leserviceimmo.com/,leserviceimmo.com,
880849575,LE SILO IMMOBILIER,http://www.lesiloimmobilier.fr/,lesiloimmobilier.fr,
913521316,Le socle immobilier,https://www.lesocleimmobilier.fr/,lesocleimmobilier.fr,
349377069,LE STRAT CAEN IMMO,http://www.caen-immo.fr/,caen-immo.fr,
829030444,LE TEICH IMMOBILIER,http://www.leteich-immobilier.fr/,leteich-immobilier.fr,
898457130,LE TEMPS DE L'IMMOBILIER,http://www.letempsdelimmobilier.com/,letempsdelimmobilier.com,
921043345,Le Terme Immobilier,https://letermeimmobilier.fr/,letermeimmobilier.fr,
803699339,LE TOIT DU MONDE,http://www.letoit-dumonde.com/,letoit-dumonde.com,
574501714,LE TOIT FOREZIEN,http://www.toitforezien.fr/,toitforezien.fr,
418596904,Le TUC ALES,http://ales.letuc.com/,ales.letuc.com,
922335021,LE VACCARESE,https://calima-immo.fr/programme/le-vaccarese/,calima-immo.fr,
500374145,Lebas Immobilier Groupe BIAS,http://www.lebas-immobilier.com/,lebas-immobilier.com,
977517564,LEBON LOGIS,http://www.lebon-logis.fr/,lebon-logis.fr,
934151846,LEBRAY & FINNE,https://www.lebray-finne.fr/,lebray-finne.fr,
879252922,LECOEUR TRANSACTIONS,http://www.lecoeurtransactions.fr/,lecoeurtransactions.fr,
387758048,LECOINTE-ST AUBIN IMMOBILIER LOCATION,http://www.lecointe-immobilier.com/,lecointe-immobilier.com,
885042309,LECONTE LECONTE IMMOBILIER,http://leconte.immo/,leconte.immo,
451942908,Lecuyer immobilier,https://www.lecuyer-immobilier.com/,lecuyer-immobilier.com,
934561135,LEDEY CONSEIL & IMMOBILIER,https://www.ledey-immobilier.fr/,ledey-immobilier.fr,
895256832,LEELOO IMMOBILIER,https://www.leeloo-immobilier.com/,leeloo-immobilier.com,
350854022,Leers Immobilier,http://www.leers-immobilier.com/,leers-immobilier.com,
852388362,LEFORESTIER IMMOBILIER,https://www.leforestier-immobilier.com/fr,leforestier-immobilier.com,
534007224,LEGACY ALSACE,http://www.legacy-alsace.fr/,legacy-alsace.fr,
938125382,LEGACY IMMOBILIER,https://www.legacy-immobilier.com/,legacy-immobilier.com,
953626330,LEGACY KEY'S,http://www.legacykeys.fr/,legacykeys.fr,
898377973,LEGAL IMMO,https://www.legal.immo/,legal.immo,
804662211,LEGAPOLE IMMOBILIER,https://www.immobilier.legapole.fr/,immobilier.legapole.fr,
804723302,LEGAY SAUVAGE IMMOBILIER,http://www.sauvagetransaction.fr/,sauvagetransaction.fr,
329503460,LEGENDRE IMMOBILIER,http://www.legendre-immobilier.fr/,legendre-immobilier.fr,
421061680,LEGENDRE IMMOBILIER,https://www.legendre-immobilier.com/,legendre-immobilier.com,
902247642,LEGILOC,http://www.legiloc.fr/,legiloc.fr,
911687713,LEGIS IMMO,https://legisimmo.fr/,legisimmo.fr,
951250976,LEGROS GROUPE IMMOBILIER,https://www.legros-groupe-immobilier.fr/,legros-groupe-immobilier.fr,
887945749,LEKYP IMMOBILIER,http://lekyp.fr/,lekyp.fr,
349157230,LELIEVRE Conseil en Gestion de Patrimoine,https://www.lelievre-immobilier.com/conseil-en-gestion-de-patrimoine,lelievre-immobilier.com,
419529706,LEMAISTRE IMMOBILIER CRIQUETOT L ESNEVAL,http://www.lemaistre-immo.fr/fr/acheter-biens-immobiliers.htm?_typebase=1&_key_spec%5Bmarge_de_calcul%5D=5&_ville_bien%5B%5D=Goderville&latlong=0&prixdevente%5B%5D=&prixdevente%5B%5D=&surfacehabitable%5B%5D=&surfacehabitable%5B%5D=&_motsclefs=,lemaistre-immo.fr,URL normalisée
828823914,LEMAITRE IMMOBILIER,http://www.lemaitreimmobilier.fr/,lemaitreimmobilier.fr,
813552932,LEMAN PROPERTY,http://www.leman-property.com/,leman-property.com,
981850118,LEMAN SUISSE IMMO,https://www.lemansuisseimmo.fr/,lemansuisseimmo.fr,
811377100,LENOTRIMMO,https://www.lenotrimmo.fr/accueil-325.html,lenotrimmo.fr,
103528253,LENTZ IMMO ET CONSEIL,http://www.lentz-immoconseil.com/,lentz-immoconseil.com,
811084862,LEOJADE AGENCE IMMOBILIERE,http://www.leojade.com/,leojade.com,
887761062,LEONE IMMOBILIER,https://www.leone-immobilier.fr/,leone-immobilier.fr,
808416515,LEONIE LELIEVRE Immobilier - Les Issambres,https://www.leonie-lelievre.fr/,leonie-lelievre.fr,
834513319,LEONIS IMMOBILIER,http://www.leonis-immobilier.com/,leonis-immobilier.com,
334871415,LEPERCQ IMMOBILIER,https://www.lepercq-immobilier.com/,lepercq-immobilier.com,
801820184,LEPRINCE,http://www.leprincerealty.com/fr/,leprincerealty.com,
529946113,Leroy Immobilier,http://www.cabinetleroyimmobilier.fr/,cabinetleroyimmobilier.fr,
333046415,LES 2 OURSES IMMOBILIER,http://www.orcieres-merlette.com/,orcieres-merlette.com,
409003571,LES 3 CLÉS,https://www.les3cles.com/,les3cles.com,
922840566,LES 3 PIERRES,https://www.les3pierres.fr/,les3pierres.fr,
972505283,Les Adresses Confidentielles,https://www.lesadressesconfidentielles.com/,lesadressesconfidentielles.com,
990527301,LES ADRESSES DE MANON,http://www.lesadressesdemanon.fr/,lesadressesdemanon.fr,
322566472,LES AGENCES BOYER,http://www.lesagencesboyer.fr/,lesagencesboyer.fr,
900560855,LES AGENCES DE QUARTIER,https://laqimmobilier.com/fr/,laqimmobilier.com,
901428110,Les Agences des Copains,https://lesagencesdescopains.com/,lesagencesdescopains.com,
952371011,LES AGENCES DU LOIR,https://lesagencesduloir.com/,lesagencesduloir.com,
902283514,Les Agents de l'immobilier Meung-sur-Loire,https://www.lesagentsdelimmobilier.com/agent/meung-sur-loire/,lesagentsdelimmobilier.com,
501140230,LES ANGLES IMMOBILIER,https://www.les-angles-immobilier.com/fr,les-angles-immobilier.com,
509438545,LES ARTISANS DE L IMMOBILIER,http://artisans-immobilier.com/,artisans-immobilier.com,
913807392,Les Arènes Immobilier,https://www.arenesimmo.fr/,arenesimmo.fr,
380757757,LES BASTIDES DU MIDI,https://www.bastidesdumidi.com/,bastidesdumidi.com,
911774792,LES BEAUX QUARTIERS,https://www.lesbeauxquartiers-immobilier.com/,lesbeauxquartiers-immobilier.com,
529300055,LES BELLES ANNEES,http://lesbellesannees.com/,lesbellesannees.com,
903372795,LES BIENS DE PROVENCE,https://www.locateams.com/,locateams.com,
908106792,LES BONS BIENS,https://www.lesbonsbiens.com/,lesbonsbiens.com,
444724967,LES CHENES IMMOBILIER,http://www.leschenesimmobilier.fr/,leschenesimmobilier.fr,
378537286,LES CLAYES IMMOBILIER,http://www.lesclayesimmo.com/,lesclayesimmo.com,
102194073,LES CLEFS D'ICI,http://www.lesclefsdici.fr/vente/4-sarge-les-le-mans/1,lesclefsdici.fr,
949245583,Les Clefs de l'Immo - La Primaube,https://www.clefsdelimmo.fr/,clefsdelimmo.fr,
802626804,LES CLEFS DE L'IMMOBILIER,http://lesclefsdelimmobilier.fr/,lesclefsdelimmobilier.fr,
900403718,LES CLEFS DE MANON,https://www.lesclefsdemanon.com/,lesclefsdemanon.com,
807389168,LES CLEFS DU GENEVOIS,http://lesclefsdugenevois.fr/,lesclefsdugenevois.fr,
984253161,Les Clefs Du Valois,https://www.lesclefsduvalois.fr/,lesclefsduvalois.fr,
913363248,LES CLEFS TOULOUSAINES,https://www.lesclefstoulousaines.fr/,lesclefstoulousaines.fr,
810273326,LES CLES D'AQUITAINE,http://www.lesclesdaquitaine.immo/,lesclesdaquitaine.immo,
850200437,LES CLES DE CHLOE,http://www.lesclesdechloe.fr/,lesclesdechloe.fr,
891554255,LES CLÉS D'ALEXIA Agence Lyon & Loire-sur-Rhône,http://www.lesclesdalexia.com/,lesclesdalexia.com,
981115637,Les Clés du Littoral,https://www.lesclesdulittoral.com/,lesclesdulittoral.com,
942886409,Les Clés du Quercy,http://www.lesclesduquercy.com/,lesclesduquercy.com,
515284594,Les Clés du Sud,https://2pimmo.com/,2pimmo.com,
918543729,LES CLÉS DU VAR,http://www.lesclesduvar.com/,lesclesduvar.com,
882720899,LES COMPTOIRS DE L'IMMO,https://www.immobilier-saint-nazaire-donges.com/fr/,immobilier-saint-nazaire-donges.com,
301169744,LES CONSEILS IMMOBILIERS,https://www.lesconseilsimmo.com/,lesconseilsimmo.com,
939453478,Les Demeures de Marcelle | Agence immobilière,https://www.lesdemeuresdemarcelle.com/,lesdemeuresdemarcelle.com,
540023652,LES DEMEURES DU COMTAT,http://lesdemeuresducomtat.fr/,lesdemeuresducomtat.fr,
533125639,LES DEMEURES DU PASTEL,http://www.lesdemeuresdupastel.com/,lesdemeuresdupastel.com,
889544896,LES DEMEURES DU SUD,https://www.lesdemeuresdusud.fr/,lesdemeuresdusud.fr,
924824634,Les demeures lilloises,https://lesdemeureslilloises.fr/fr/,lesdemeureslilloises.fr,
489866756,LES DEMEURES REGIONALES,https://www.lesdemeuresregionales.com/,lesdemeuresregionales.com,
949388367,LES DENICHEURS IMMOBILIER,https://www.lesdenicheursimmobilier.fr/,lesdenicheursimmobilier.fr,
832872766,LES DROLES DE DAMES DE PANAME,https://lesdrolesdedamesdepaname.com/,lesdrolesdedamesdepaname.com,
922206032,Les Dénicheurs Immobilier,http://www.lesdenicheurs-immobilier.fr/,lesdenicheurs-immobilier.fr,
838238541,LES FILLES DE L'IMMOBILIER - Agence immobilière,http://www.lesfillesdelimmobilier.fr/,lesfillesdelimmobilier.fr,
941312167,Les Gones de L'IMMO,https://www.gones.immo/,gones.immo,
380957100,LES IMMOBILIERES,http://www.immobilier-narbonne.com/fr/,immobilier-narbonne.com,
845212117,LES LOGES IMMOBILIER,https://www.lesloges-immobilier.com/,lesloges-immobilier.com,
432193811,LES MAISONIALES,http://www.lesmaisoniales.fr/,lesmaisoniales.fr,
439210352,Les Mas d'Arguin,https://www.lesmasdarguin.fr/,lesmasdarguin.fr,
910471010,Les Nouvelles Pépites - Croix,https://www.lesnouvellespepitesimmo.fr/,lesnouvellespepitesimmo.fr,
492547112,LES NOYERS,https://sas-lesnoyers.com/,sas-lesnoyers.com,
431666825,LES OCEANIDES,https://www.oceanides-immobilier.com/,oceanides-immobilier.com,
892494311,Les Palettes Urbaines,http://www.lespalettesurbaines.fr/,lespalettesurbaines.fr,
824368328,LES PARIGOTS,https://www.lesparigots.com/,lesparigots.com,
835161498,LES PEPITES DE L'IMMOBILIER,http://www.pepites-immo.com/,pepites-immo.com,
538793779,LES PIERRES DE L'ATLANTIQUE,https://lespierresdelatlantique.fr/,lespierresdelatlantique.fr,
852516186,LES PORTES D'ARRAS,https://bastide-immobilier.fr/,bastide-immobilier.fr,
878587609,Les Portes de l'Immobilier,https://www.lesportesdelimmobilier.fr/,lesportesdelimmobilier.fr,
850454059,LES PORTES DE L’IMMOBILIER MAISSE,http://www.lesportesdelimmobilier.com/,lesportesdelimmobilier.com,
929012722,Les professionnels de l'immobilier,https://les-professionnels.immo/,les-professionnels.immo,
819947011,LES PROS DE L'IMMOBILIER,http://www.lesprosdelimmobilier.fr/,lesprosdelimmobilier.fr,
471800524,LES PYRAMIDES IMMOBILIER,http://www.lagrandemotte-immobilier.com/,lagrandemotte-immobilier.com,
834191710,LES REMOISES,http://www.les-remoises.fr/fr,les-remoises.fr,
810855023,LES SARMENTS,http://www.agence-les-sarments.com/,agence-les-sarments.com,
897511150,Les Sept Collines Immobilier,http://www.septcollines-immo.fr/,septcollines-immo.fr,
821877735,Les Solutions De l'Immobilier,http://www.sdimmobilier.fr/,sdimmobilier.fr,
751650797,LES TERRASSES DE LUTECE,https://www.terrasses-lutece.com/,terrasses-lutece.com,
492312012,LES TILLOISES,https://www.lestilloises.fr/,lestilloises.fr,
980349955,Les Toits Bretons,http://www.ltb-immo.fr/,ltb-immo.fr,
329690226,LES TOITS DE FRANCE,http://www.lestoitsdefrance.fr/,lestoitsdefrance.fr,
888059185,LES TOITS DE ROBINSON,https://www.lestoitsderobinson.fr/,lestoitsderobinson.fr,
498097807,LES TOITS DE VERDUN,http://www.lestoitsdeverdun.fr/,lestoitsdeverdun.fr,
802892281,Les Toits • Immobilier Nantes,https://www.lestoits.fr/,lestoits.fr,
413123878,Les Villages d'Or,http://www.les-villages-dor.com/,les-villages-dor.com,
909907701,LES Z'AGENTS Immobilier VENTE-LOCATION-GESTION,https://www.leszagents.fr/,leszagents.fr,
428928121,Lesieur Conseil Immobilier LCI,http://www.agencelci.fr/,agencelci.fr,
879290823,LESNEVEN IMMOBILIER,http://www.lesnevenimmobilier.fr/,lesnevenimmobilier.fr,
899152318,LETELLIER IMMOBILIER,http://letellier-immobilier.fr/,letellier-immobilier.fr,
908155575,Lethis Immobilier,https://lethis-assurances.fr/immobilier/,lethis-assurances.fr,
445340730,LEUCCI IMMOBILIER,https://www.leucci-immobilier.com/,leucci-immobilier.com,
919300228,LEVEL IMMOBILIER,http://www.levelimmobilier.fr/,levelimmobilier.fr,
434821864,LEX IMMOBILIER FONT-ROMEU,http://www.leximmobilier.com/,leximmobilier.com,
821885746,LEXENCE IMMOBILIER,http://www.lexenceimmobilier.fr/,lexenceimmobilier.fr,
821752953,Leximmo 07,https://www.leximmo-07.fr/,leximmo-07.fr,
490899663,LF immo,https://www.lafede.immo/,lafede.immo,
490623865,LIANCOURT IMMOBILIER - SACY LE GRAND IMMOBILIER,http://www.liancourt-immobilier.com/,liancourt-immobilier.com,
390095230,LIBERTY HOME,https://www.libertyhome.fr/,libertyhome.fr,
441534583,LIBERTY IMMOBILIER,http://www.liberty-immo.com/,liberty-immo.com,
499371391,LIBRE IMMO,http://www.libre-immo.com/,libre-immo.com,
388535098,LICHTENAUER IMMOBILIER,http://www.lichtenauer.fr/,lichtenauer.fr,
879698470,Licorne Immobilier,http://www.licorne-immo.com/,licorne-immo.com,
812741924,LIENHARD IMMO,https://www.lienhardimmo.fr/,lienhardimmo.fr,
790592521,LIFT IMMO,https://www.liftimmo.com/,liftimmo.com,
451534416,"LIGEIS (Géomètre-Expert, Immobilier et VRD)",https://www.immo.ligeis.fr/,immo.ligeis.fr,
483893079,LIGERIA IMMOBILIER,http://www.ligeria.fr/,ligeria.fr,
784298614,LIGERIS,http://www.ligeris.com/,ligeris.com,
790341838,LIGNE IMMOBILIER,http://www.ligne-immobilier.com/,ligne-immobilier.com,
523648665,LIGNY-GASPARY IMMOBILIER,http://www.ligny-immobilier.fr/,ligny-immobilier.fr,
801015348,LILAMAND REAL ESTATE,https://lilamand-estate.com/fr/,lilamand-estate.com,
519040620,limmobiliere.fr,http://www.limmobiliere.fr/,limmobiliere.fr,
895305621,LIMMON,http://www.limmon.fr/,limmon.fr,
810570135,LIMO,http://www.limo.immo/,limo.immo,
892122854,Lion D'or Immobilier - Neuville Sur Saône,https://www.liondorimmobilier.fr/,liondorimmobilier.fr,
452219017,LISNARD IMMOBILIER,http://www.lisnard-immobilier.com/,lisnard-immobilier.com,
837714807,LISTEN IMMO +,https://www.listen.immo/,listen.immo,
431699347,LITTORAL IMMOBILIER,http://www.littoralimmobilier.fr/,littoralimmobilier.fr,
504747577,Littoral immobilier,https://www.littoral-immobilier22.com/,littoral-immobilier22.com,
810146662,LITTORAL OUEST IMMOBILIER,http://www.littoralouestimmobilier.com/,littoralouestimmobilier.com,
917629214,Living By Victoria • Agence Immobilière,https://www.living-immo.fr/,living-immo.fr,
884146507,Lizance Immo,https://www.ladresseimmo.fr/,ladresseimmo.fr,
539701425,LJ IMMO,http://www.lj-immo.fr/,lj-immo.fr,
920432119,LJM Immobilier,http://ljm-immobilier.fr/,ljm-immobilier.fr,
790300065,LK1 IMMOBILIER,https://agence-immobiliere-annecy-lk1.com/,agence-immobiliere-annecy-lk1.com,
914342969,LLINARES,https://llinaresimmo.com/fr/,llinaresimmo.com,
819073420,LM Immobilier,http://www.lmimmobiliercaen.fr/agence-immobiliere-caen-313.htm,lmimmobiliercaen.fr,
891381477,LM IMMOBILIER,http://www.lm-immobilier.fr/,lm-immobilier.fr,
915269021,LM IMMOBILIER,http://www.lm-immo.net/,lm-immo.net,
920917770,LM Immobilier - Lucie MERRIEN,https://www.agence-lmimmobilier.com/,agence-lmimmobilier.com,
809223613,LM PATRIMOINE IMMOBILIER,http://www.lm-patrimoine.fr/,lm-patrimoine.fr,
820771533,LMA CHELLOISE,http://www.lmachelloise.com/,lmachelloise.com,
428218630,LMHT,http://lmht-immobilier.fr/,lmht-immobilier.fr,
453052938,LMV Immobilier,https://www.lmv-immobilier.com/,lmv-immobilier.com,
947878500,LN Immobilier,http://ln-immobilier.bzh/,ln-immobilier.bzh,
844413997,LNA - La Nouvelle Agence Immo,https://www.lanouvelleagenceimmobiliere.fr/,lanouvelleagenceimmobiliere.fr,
103545810,LNA Feller Immobilier,http://www.lnafeller.fr/,lnafeller.fr,
538980541,LOC IMMO 66,http://www.loc-immo66.fr/,loc-immo66.fr,
438486235,LOCA DIJON,http://www.loca.fr/,loca.fr,
795079375,LOCA-INVESTISSEMENT,https://agence.loca-invest.com/fr/,agence.loca-invest.com,
505329714,LOCAGEST 18,https://www.locagest18.immo/,locagest18.immo,
484973664,LOCAJURIS,https://www.locajuris.fr/,locajuris.fr,
934400011,LOCASTAR,https://www.locastar.fr/,locastar.fr,
452658081,LOCATION 360,http://www.location360.fr/,location360.fr,
927506568,LOCATION 76,http://www.location-76.com/,location-76.com,
525170346,Location COTE APPART,http://www.cote-appart.fr/,cote-appart.fr,
479391773,LOCHOIS IMMOBILIER Agence de Bléré,http://www.lochoisimmo.com/index.php?critere=lochoisimmo&agence=4,lochoisimmo.com,
815125687,LOCMINE IMMOBILIER,https://www.locmineimmobilier.fr/,locmineimmobilier.fr,
534523022,Locopro,https://www.locopro-immo-entreprise.com/,locopro-immo-entreprise.com,
910241199,Lodge Immobilier,http://www.lodge-immo.fr/,lodge-immo.fr,
803252600,LODGIM,http://www.lodgim.fr/,lodgim.fr,
423936376,LODGIS,https://www.lodgis.com/fr/,lodgis.com,paramètres de suivi retirés
503437428,LOFT & HOUSE - L’agence de vos projets IMMOBILIERS,http://www.lofthouseimmo.fr/,lofthouseimmo.fr,
538650060,LOFTGALERIE,https://www.loft-galerie.fr/,loft-galerie.fr,
503507600,Log'ici Immobilier Nay,http://www.logici-immobilier.com/,logici-immobilier.com,
914556295,Loge 7 immobilier,https://www.loge7immobilier.com/,loge7immobilier.com,
928255041,LOGE ET VOUS,https://www.logeetvous.fr/,logeetvous.fr,
493017826,loge.GBM,https://www.logegbm.fr/,logegbm.fr,
988981239,LOGEA,https://www.logea-immobilier.com/,logea-immobilier.com,
975680190,LOGEAL IMMOBILIERE,https://www.logeal-immobiliere.fr/,logeal-immobiliere.fr,
342143955,"LogemLoiret, votre solution logement",http://www.logemloiret.fr/,logemloiret.fr,
339757411,LOGER,https://loger.re/,loger.re,
403099724,LOGERIM,http://logerim.com/,logerim.com,
529834616,LOGESTRA AGENCE IMMOBILIERE WENTZEL,http://www.logestra.fr/,logestra.fr,
509836268,LOGIDEAL,https://www.logideal.com/,logideal.com,
756200275,LOGIDIA,https://logidia.fr/,logidia.fr,
333243012,LOGIFAC,https://logement.smerra.fr/logifac/,logement.smerra.fr,paramètres de suivi retirés
988540449,LOGIKIZ,https://logikiz.fr/notre-mission/,logikiz.fr,
502157332,LOGIMAX,http://www.logimax.fr/,logimax.fr,
818041261,LOGIMM,https://www.logimm.com/,logimm.com,
058201534,LOGIOUEST,http://www.logiouest.fr/index.php?option=com_gmapfp&view=gmapfp&layout=groupe&catid=63&id_perso=0&Itemid=72,logiouest.fr,
390674802,LOGIQ IMMO,http://www.logiqimmo.fr/,logiqimmo.fr,
880978044,LOGIS 40 - 64,http://www.logis4064.com/,logis4064.com,
794924423,LOGIS DE VENDEE,http://www.logisdevendee.com/,logisdevendee.com,paramètres de suivi retirés
320722481,LOGIS SERVICE HYERES,http://www.logiservice.immo/,logiservice.immo,
096220033,LOGISSIA ALENCON,http://www.unlogementdanslorne.fr/,unlogementdanslorne.fr,
842871725,LOGISSIMO,http://logissimo.la-boite-immo.com/,logissimo.la-boite-immo.com,
452264682,LOGISVERT,http://www.logisvert.com/,logisvert.com,
827568395,LOGÉNORD,http://www.immobilier-logenord.fr/,immobilier-logenord.fr,
978232809,Loial Immobilier,https://loialimmobilier.fr/,loialimmobilier.fr,
860800077,LOIRE ATLANTIQUE DEVELOPPEMENT SELA,http://www.sela-immo.fr/,sela-immo.fr,
907521363,LOIRE IMMOBILIER,https://www.loireimmobilier.fr/,loireimmobilier.fr,
982028433,LOIRE OCEAN TRANSACTIONS,http://www.loireocean-expansion.fr/,loireocean-expansion.fr,
840717029,LOIRE VALLEY IMMOBILIER,https://www.loirevalleyimmobilier.com/,loirevalleyimmobilier.com,
949919849,LOISITERRE,http://www.loisiterre.fr/,loisiterre.fr,
927901025,LOKIZI – LA LOCATION MEUBLEE,https://www.lokizi.fr/,lokizi.fr,
979037272,Lokopro,https://www.lokopro.fr/,lokopro.fr,
812762268,LOKORA,http://www.lokora.fr/,lokora.fr,
521725499,LOMBARD AGIM IMMOBILIER,http://www.lombardagim-immobilier.fr/,lombardagim-immobilier.fr,
527944714,LOMBARD IMMOBILIER,http://www.lombard-immobilier.com/,lombard-immobilier.com,
308949882,Longueil Immobilier Ville&Parc,http://www.longueil-immobilier.com/,longueil-immobilier.com,
789397304,LOPEZ IMMOBILIER,http://www.lopez-immobilier.fr/,lopez-immobilier.fr,
979644085,LOR IMMO,https://www.lor-immo.fr/,lor-immo.fr,
500642806,LORALIS IMMOBILIER,http://www.loralis.fr/,loralis.fr,
822414736,LORD IMMOVATION,https://lordimmovation.com/,lordimmovation.com,
443571948,LORIC IMMOBILIER,http://www.loricimmobilier.fr/,loricimmobilier.fr,
852797216,Lot et Garonne Immobilier - Agence Çabalet,https://www.lot-et-garonne-immobilier.com/,lot-et-garonne-immobilier.com,
503745200,LOTIER IMMOBILIER,http://www.lotier-immobilier.com/,lotier-immobilier.com,
101341030,LOTUS L'IMMOBILIER,https://lotuslimmobilier.fr/,lotuslimmobilier.fr,
848058087,LOUBAT IMMOBILIER,https://www.loubat-immobilier.fr/,loubat-immobilier.fr,
520648163,LOUER A MARSEILLE,http://www.loueramarseille.com/,loueramarseille.com,
949114656,LOUER FACILE,https://candidat.louer-facile.com/-propos,candidat.louer-facile.com,
811850387,LOUER ZEN,https://www.louer-zen.fr/,louer-zen.fr,
914672100,Louis et Leon immobilier,http://www.louisetleonimmobilier.fr/,louisetleonimmobilier.fr,
823227277,LOUIS'APPART,https://www.louisappart.com/,louisappart.com,
408398741,LOUMAN IMMOBILIER,https://www.loumanimmobilier.com/,loumanimmobilier.com,
514212547,LOVE MY PLACE,http://www.lovemyplace.immo/,lovemyplace.immo,
309575660,LOZERE GESTION IMMO DE FRANCE,http://www.4immobilier.com/,4immobilier.com,
948116348,LOZERE IMMO,http://www.lozere-immo.fr/,lozere-immo.fr,
928246636,LP COSIMA IMMOBILIER,http://www.lp-cosima.immo/,lp-cosima.immo,
951273036,LP Immobilier,http://www.lauriepioppini.com/,lauriepioppini.com,
969505452,LPA&CO,http://www.lpa-and-co.fr/,lpa-and-co.fr,
539377903,LPI - Lionel Penant Immobilier,http://www.agencelpi.com/,agencelpi.com,
899152672,LPI IMMOBILIER,https://www.lorrainepierresimmobilier.fr/,lorrainepierresimmobilier.fr,
893458547,LPJ TRANSACTIONS,http://www.lpjtransactions.com/,lpjtransactions.com,
498063312,LR IMMOBILIER,http://www.lrimmobilier.com/index.htm?lang=fr,lrimmobilier.com,
912019973,LRB Immobilier Annecy,https://www.lrbimmobilier.com/,lrbimmobilier.com,
888804549,LS HOMES,https://www.lshomes.fr/notre-agence/,lshomes.fr,
411921018,LS IMMOBILIER,http://www.ls-immobilier.fr/,ls-immobilier.fr,
529613895,LSP IMMOBILIER,http://www.lspimmo.fr/,lspimmo.fr,
522216589,LT IMMOBILIER,http://www.ltimmobilier.fr/,ltimmobilier.fr,
890494040,LT IMMOBILIER 66,https://www.lt-immobilier66.com/,lt-immobilier66.com,
808757678,LT Transactions,https://lttransactions.com/,lttransactions.com,
890372477,LTS Agence immobilière,http://www.lts-agenceimmo.fr/,lts-agenceimmo.fr,
985163245,LTS IMMO,https://lts-immo.fr/,lts-immo.fr,
822146056,LUBIANA IMMOBILIER,https://lubiana.fr/fr/,lubiana.fr,
803310630,LUCAS BONNARD LAURENT,https://meilleursbiens.com/,meilleursbiens.com,
899522452,Lucas immobilier,https://www.lucas-immo.fr/,lucas-immo.fr,
834944209,Lucas Tartary Immobilier,http://www.tartary-immobilier.fr/,tartary-immobilier.fr,
879985356,Lucie Vidal Immobilier (LV Immobilier) à Le Soler,http://www.lucievidalimmo.com/,lucievidalimmo.com,
922658513,LUCIO IMMOBILIER,https://www.lucioimmobilier.fr/,lucioimmobilier.fr,
893081166,LUCKYMMO,https://www.luckymmo.com/,luckymmo.com,
792883407,Ludovic Souchon Immobilier,http://www.souchonimmobilier.fr/,souchonimmobilier.fr,
899075303,Ludwig & Imhoff,https://www.ludwigimhoff.fr/,ludwigimhoff.fr,
882161003,LUGDUNUM IMMOBILIER,https://www.lugdunum-immobilier.com/,lugdunum-immobilier.com,
444617104,LUGO PROMOTEUR IMMOBILIER,https://www.lugo-promoteur-immobilier.com/,lugo-promoteur-immobilier.com,
932204209,Lumon conseil,https://www.lumon-conseil.fr/,lumon-conseil.fr,
834186041,LUTETE Alice,http://www.aliceluteteimmo.com/,aliceluteteimmo.com,
397468901,LUX IMMOBILIER,http://www.luximmobilier.com/,luximmobilier.com,
393271390,LUXIOR IMMOBILIER LOCATIONS,http://www.luxior-immobilier.com/,luxior-immobilier.com,
983533803,LUXOR IMMO,https://www.luxor-immo.fr/,luxor-immo.fr,
828338343,Luxor immobilier,http://luxorimmobilier.com/,luxorimmobilier.com,
819313404,LV IMMOBILIER,https://lvimmobilier.net/fr/,lvimmobilier.net,
851032128,LV IMMOBILIER,https://www.lvimmobilier-cabestany.fr/,lvimmobilier-cabestany.fr,
534594619,LVM Immobilier Groupe LA VERCHERE - MARK,https://lvm-immobilier.fr/,lvm-immobilier.fr,
813648821,LVT IMMOBILIER,https://www.immobilier-en-dordogne.com/,immobilier-en-dordogne.com,
911422384,LYAUDET DRAJNUDEL IMMOBILIER,https://www.lyaudetdrajnudel.fr/,lyaudetdrajnudel.fr,
533213534,LYON EXTRAMUROS,https://www.lyonextramuros.com/,lyonextramuros.com,
980325690,Lyon gestion,https://www.lyongestion.fr/,lyongestion.fr,
320316318,Lyon Immobilier,http://www.lyonimmo.net/,lyonimmo.net,
380585778,LYRIA IMMO,http://www.lyria.immo/,lyria.immo,
434229837,LYS IMMO,https://www.lys-immo.com/,lys-immo.com,
921358511,LYSI IMMOBILIER,http://www.reseau-lysi-immobilier.com/,reseau-lysi-immobilier.com,
456203546,L’ABRI FAMILIAL,https://abrifamilial.fr/,abrifamilial.fr,
894234020,L’ACCENT RÉSEAU IMMOBILIER,http://www.laccentimmo.fr/,laccentimmo.fr,
903240315,L’AGENCE,http://lagencetours.fr/,lagencetours.fr,
954027959,L’agence BONNEMAISON,https://www.bonnemaison.bzh/,bonnemaison.bzh,
909738460,L’Agence ImMaud,https://www.lagenceimmaud.com/,lagenceimmaud.com,
931872980,L’AGENDA TRANSACTION,https://www.lagendatransaction.re/,lagendatransaction.re,
988511176,L’Alliance Immobilière,http://www.lalliance-immobiliere.fr/,lalliance-immobiliere.fr,
842533804,L’immo en Direct,http://www.limmoendirect.fr/,limmoendirect.fr,
500466057,L’immobilier En Auvergne (LEA),https://immobilier-en-auvergne.fr/,immobilier-en-auvergne.fr,
843379181,L’Immobilière des Pennes,https://www.immodespennes.com/,immodespennes.com,
843562216,l’immobilière normande,http://www.limmobilierenormande.com/,limmobilierenormande.com,
838559763,L’OLIVIER DE MONTFORT,http://www.lolivierdemontfort-immobilier.com/fr,lolivierdemontfort-immobilier.com,
878841808,L’ONCLE ZAM,http://lonclezam.fr/,lonclezam.fr,
752829754,M A M,http://www.mam.immo/,mam.immo,
992848184,M ET MME IMMO,http://metmme.immo/,metmme.immo,
533256962,M IMMO CONSEILS,http://www.m-immoconseils.com/,m-immoconseils.com,
101066538,M IMMOBILIER,https://www.m-immobilier.net/,m-immobilier.net,
915222822,M IMMOBILIER,http://www.m-immobilier79.fr/,m-immobilier79.fr,
842463846,M Immopro,http://www.m-immopro.fr/,m-immopro.fr,
530844596,M O V E M E N T,https://www.agence-movement.com/,agence-movement.com,
903670826,M PLUS IMMOBILIER,https://www.mplus-immobilier.fr/,mplus-immobilier.fr,
379449390,M&C International,https://www.mc-international.net/,mc-international.net,
934823360,M&CO IMMOBILIER,http://www.mco-immobilier.com/,mco-immobilier.com,
893938886,M&L IMMOBILIER,http://www.mlimmobilier.fr/,mlimmobilier.fr,
352752265,M.C. IMMOBILIER,https://www.agencemci.com/,agencemci.com,
821585205,M.G.N Immobilier,https://www.mgn-immobilier.com/,mgn-immobilier.com,
949898019,M.P.I MON PROJET IMMOBILIER,http://www.mpi-alencon.fr/,mpi-alencon.fr,
901057257,M2B IMMO,http://www.m2bimmo.com/,m2bimmo.com,
444232466,M2G IMMOBILIER,http://www.digoin-immobilier.com/fr/,digoin-immobilier.com,
499075141,M2S,http://annemasse.mikit.fr/,annemasse.mikit.fr,
814605853,MA COMPAGNIE IMMOBILIERE,https://www.macompagnieimmobiliere.com/a-vendre/1,macompagnieimmobiliere.com,
938048535,MA DEMEURE,http://www.mademeure.net/,mademeure.net,
869800359,MA FABRIQUE DU LOGEMENT ABORDABLE,http://www.mfla.fr/,mfla.fr,
917905945,MA FAMILLE IMMO,https://maisons-alfort.mafamilleimmo.fr/,maisons-alfort.mafamilleimmo.fr,
921294872,Ma Maison Immo par CAILLEAU IMMO,https://www.mamaisonimmo.com/,mamaisonimmo.com,
842456014,MA1930,https://ma1930.com/,ma1930.com,
808557052,MAA IMMOBILIER,https://www.maa.immo/fr/,maa.immo,
819252024,MAB Immobilier,http://www.mabimmobilier.com/,mabimmobilier.com,
892512757,MAB IMMOBILIER,https://mab-immobilier.fr/fr/,mab-immobilier.fr,
414920884,MAB PLANCHON location,http://mab-planchon.com/location.php,mab-planchon.com,
510235666,MAC Immobilier Maule,https://www.mac-immobilier-maule.fr/,mac-immobilier-maule.fr,
879942191,MACIFLORE GESTION TRANSACTION,https://www.mgt-gestion-transaction.com/,mgt-gestion-transaction.com,
477785240,MACLES IMMOBILIER,http://www.macles.fr/,macles.fr,
338903313,MACORETZ SCOP,https://www.macoretz.fr/,macoretz.fr,paramètres de suivi retirés
948234018,MAD'IMMO,https://madimmo.fr/fr/,madimmo.fr,
481143428,MADAME IMMO,http://www.madameimmo.com/,madameimmo.com,
978960565,MADAME IMMOBILIER,https://www.agence-madame.fr/,agence-madame.fr,
902937036,MADAME MONSIEUR IMMOBILIER,https://www.madame-monsieur-immobilier.com/,madame-monsieur-immobilier.com,
900010786,Madame Moon Immobilier,https://www.madamemoonimmobilier.fr/,madamemoonimmobilier.fr,
399268820,MADANI IMMOBILIER,https://www.madani-immobilier.com/,madani-immobilier.com,
106980279,MADE IN EVIDENCE IMMOBILIER,http://www.madeinevidence.fr/,madeinevidence.fr,
812757755,Made Real Estate,http://www.maderealestate.com/,maderealestate.com,
518799523,Mafalda Immobilier,http://www.mafalda-immobilier.com/,mafalda-immobilier.com,
452402233,MAGIC IMMOBILIER,http://www.magic-immobilier-nantua.com/,magic-immobilier-nantua.com,
909465833,MAGNY IMMOBILIER,http://www.magnyimmobilier.fr/,magnyimmobilier.fr,
818160269,MAGUIMMO Amberieu en Bugey,http://www.maguimmo.com/,maguimmo.com,
535332449,MAGUY IMMOBILIER,http://www.saint-nazaire-immobilier.com/,saint-nazaire-immobilier.com,
878562131,MAISOMARY,https://www.maisomary.com/,maisomary.com,
994782613,MAISON & FORÊT IMMOBILIER,http://www.maisonetforet.com/,maisonetforet.com,
911097830,MAISON ALMA,https://www.maisonalmaimmobilier.com/,maisonalmaimmobilier.com,
991080342,MAISON B,https://www.maisonb-immobilier.com/,maisonb-immobilier.com,
508662996,MAISON B.,https://www.maisonb.immo/,maisonb.immo,
877578526,Maison Barbe Immobilier,http://maisonbarbe.immo/,maisonbarbe.immo,
447666223,MAISON BLANCHE,"https://www.maisonblanche.immo/agence/maison-blanche-parthenay-parthenay-79200,2",maisonblanche.immo,
999896772,MAISON CEZANNE IMMOBILIER,https://www.maisoncezanne-immobilier.fr/,maisoncezanne-immobilier.fr,
922204912,MAISON CINO Real Estate,http://maisoncino.com/fr/,maisoncino.com,
322030453,MAISON DE L'IMMOBILIER,https://www.maison-immobilier.com/,maison-immobilier.com,
453820599,MAISON DE L'IMMOBILIER,http://www.maisondelimmobilier.com/,maisondelimmobilier.com,
901343285,MAISON DE VILLE,https://www.maisondevilleimmobilier.com/,maisondevilleimmobilier.com,
983902115,MAISON HASARD IMMO,https://www.maison-hasard.fr/,maison-hasard.fr,
901604470,Maison Infinity - Agence Immobilière,https://kwinfinity.fr/,kwinfinity.fr,
983166125,MAISON LAVENU,http://www.maisonlavenu-immobilier.fr/,maisonlavenu-immobilier.fr,
948084355,Maison Noire Immobilier - MNI,https://www.maisonnoireimmobilier.com/,maisonnoireimmobilier.com,
940598519,Maison P&P Prestige,https://papangueimmobilierprestige.com/,papangueimmobilierprestige.com,
824903223,Maisonenvente.fr,http://www.maisonenvente.fr/,maisonenvente.fr,
421373135,MAISONS AXIAL LOIRE,http://www.immodefranceforezvelay.fr/,immodefranceforezvelay.fr,
953264256,MALOE IMMOBILIER,https://www.maloe-immobilier.com/,maloe-immobilier.com,
797590544,MaMaisonIdéale.immo,https://www.mamaisonideale.immo/,mamaisonideale.immo,
839242021,MAN-IMMO.PRO,https://www.man-immo.pro/,man-immo.pro,
827454562,MANACH CONSEIL IMMOBILIER Vannes,https://www.manach-conseil.com/,manach-conseil.com,
891026650,Mane & Associés,https://www.maneassocies.com/,maneassocies.com,
529064834,MANETIE ACHICOURT,https://www.manetie.com/,manetie.com,
529403156,MANHATTAN CONSEILS,https://manhattanconseils.com/,manhattanconseils.com,
939611620,Manin Immobilier,https://www.manin-immobilier.com/,manin-immobilier.com,
752780205,MANUEL PICOT BSK IMMOBILIER,https://manuelpicot-immobilier.fr/,manuelpicot-immobilier.fr,
530943737,MANUELA MARQUES IMMOBILIER,http://www.manuelamarques-immobilier.com/,manuelamarques-immobilier.com,
807742796,MAP Immobilier,https://www.mapimmobilier.fr/,mapimmobilier.fr,
509086740,MAPEO IMMOBILIER,http://www.mapeo-immo.com/,mapeo-immo.com,
498887991,MaPetiteAgence,http://www.mapetiteagence.com/,mapetiteagence.com,
430168997,MAPS IMMO,http://www.maps-immo.fr/,maps-immo.fr,
490648771,Mar Immo Lisa,http://www.mallemort-immobilier-provence.com/,mallemort-immobilier-provence.com,
422361410,MARBOUTIN IMMOBILIER,http://www.marboutin-immo.com/,marboutin-immo.com,
948066642,MARC ESTEREZ IMMOBILIER,http://www.marcesterez.com/,marcesterez.com,
839439783,MARCEL FOINNEAU,http://www.marcelfoinneau.fr/,marcelfoinneau.fr,
837972736,MARCEL IMMO,http://www.marcelimmo.com/,marcelimmo.com,
839414612,MARCELIN PREVOT SARL AURELIEN KELLER IMMOBILIER,https://www.prevot-keller-immobilier.fr/,prevot-keller-immobilier.fr,
912824778,MARCHAL IMMOBILIER,http://www.marchalimmobilier.com/,marchalimmobilier.com,
433633484,Marchands'Immo,http://www.marchands.immo/,marchands.immo,
911643989,MARCHE DE L'IMMOBILIER,https://www.marcheimmovichy.fr/,marcheimmovichy.fr,
412454902,MARCILLE IMMOBILIER,http://www.marcille-immobilier.com/,marcille-immobilier.com,
429165780,Marcon Immobilier Aubusson,http://www.marcon-immobilier.com/,marcon-immobilier.com,
789630837,Marcory Immobilier,http://www.marcory.immo/,marcory.immo,
919513770,MARCUS IMMOBILIER,https://www.marcus-immobilier.fr/,marcus-immobilier.fr,
482064359,MARE IMMO 2B,http://www.mareimmo2b.com/,mareimmo2b.com,
430403170,MAREUIL IMMOBILIER,http://www.mareuil-immobilier.com/,mareuil-immobilier.com,
894520113,MARGUERON IMMOBILIER,https://margueron.immo/,margueron.immo,
894264829,MARIA ET TOIT,https://www.rebiere-immobilier.fr/,rebiere-immobilier.fr,
940945249,MARIE SAMMUT Immobilier,http://www.mariesammut.fr/,mariesammut.fr,
813842986,MARIMO,http://www.marimo-immobilier.com/,marimo-immobilier.com,
891660904,MARINE,https://www.rlimmobilier.com/marine,rlimmobilier.com,
805203411,MARINE IMMOBILIER Location - Gestion,https://marineimmobilier.fr/,marineimmobilier.fr,
103723052,MARKUS IMMOBILIER,https://www.markusimmobilier.fr/,markusimmobilier.fr,
920913019,Marlon Gartich,https://www.marresproperties.com/,marresproperties.com,
849478805,Marly Immobilier,https://www.marly-immobilier.com/,marly-immobilier.com,
842936221,MARN'EUROPE IMMOBILIER - ESBLY,https://www.marneurope-immobilier.fr/,marneurope-immobilier.fr,
331278531,MARNE-AGENCE,http://www.marne-agence.fr/,marne-agence.fr,
798150686,Marnie Immobilier,http://www.marnieimmobilier.com/,marnieimmobilier.com,
940240526,MARNÉO Immobilier,http://www.marneo-immobilier.fr/,marneo-immobilier.fr,
914847603,Marquer,http://www.marquer-immobilier.fr/,marquer-immobilier.fr,
814199667,MARTEL PROMOTION,http://www.agence-martel.fr/,agence-martel.fr,
919213959,MARTIGUES IMMOBILIER,http://www.martiguesimmobilier.fr/,martiguesimmobilier.fr,
819507831,MARTIN ACCUEIL IMMOBILIER,https://www.martin-accueilimmobilier.com/,martin-accueilimmobilier.com,
339824963,MARTIN GESTION,http://www.martin-gestion.com/,martin-gestion.com,
414984534,MARTIN IMMOBILIER,https://www.martin-immobilier.net/,martin-immobilier.net,
753882844,MARTIN IMMOBILIER,http://www.martinimmobilier.fr/,martinimmobilier.fr,
672018454,MASSON IMMOBILIER,http://www.massonimmobilier.fr/,massonimmobilier.fr,
981048135,MASUPERLOCATION.FR - Agence immobilière St-Quentin,http://www.masuperlocation.fr/,masuperlocation.fr,
838723245,MAT & SEB MARSEILLE,http://www.mat-seb-immo.fr/,mat-seb-immo.fr,
825188576,MATERA,https://matera.eu/fr,matera.eu,
882953607,Matesa Immobilier - agence immo Divonne les Bains,https://www.matesaimmo.com/,matesaimmo.com,
834400491,Mathieu & Roldan Immobilier,http://mathieuroldan-immo.fr/,mathieuroldan-immo.fr,
521001826,MATHIEU BEYER IMMOBILIER,http://www.mathieubeyer-immobilier.com/,mathieubeyer-immobilier.com,
902937424,MATHIEU FLOIRAC IMMOBILIER,https://mfi-immo.fr/,mfi-immo.fr,
841882467,MATHIEU GUERIN IMMOBILIER,http://www.guerin-immobilier.fr/,guerin-immobilier.fr,
903445542,MATHIEU IMMOBILIER & CONSEILS,https://www.mathieuimmobilier.fr/,mathieuimmobilier.fr,
920709110,MATHIEU IMMOBILIER ET PATRIMOINE,https://www.mathieuimmobilierpatrimoine.fr/,mathieuimmobilierpatrimoine.fr,
820076719,MATHIEU PERSON IMMOBILIER,http://www.mathieuperson-immobilier.com/,mathieuperson-immobilier.com,
932523681,Mathis GESBAUD,https://www.capifrance.fr/,capifrance.fr,
433203544,MATHIS IMMEUBLES,http://www.mathis-immeubles.fr/,mathis-immeubles.fr,
492410915,MATIM,http://matim.immo/fr/,matim.immo,
421126616,MATRAY IMMOBILIER,http://www.matray-immobilier.com/,matray-immobilier.com,
893649889,MAUGE IMMOBILIER,https://www.maugeimmobilier.com/,maugeimmobilier.com,
810905315,MAUGUIO IMMOBILIER,https://mauguio-immobilier.com/fr/,mauguio-immobilier.com,
479609596,MAURIG IMMOBILIER,http://www.maurigimmobilier.com/,maurigimmobilier.com,
418667721,MAURIN IMMOBILIER,https://www.maurin-immobilier.com/,maurin-immobilier.com,
432433522,MAVI IMMOBILIER,https://mavi-immobilier.fr/fr/,mavi-immobilier.fr,
529959694,MAVIMMOBILIER,http://www.mavimmobilier.fr/,mavimmobilier.fr,
439644212,MAVIMO,http://www.mavimo.net/,mavimo.net,
493199616,MAX IMMOBILIER,https://www.maximmobilier.fr/,maximmobilier.fr,
931648778,Maxime Despères Immobilier,https://maximedesperes.com/fr/,maximedesperes.com,
921329066,MAY' BUSINESS,http://www.may-business.fr/,may-business.fr,
999590664,MAY'IMMO,http://www.mayimmo.com/,mayimmo.com,
891173973,Maye Gestion,https://mayegestion.fr/,mayegestion.fr,
432807543,Mazeau Immobilier,https://www.mazeau-immobilier.com/,mazeau-immobilier.com,
498803451,MB IMMOBILIER,http://www.mb-immobilier53.com/,mb-immobilier53.com,
805195187,MBC Immo,http://www.mbcimmo.com/,mbcimmo.com,
881198006,MBS IMMOBILIER,https://mbs-immobilier.fr/,mbs-immobilier.fr,
931029797,MC IMMOBILIER,https://www.mcimmobilier5962.fr/,mcimmobilier5962.fr,
441266897,MCF,http://www.mcfimmo.fr/,mcfimmo.fr,
922730254,MCIE,https://mcie.fr/nos-biens/,mcie.fr,
820016608,MCM IMMO,http://www.mcmimmo.com/fr,mcmimmo.com,
877555516,MCM Ma Coach Maison,https://www.agencemcm.immo/,agencemcm.immo,
984916825,MCS IMMOBILIER,https://www.mcs-immobilier.com/,mcs-immobilier.com,
499769263,MD IMMOBILIER,http://www.md-immobilier.com/fr/,md-immobilier.com,
951410141,MEDEA IMMOBILIER,http://www.medeaimmobilier.com/,medeaimmobilier.com,
344575717,MEDIA IMMOBILIER,http://www.media-immobilier.com/,media-immobilier.com,
438891665,MEDIANE CHARMES,http://www.mediane-immo.net/Mediane-Charmes,mediane-immo.net,
917905028,MELTYHOME,http://www.meltyhome.com/,meltyhome.com,
828243972,MENSCH IMMOBILIER,http://menschimmobilier.com/fr/,menschimmobilier.com,
932380116,Merino,https://www.agencemerino.com/,agencemerino.com,
518713839,MERITY,http://www.merity.fr/,merity.fr,
951602689,MESITYS,http://www.mesitys.fr/,mesitys.fr,
428724108,METIER IMMOBILIER,https://www.metier-immobilier.fr/,metier-immobilier.fr,
933305211,METRE CARRE SANCTUARY,https://metrecarrehome.com/,metrecarrehome.com,
792871139,Metropol'Immo,http://www.metropolimmo.fr/,metropolimmo.fr,
894017003,METROPOLE Immobilier,http://www.metropoleimmobilier.com/,metropoleimmobilier.com,
530086222,METROPOLIS,https://www.metropolis-paris.fr/index.php,metropolis-paris.fr,
815118708,METROPOLITAN IMMOBILIER,http://www.metropolitan-immobilier.com/,metropolitan-immobilier.com,
494505399,METZ IMMOBILIER,http://www.agence-metz-immobilier.com/,agence-metz-immobilier.com,
497762518,MEURSAULT IMMOBILIER,http://www.meursault-immobilier.com/index.php?lang=fr,meursault-immobilier.com,
928394360,MEZZON,https://mezzon.fr/,mezzon.fr,
802390153,MF2A,https://mf2a.fr/fr/,mf2a.fr,
798661310,MG CONSULTING,https://www.my-mg.consulting/,my-mg.consulting,
449166636,MG IMMOBILIER,http://www.mgimmobilier.com/,mgimmobilier.com,
979071792,MG IMMOBILIER,http://mg-immobilier.com/,mg-immobilier.com,
522738269,MG-IMMOBILIER,http://www.agence-mg-immo.com/,agence-mg-immo.com,
950935064,MHAJ,http://www.mhaj.fr/,mhaj.fr,
911420750,MHC IMMOBILIER,https://www.mhc-immobilier.fr/,mhc-immobilier.fr,
800356545,MHM FINANCE & IMMO courtier à Orchies-Estimation,https://www.mhm-immo.com/,mhm-immo.com,
927688465,MIBOO immo,http://mibooimmo.fr/,mibooimmo.fr,
390233575,MICHEL ET NEUMAYER SA,http://www.michel-neumayer.fr/,michel-neumayer.fr,
943881540,MICHEL IMMO,https://michelimmo.fr/,michelimmo.fr,
432813343,MICHELIN IMMOBILIER,http://www.michelin-immobilier.fr/,michelin-immobilier.fr,
448061887,MICRO IMMO,https://www.micro.immo/,micro.immo,
439100934,MIDEM NICE OUEST IMMOBILIER,http://www.midem-immobilier.fr/,midem-immobilier.fr,
528721301,Midi Habitat services immobiliers,http://www.midihabitat.net/,midihabitat.net,
521372730,MIDIMAS IMMOBILIER,https://www.midimas.fr/,midimas.fr,
884451873,MILIMALIS,http://www.milimalis.com/,milimalis.com,
501254114,MILLOT IMMOBILIER,http://www.immo-millot.com/,immo-millot.com,
948848809,MILOR IMMOBILIER,https://milorimmobilier.com/fr/,milorimmobilier.com,
921806725,Milozza | Agence immobilière,http://www.milozza.com/,milozza.com,
922683511,MILTON IMMOBILIER,http://www.miltonimmobilier.fr/,miltonimmobilier.fr,
838048619,MIMMOSA,http://www.mimmosa.fr/,mimmosa.fr,
897494647,Minds Immobilier - Agence immobilière Saint Avold,http://www.mindsimmobilier.fr/,mindsimmobilier.fr,
802826891,MIRABEAU IMMOBILIER,http://www.mirabeau-immobilier.com/,mirabeau-immobilier.com,
983570482,MIRABELLE IMMO,https://www.mirabelleimmo.fr/,mirabelleimmo.fr,
807586599,MIRABELLO IMMOBILIER,http://www.mirabello-immobilier.com/,mirabello-immobilier.com,
327735882,MIRAILLES ALAIN,http://www.mirailles-immobilier.com/,mirailles-immobilier.com,
823535497,MIRALLES IMMO,http://www.miralles-immo.fr/,miralles-immo.fr,
941918799,Mirano Immobilier - Agence immobilière à Tours,https://www.mirano-immobilier.fr/,mirano-immobilier.fr,
887802866,MIRESI IMMOBILIER,https://miresi.fr/,miresi.fr,
539092395,MISTER PROPERTY RUEIL MALMAISON,http://www.mister-property.fr/agence/151779___/mister-property-rueil-malmaison.html,mister-property.fr,
890536147,MJ TRANSACTIONS,http://www.mj-transactions.com/,mj-transactions.com,
801046707,MLB IMMOBILIER,http://www.mlbimmobilier.fr/,mlbimmobilier.fr,
908476674,MLGE IMMOBILIER,https://www.mlge-immobilier.com/,mlge-immobilier.com,
948509898,MM IMMOBILIER,https://mm-agence-immobiliere-13.fr/,mm-agence-immobiliere-13.fr,
989879788,MNI RESEAU IMMOBILIER,https://www.mni-reseau-immobilier.com/,mni-reseau-immobilier.com,
810716852,MO2B,https://maisonboisetbrique.fr/,maisonboisetbrique.fr,
983756313,MOBILIM,https://www.mobilim.fr/,mobilim.fr,
448617613,MOCQUARD IMMOBILIER,http://www.immobilier-mocquard.com/,immobilier-mocquard.com,
500990304,MOEBEL IMMO,https://www.moebel-immo.com/,moebel-immo.com,
332036581,MOLLE IMMOBILIER,http://www.christianmolleimmobilier.fr/,christianmolleimmobilier.fr,
809714967,MON AGENCE,https://sasmonagence.com/,sasmonagence.com,
912545613,MON AGENCE,https://www.monagence.group/,monagence.group,
982479669,MON AGENCE,http://www.monagence-immobiliere.fr/,monagence-immobiliere.fr,
854055183,MON AGENCE IMMO,https://www.mon-agenceimmo.fr/,mon-agenceimmo.fr,
843107160,MON AGENCE IMMOBILIERE,http://www.monagenceimmo.re/,monagenceimmo.re,
979166568,Mon agence immobilière Brioude,https://www.mon-agenceimmobiliere.fr/,mon-agenceimmobiliere.fr,
810766816,Mon Agent Du Grand Paris - immobilier,http://www.madgp.fr/,madgp.fr,
484076096,MON AGENT IMMO,http://www.monagent-immo.com/,monagent-immo.com,
941576662,MON AGENT LYONNAIS,http://www.monagentlyonnais.fr/,monagentlyonnais.fr,
830759312,Mon Aide Immo,https://www.monaideimmo.fr/,monaideimmo.fr,
518542006,MON BIEN IMMOBILIER,http://www.monbienimmobilier.fr/,monbienimmobilier.fr,
910241439,MON IDEAL IMMOBILIER,https://www.monideal-immobilier.fr/,monideal-immobilier.fr,
811683267,Mon Office Immobilier,http://www.m-oi.fr/,m-oi.fr,
833292865,MON PARTENAIRE IMMOBILIER,http://www.agencempi.com/,agencempi.com,
100934397,MON PROJET IMMO,https://www.mpi-immobilier.fr/,mpi-immobilier.fr,
918456872,MON PROJET IMMO,http://www.mon-projetimmo.fr/,mon-projetimmo.fr,
918162140,Mon Saint André - Immobilier,http://www.msa-immobilier.fr/,msa-immobilier.fr,
951287234,MON SUPER AGENT,https://www.monsuperagent.com/,monsuperagent.com,
880294046,MON TOIT EN AUVERGNE,https://montoitenauvergne.fr/,montoitenauvergne.fr,
951633114,MON'TS IMMOBILIER,http://www.monts-immo.fr/,monts-immo.fr,
949652226,Monaco immobilier,http://www.monaco-immobilier.fr/,monaco-immobilier.fr,
944822733,MONALIA GESTION,https://www.monaliagestion.fr/,monaliagestion.fr,
851873794,MONBIENVENDU,https://monbienvendu.fr/,monbienvendu.fr,
893389320,MONDAINE IMMOBILIER,http://www.mondaineimmobilier.fr/,mondaineimmobilier.fr,
409194610,MONDESIR IMMOBILIER,http://www.mondesir-immo.com/,mondesir-immo.com,
812572170,MONETIVIA - Vente en Nue-Propriété,http://www.monetivia.com/voir-une-selection-de-biens,monetivia.com,
909887184,Monfort Immobilier,http://www.monfort-immobilier.fr/,monfort-immobilier.fr,
825328883,MonGest° Immobilier,http://www.mongest.fr/,mongest.fr,
930961065,MONOP' IMMOBILIER,https://www.lemansimmobilier.fr/,lemansimmobilier.fr,
804806032,Monseaux Immobilier,https://www.monseaux-immobilier.fr/,monseaux-immobilier.fr,
342484573,MONTAGNE IMMOBILIER,https://montagneimmo.com/,montagneimmo.com,
848289922,MONTAGNE NOIRE IMMOBILIER,https://www.montagnenoireimmobilier.com/,montagnenoireimmobilier.com,
928077775,Montaigne Immobilier,https://www.montaigne-immobilier.fr/,montaigne-immobilier.fr,
881079396,MONTANA IMMOBILIER,http://www.montana-immo.fr/,montana-immo.fr,
908614233,MONTCETIA IMMOBILIER,http://www.montcetia.com/,montcetia.com,
890051733,MONTELIMAR IMMOBILIER,http://www.montelimar-immobilier.com/,montelimar-immobilier.com,
487714479,Montfort l'Amaury Immobilier,http://www.montfort-immobilier.fr/,montfort-immobilier.fr,
433648847,Montlosier immobilier,http://www.montlosier-immobilier.com/,montlosier-immobilier.com,
839396207,MONTLOUIS'BIS,http://www.aim-transactions.com/,aim-transactions.com,
821427903,MONUMENTA REAL ESTATE,http://www.monumentarealestate.com/,monumentarealestate.com,
803673607,Monzéo Immobilier,http://www.monzeo.fr/,monzeo.fr,
843700675,MOOVE IMMOBILIER,https://moove-immobilier.fr/,moove-immobilier.fr,
827552258,MOPANE IMMOBILIER,https://monpatrimoineneuf.fr/,monpatrimoineneuf.fr,
809947161,Moreau & Moreau Cabinet Immobilier,http://www.moreau-immobilier.com/,moreau-immobilier.com,
919355537,MOREAU IMMO,https://moreau-immo.fr/,moreau-immo.fr,
512285198,MOREAU IMMOBILIER,https://www.chagny-immobilier.com/,chagny-immobilier.com,
490201852,MOREIRA IMMOBILIER,https://www.moreira-immobilier.fr/,moreira-immobilier.fr,
504602087,Moreno 2000,https://www.agence-moreno2000.com/,agence-moreno2000.com,
834195059,MORGANE DES TOITS,http://destoits.com/,destoits.com,
992079053,MOSAIC IMMOBILIER,http://www.mosaicimmobilier.com/,mosaicimmobilier.com,
823080411,MOULINIER CONSEILS,https://www.immobilierarchamps.com/,immobilierarchamps.com,
533297255,MOULY IMMOBILIER,http://www.mouly-immobilier.com/,mouly-immobilier.com,
509089322,MOUNTAIN COLLECTION,http://www.mountaincollection.com/,mountaincollection.com,
389476912,MOURE IMMOBILIER,https://www.moure.fr/,moure.fr,
992107953,MOURILLON IMMOBILIER,http://www.mourillon-immobilier.fr/,mourillon-immobilier.fr,
827580192,MOURREJEAU IMMOBILIER,https://mourrejeau.immo/,mourrejeau.immo,
982678922,MOVALIE,https://www.alliancebatiment4064.fr/,alliancebatiment4064.fr,
798121752,MP IMMO,http://www.mp-immo.com/,mp-immo.com,
809955826,MP SUD IMMO,http://www.mp-sud-immo.fr/,mp-sud-immo.fr,
800811432,MPS IMMOBILIER,http://www.mpsimmobilier.com/,mpsimmobilier.com,
953563517,MR Immobilier,http://www.mrimmobilier.net/,mrimmobilier.net,
854019411,MRC DINARD,https://www.mrc-dinard.fr/,mrc-dinard.fr,
302509864,MS IMMOBILIER,http://www.ms-immo.com/,ms-immo.com,
824819635,MT AGENCY,https://www.mtagency.fr/,mtagency.fr,
979050242,MT Immobilier,https://www.mt-immobilier.com/,mt-immobilier.com,
488668906,MTC IMMO,https://www.mtcimmo.fr/,mtcimmo.fr,
440509214,MTLF 02,https://www.mtlf.fr/,mtlf.fr,
351235825,MUDRY IMMOBILIER,https://www.mudry-immobilier.com/,mudry-immobilier.com,
509490900,MUGNIER IMMOBILIER,https://www.hautesavoie-immobilier.com/,hautesavoie-immobilier.com,
500541909,MULDO IMMO,http://www.muldo-immo.fr/fr/,muldo-immo.fr,
441177227,MULLER CONSEILS IMMOBILIERS LAGNIEU,http://www.muller-immobilier.com/,muller-immobilier.com,
493592364,Murielle Baas,https://www.mbaas-immo.com/,mbaas-immo.com,
918764796,Murielle BREL EI,https://murielle-brel-immobilier.fr/,murielle-brel-immobilier.fr,
850519620,MURTA IMMOBILIER,http://www.murta-immobilier.com/fr/,murta-immobilier.com,
900793373,Musso Immobilier,https://www.mussoimmobilier.com/,mussoimmobilier.com,
833287089,Must propriétés,https://www.mustproprietes.com/contact.html,mustproprietes.com,
880791363,MV IMMOBILIER,https://www.mvimmobilier.fr/,mvimmobilier.fr,
984916353,MV IMMOBILIER,https://www.immobilier-mv.com/,immobilier-mv.com,
384952958,MV PATRIMOINE IMMOBILIER,https://www.mvpatrimoine.immo/,mvpatrimoine.immo,
928806843,MY AGENCY,https://www.m-y-agency.fr/,m-y-agency.fr,
811215706,MY CASA IMMOBILIER,http://www.mycasa-immobilier.com/,mycasa-immobilier.com,
883836819,My Factotum,https://www.myfactotum.fr/fr/,myfactotum.fr,
481456267,MY HOME,https://www.myhome-conseilimmo.fr/,myhome-conseilimmo.fr,
850289208,MY HOME,http://www.myhomenandy.com/,myhomenandy.com,
953987625,MY HOME 77,https://myhome77.fr/,myhome77.fr,
753020692,My Home Connexion,https://www.myhomeconnexion.com/fr,myhomeconnexion.com,
832498877,MY HOME IMMOBILIER,http://www.myhomeimmobilier.fr/,myhomeimmobilier.fr,
534030127,MY HOUSE IMMOBILIER,https://www.myhouseimmobilier.com/,myhouseimmobilier.com,
920316148,MY IMMO,https://agence-myimmo.fr/fr/,agence-myimmo.fr,
841688831,MY IMMO 3.0,http://www.myimmo3-0.com/fr/,myimmo3-0.com,paramètres de suivi retirés
933037905,My Lalie immobilier,https://www.mylalie.fr/,mylalie.fr,
827610510,My Little Côte d'Azur,https://www.mylittlecotedazur.com/fr/,mylittlecotedazur.com,
902051804,MY LOFT FRANCE REAL ESTATE,https://www.my-loft.lu/,my-loft.lu,
921616512,MY LOGEMENT,http://www.mylogement.com/,mylogement.com,
850257981,MY PROPERTY,http://www.my-property.fr/,my-property.fr,
879739167,MY SWEET HOME IMMOBILIER,http://www.mysweethome-immobilier.fr/,mysweethome-immobilier.fr,
889467569,MYAGENCE.IMMO,"https://www.myagence.immo/agence/myagence-mutzig-67190,4",myagence.immo,
809563364,MYAH,https://www.myah-immobilier.com/,myah-immobilier.com,
879211829,MyKasa,https://www.mykasa13.com/,mykasa13.com,
884417296,MYKJ IMMOBILIER,http://www.mykjimmobilier.com/,mykjimmobilier.com,
808728901,MYLO GESTION,https://mylo-gestion.com/,mylo-gestion.com,
978236016,Myo immo,https://www.myoimmo.fr/,myoimmo.fr,
520171018,MYPILOTIMMO.COM,https://www.mypilotimmo.com/,mypilotimmo.com,
999673916,M² Immobilier,http://m2immobilier.fr/,m2immobilier.fr,
910573716,Mètre Carré Immobilier,https://www.metrecarre.immo/vente/86-vienne/1,metrecarre.immo,
442808267,Météo Immobilier Angles,http://www.meteoimmo.com/,meteoimmo.com,
311087175,Nacarat,http://www.nacarat.com/,nacarat.com,
422839126,Nachimmo,https://www.nachimmo.com/,nachimmo.com,
408397222,NADOTTI CAVAILLON,https://www.nadotti-immobilier.fr/,nadotti-immobilier.fr,
990011090,Naf Transaction,https://www.naftransaction.fr/,naftransaction.fr,
834158842,NAGEP IMMOBILIER EBREUIL,https://www.nagepimmobilier.com/,nagepimmobilier.com,
320879059,NAI NORD AVEYRON IMMOBILIER,http://www.nord-aveyron-immo.com/,nord-aveyron-immo.com,
478180854,NAIS Cabinet immobilier,http://www.nais-immo.fr/,nais-immo.fr,
814709267,NAT IMMOBILIER,http://www.nat-immobilier.fr/,nat-immobilier.fr,
494798945,NAT'IMMO,https://www.agence-immobiliere-gard.com/,agence-immobiliere-gard.com,
888840352,NATH ET TOIT,https://nathettoit-immo.fr/fr/,nathettoit-immo.fr,
833700099,NATHALIE BOISSEAU IMMOBILIER,http://www.nboisseau-immobilier.com/,nboisseau-immobilier.com,
824202907,NATHALIE DAHAN IMMOBILIER,https://www.ndimmo.fr/appartement+cannes+centre+ville-1-693v1937a.html,ndimmo.fr,
445351950,Nathalie Forest Sotheby’s International Realty,https://www.nathalieforest-sothebysrealty.com/fr/,nathalieforest-sothebysrealty.com,
800542821,NATHALIE HUC IMMOBILIER,http://www.hucimmobilier.com/,hucimmobilier.com,
840963417,NATHALIE NOUSSAN IMMOBILIER,https://www.nnimmobilier-pontcharra.com/,nnimmobilier-pontcharra.com,
442044590,Natimmo,https://www.natimmo.eu/,natimmo.eu,
502187479,NATIMMO,http://www.natimmobilier.fr/,natimmobilier.fr,
815325477,NATIMMO,http://www.natimmo.pro/,natimmo.pro,
989300090,NATIMO,https://agencenatimo.com/,agencenatimo.com,
451404891,NATIS PROVENCE IMMOBILIER,https://www.natis-provence-immobilier.com/,natis-provence-immobilier.com,
879679710,Naturéa - Albi,http://www.contact-naturea.fr/,contact-naturea.fr,
918826272,NBBS - Agence Immobilière Croix,http://www.nbbs-immobilier.fr/,nbbs-immobilier.fr,
493717987,NEGO FOR YOU,http://www.negoforyou.com/,negoforyou.com,
853807006,Nell’Immo,https://www.nellimmo.fr/,nellimmo.fr,
819500380,NEMAUSA IMMOBILIER,http://www.immobilier-nimes-nemausa.com/,immobilier-nimes-nemausa.com,
444425060,NEMOZ IMMOBILIER,http://www.annecyimmo.fr/,annecyimmo.fr,
788575652,NEO CONCEPT IMMO,http://www.neoconceptimmo.com/,neoconceptimmo.com,
409688959,NEO IMO,https://neoimo.com/,neoimo.com,ancre retirée
921209508,NEOMUROS,http://www.neomuros.fr/,neomuros.fr,
753587625,NEOVIA IMMOBILIER,http://www.neovia-immobilier.fr/,neovia-immobilier.fr,
838065308,Neo’s Immobilier,http://www.neosimmobilier.com/,neosimmobilier.com,
485224216,Nessimmo Strasbourg,http://nessimmo67.fr/,nessimmo67.fr,
843409236,NESTA IMMOBILIER,https://nesta-immobilier.fr/,nesta-immobilier.fr,
883535015,NET IMMOBILIER,https://www.net-immobilier.net/,net-immobilier.net,
823229166,NETIMMO AIMARGUES,http://www.netimmoaimargues.com/,netimmoaimargues.com,
977902832,NETO-IMMO,http://www.neto-immo.fr/,neto-immo.fr,
908217003,NEW FIELD PARTNERS,https://www.newfieldpartners.fr/,newfieldpartners.fr,
514835628,NEW HOME IMMO,http://newhomeimmo.com/fr,newhomeimmo.com,
750131724,New Style Immo,https://www.newstyleimmo.fr/,newstyleimmo.fr,
921856969,NEXIMMO,https://www.neximmo87.com/agence/352181___/neximmo.html,neximmo87.com,
924783095,nexja,http://www.nexja.fr/,nexja.fr,
990071847,NEXT HOME IMMO,http://www.nexthomeimmo.com/,nexthomeimmo.com,
943298075,Next Immobilier,https://agence-nextimmo.fr/,agence-nextimmo.fr,
524488772,NEXTON IMMOBILIER,https://www.nextonimmobilier.com/,nextonimmobilier.com,
889410916,NEXTYA IMMOBILIER,https://nextya-immobilier.fr/,nextya-immobilier.fr,
903885556,Nexus Immobilier,http://www.nexusimmo.fr/,nexusimmo.fr,
933220121,NEXUS IMMOBILIER,https://www.nexusimmobilier.com/,nexusimmobilier.com,
812819423,NEXXT-IMMO,https://www.nexxt-immo.com/,nexxt-immo.com,
829618156,NEXYMO,http://www.nexymo.fr/,nexymo.fr,
726220148,NEYRAT IMMOBILIER,http://www.neyrat-immobilier.fr/,neyrat-immobilier.fr,
913329231,NHCI,http://nhci.immo/,nhci.immo,
912688520,NICARD DES RIEUX,https://www.agencenicard.fr/fr/,agencenicard.fr,
832564470,Nice Carre D'Or Immobilier,https://nicecarredor.immo/fr/,nicecarredor.immo,
978121432,NICOLAS & FELICIE IMMOBILIER,https://www.nicolasfelicieimmo.com/,nicolasfelicieimmo.com,
813341112,Nicolas GIRAUX - NG IMMO,http://www.nicolas-giraux-immobilier.com/,nicolas-giraux-immobilier.com,
808028278,NICOLAS IMMOBILIER,https://www.nicolas.immo/,nicolas.immo,
909652240,NICOLAS IMMOBILIER,http://www.agence-nicolas.fr/,agence-nicolas.fr,
853371391,Nicolas REBOURG - AXO ET ACTIFS - A&A Immobilier,https://nrebourg.axo.immo/fr/liste.htm,nrebourg.axo.immo,ancre retirée
518244652,Nicolas VERDIER Le centre immobilier,http://www.verdierimmobilier.com/,verdierimmobilier.com,
752554964,NICOLE SIBI IMMOBILIER,http://www.nicolesibimmobilier.com/,nicolesibimmobilier.com,
942858523,Nid immo,https://www.nidimmo.com/,nidimmo.com,
813628328,NIDLY,https://www.nidly.fr/,nidly.fr,
983143249,NIGESTIM,https://www.nigestim.fr/fr,nigestim.fr,
878955657,NIIDS – Agence Immobilière La Rochelle & Île de Ré,http://www.niidsimmobilier.com/,niidsimmobilier.com,
952036184,NIMEA Immobilier,http://www.nimea.fr/,nimea.fr,
485234140,NIMES IMMOBILIER,http://www.nimesimmo.fr/,nimesimmo.fr,
391412046,NINBO IMMOBILIER,http://www.ninbo.com/,ninbo.com,
883461741,NM IMMOBILIER,https://www.merrien-immobilier.com/,merrien-immobilier.com,
850496258,NOA & ASSOCIES,https://noa-immobilier.com/,noa-immobilier.com,
808388201,NOAH,http://www.noahsas.fr/,noahsas.fr,
433727138,NORD LOIRE TRANSACTIONS,https://www.nordloiretransactions.com/,nordloiretransactions.com,
492848403,NORD SUD IMMOBILIER,http://www.nordsud-immobilier.fr/index.php?option=com_foxcontact&view=foxcontact&Itemid=159,nordsud-immobilier.fr,
349773689,NORD-ISERE IMMOBILIER,http://www.nord-isere-immo.com/,nord-isere-immo.com,
045950318,NOREVIE VENTE,http://www.norevie.com/fr/acheter/index.php,norevie.com,
832203343,NORMA CONSEILS,https://normaconseils.fr/agence-immobiliere-caen/,normaconseils.fr,
383063401,NORMAN PARKER MARTIN IMMOBILIER,http://www.normanparker57.com/,normanparker57.com,
821756681,NORMAN TAYLOR,https://www.normantaylor.fr/,normantaylor.fr,
821102175,NORMANDIE PROPRIETES SERVICES,http://www.immobilier-nps.com/,immobilier-nps.com,
809016710,NOTRE AGENCE,http://www.notre-agence.com/,notre-agence.com,
402230031,NOTRE AGENCE IMMO,http://notreagenceimmo.com/,notreagenceimmo.com,
944878420,Notre Cabinet Gestion,https://www.notrecabinetgestion.com/,notrecabinetgestion.com,
306003930,NOUALS ET BINEL,http://www.immobilier-nouals-binel.fr/index.html,immobilier-nouals-binel.fr,
522969963,NOUVEL HABITAT,https://nouvelhabitat-immobilier-neuf.fr/,nouvelhabitat-immobilier-neuf.fr,
993417591,Nouvel Horizon Immobilier,https://www.nouvelhorizon.fr/,nouvelhorizon.fr,
451584395,Nouvelle Agence Charry,https://www.agencecharry.fr/,agencecharry.fr,
831288303,NOUVELLE AGENCE SAINT CHRISTOPHE,http://www.nouvelleagencestchristophe.fr/,nouvelleagencestchristophe.fr,
522167659,NOUVELLE IMMO,http://www.agencenouvelleimmo.com/,agencenouvelleimmo.com,
848841425,NOUVELLE PAGE IMMOBILIERE,http://www.nouvellepageimmobiliere.fr/,nouvellepageimmobiliere.fr,
939767166,Nouvelle Vague Immobilier,https://nouvellevague.immo/,nouvellevague.immo,
953990611,Nouvelle Vie Immo,https://www.nouvelle-vie-immo.com/,nouvelle-vie-immo.com,
489198747,NOVA IMMOBILIER,http://www.nova-immobilier.fr/,nova-immobilier.fr,
928248657,NOVACITE IMMOBILIER ALSACE,https://novaciteimmobilier.fr/fr/,novaciteimmobilier.fr,
102398641,NOVACOM IMMOBILIER,http://www.novacomimmobilier.fr/,novacomimmobilier.fr,
819126608,NOVAHOMES,http://novahomes.fr/,novahomes.fr,
893292052,NOVAL IMMO,http://www.novalimmo.fr/,novalimmo.fr,
487522211,NOVALAISE IMMOBILIER,http://www.novalaise-immobilier.fr/,novalaise-immobilier.fr,
819186123,NOVALTIS PARTENAIRES,https://www.novaltis-partenaires.fr/,novaltis-partenaires.fr,
942966177,NOVAPRO SOLUTIONS,https://www.novapro-solutions.fr/,novapro-solutions.fr,
843116294,NOVAREA,https://www.novarea.fr/,novarea.fr,
948461777,NOVE IMMOBILIER,http://www.noveimmobilier.fr/,noveimmobilier.fr,
902615194,NOVEA Immobilier,http://www.novea-immobilier.fr/,novea-immobilier.fr,
823517727,Novelio Immobilier,https://www.novelio-immobilier.fr/,novelio-immobilier.fr,
883065377,NOVENTY IMMOBILIER,https://www.socium-immobilier.fr/,socium-immobilier.fr,
831119706,NOVEO IMMO,http://www.noveo-immo.fr/,noveo-immo.fr,
409862521,NVA Conseil,http://www.nva-conseil.fr/,nva-conseil.fr,
383785714,NW IMMOBILIER,http://www.nwimmobilier.fr/,nwimmobilier.fr,
380419853,NYONS IMMOBILIER,https://www.nyons-immo.com/,nyons-immo.com,
988241865,NÉO SÉLECTION,http://www.neoselection.fr/,neoselection.fr,
910432244,O MOINDRE DETAIL,https://www.omoindredetail.fr/,omoindredetail.fr,
879557247,O' BASSIN,http://obassin.com/,obassin.com,
821545175,O'Immobilier,https://www.o-immobilier.com/,o-immobilier.com,
537746620,OBBIO Immobilier & Gestion,http://www.obbio.fr/,obbio.fr,
897656252,OBIMMO,http://www.obimmo.fr/,obimmo.fr,
810044032,OBJECTIF IMMO,https://www.objectif-immo67.com/,objectif-immo67.com,
882022924,Objectif Immo,http://www.objectifimmo31.fr/,objectifimmo31.fr,
402839039,OBJECTIF PIERRE,http://www.objectif-pierre.com/,objectif-pierre.com,
384667788,OBJECTIF PIERRE IMMOBILIER,http://objectifpierre.com/,objectifpierre.com,
525120085,OBJECTIFIMMO,http://www.objectifimmo.fr/,objectifimmo.fr,
808237283,OBL Immobilier,http://www.obl-immobilier.com/,obl-immobilier.com,
953963568,Obsitas Immobilier Marssac,https://www.obsitas-immobilier-marssac.com/,obsitas-immobilier-marssac.com,
928449297,OCARNA,https://ocarna.fr/,ocarna.fr,
941193211,OCCIHOME,http://www.occihome.fr/,occihome.fr,
923882641,OCCIT'IMMO,https://occitimmo.fr/fr/,occitimmo.fr,
532100112,Occitanie Immobilier,https://www.occitanie-immobilier.fr/,occitanie-immobilier.fr,
450241088,OCCITANIE PROPERTIES,http://www.occitanieproperties.com/,occitanieproperties.com,
390019982,OCEAN AQUITAINE,http://www.agence-ocean-aquitaine.fr/,agence-ocean-aquitaine.fr,
521251900,OCTANTIMMO,http://www.octantimmo.com/fr/,octantimmo.com,
844397687,OCTO IMMO,http://www.octoimmo.com/,octoimmo.com,
827711060,Océanic Invest Immo,https://www.oceanicimmobilier-guyane.fr//,oceanicimmobilier-guyane.fr,
882288616,ODEVA IMMOBILIER,http://www.odeva-immobilier.com/,odeva-immobilier.com,
538353178,OFFICE IMMOBILIER,https://office-immobilierlens.com/,office-immobilierlens.com,
820557627,OFFICE IMMOBILIER BESANCON,http://office-immo.fr/,office-immo.fr,
438146433,OFFICE IMMOBILIER GRENADE,http://www.office-immo-grenade.com/,office-immo-grenade.com,
991862145,OFFICE JACEK,https://officejacek.com/,officejacek.com,
804392611,officiz,http://www.marchand-de-biens.eu/,marchand-de-biens.eu,
433851045,OFIM ETANG SALE,http://www.ofim.fr/,ofim.fr,
429731748,OFNMI Agence immobilière locale,http://www.ofnmi.fr/,ofnmi.fr,
921293072,OFS STON,https://www.ston-ofs.fr/,ston-ofs.fr,
977527498,OFYS,http://www.ofys.fr/,ofys.fr,
432456762,OGIC,https://www.ogic.fr/,ogic.fr,
849348453,OGP IMMOBILIER Castelnau d'Es.,https://www.ogp-immobilier.fr/,ogp-immobilier.fr,
912095635,OH IMMOBILIER,http://www.ohimmobilier.fr/,ohimmobilier.fr,
994710150,OIKA IMMOBILIER,http://www.oika-immobilier.fr/,oika-immobilier.fr,
102997269,OIKOS,https://www.oikosimmobilier.com/,oikosimmobilier.com,
879085538,OK IMMOBILIER CONSEILS,https://www.okimmobilier.fr/,okimmobilier.fr,
103603627,OLEA SIGNATURE,https://www.olea-signature.fr/,olea-signature.fr,
909568107,Oligho Transactions,https://www.oligho.fr/,oligho.fr,
853549632,OLIVIER ALEXANDRE IMMOBILIER,http://www.olivieralexandreimmobilier.com/,olivieralexandreimmobilier.com,
515325199,Olivier Palayer IMMOBILIER,https://www.olivierpalayerimmobilier.fr/,olivierpalayerimmobilier.fr,
522426634,OLIVIER SERVEAU IMMOBILIER,http://www.olivier-serveau-immobilier.com/,olivier-serveau-immobilier.com,
828339861,OLLARIS Immobilier à Lorient,https://www.ollaris.fr/,ollaris.fr,
480877489,OLYMPE EST IMMOBILIER,http://olympe-immobilier.com/,olympe-immobilier.com,
430089375,Omalys (Prins immobilier),http://www.alimmoval.fr/,alimmoval.fr,
409192069,OMER BAAS,http://www.omer-baas.com/,omer-baas.com,
850788662,OMIEL IMMO,https://www.omielimmo.fr/,omielimmo.fr,
912243417,OMMI IMMOBILIER,https://ommi.immo/,ommi.immo,
790125462,ONEO IMMOBILIER,http://www.oneo.fr/,oneo.fr,
833282924,ONLY L'AGENCE IMMOBILIERE,https://www.only-immo.fr/,only-immo.fr,
920236882,ONYX IMMOBILIER,http://www.onyximmobilier.fr/,onyximmobilier.fr,
507502375,Opa Partners,https://www.opa-partners-immo.com/,opa-partners-immo.com,
389453796,OPAL,https://www.opal02.com/,opal02.com,
877765818,OPE-IMMO,http://www.ope-immo.fr/,ope-immo.fr,
449243476,OPEN IMMOBILIER,http://www.open57.fr/,open57.fr,
539104299,Open Immobilier,http://www.openimmobilier.io/,openimmobilier.io,
344279633,OPHEOR,http://www.opheor.fr/,opheor.fr,
425100138,OPT'IMMO,http://www.agence-optimmo-pau.fr/,agence-optimmo-pau.fr,
818926081,OPTIMO IMMOBILIER,https://www.optimo.fr/,optimo.fr,
789856341,OPTIVIA FONCIER,http://www.optivia-foncier.com/,optivia-foncier.com,
848038980,OQORO,https://www.oqoro.com/,oqoro.com,
884080516,ORACLES COLIVING,https://oracles-immobilier.fr/,oracles-immobilier.fr,
810594804,Oratio Immobilier,https://oratioimmobilier.com/,oratioimmobilier.com,
484307079,ORDIM AUXERROIS CHABLISIEN TONNERROIS,http://www.ordim-immo.com/agence-immobiliere/tonnerre-89700/ordim-auxerrois-tonnerrois-chablisien,ordim-immo.com,
823781760,OREA Immobilier,https://www.orea-immobilier.fr/fr/,orea-immobilier.fr,
834037194,ORECY,https://orecy.fr/,orecy.fr,
879272045,ORFEVRE IMMOBILIER,http://www.orfevreimmobilier.com/,orfevreimmobilier.com,
844206300,ORIA IMMOBILIER,http://www.oriaimmobilier.fr/,oriaimmobilier.fr,
913904686,ORIGIN IMMO,http://www.origingroup.fr/,origingroup.fr,
904543618,Origine Immobilier,https://www.origine-immobilier.com/,origine-immobilier.com,
379538994,ORIM,http://www.agence-orim.fr/,agence-orim.fr,
965801046,Orim (Orientation Immobilière),https://www.orimnice.fr/,orimnice.fr,
378687743,ORME IMMOBILIER,https://www.ormeimmobilier.fr/,ormeimmobilier.fr,
842504037,ORNANO IMMOBILIER,https://www.immobilier-bordeaux-ornano.com/,immobilier-bordeaux-ornano.com,
834944373,Orphea LC immobilier,https://www.orpheaimmo.com/,orpheaimmo.com,
993965953,ORTÉTIS Immobilier d' Entreprise,http://www.ortetis-transaction.fr/,ortetis-transaction.fr,
547050146,ORYON,https://www.oryon.fr/,oryon.fr,
853305126,ORÊVE IMMOBILIER,http://www.oreveimmobilier.fr/,oreveimmobilier.fr,
905161618,OSABA Immobilier,https://www.osaba.immo/,osaba.immo,
914757901,OSCAR IMMOBILIER,https://www.oscar-immobilier.com/,oscar-immobilier.com,
991850702,OSLO IMMOBILIER,https://oslo-immobilier.com/,oslo-immobilier.com,
888108073,OSMOSE IMMOBILIER,https://www.osmoseimmobilier.fr/,osmoseimmobilier.fr,
921374674,Osmoz Immobilier LA ROCHELLE,http://www.osmozimmo.fr/,osmozimmo.fr,
750514598,OSTIA IMMOBILIER,http://www.ostiaimmobilier.fr/,ostiaimmobilier.fr,
889179420,Ostium Immobilier Pélissanne,https://www.ostium-immobilier.fr/,ostium-immobilier.fr,
449307362,OTENTIK IMMO,http://www.otentik-immo.com/,otentik-immo.com,
918386699,OUARTIMMO,http://www.ouartimmo.com/,ouartimmo.com,
481650695,OUEST HOME,http://www.ouesthome.fr/,ouesthome.fr,
481309813,Ouest Immo à Carhaix,https://ouestimmo.eu/fr/,ouestimmo.eu,
889695722,OUEST IMMOBILIA - Ancenis Saint Gereon,https://www.ouest-immobilia.com/,ouest-immobilia.com,
789792264,Ouimo,https://ouimo.fr/,ouimo.fr,
851952523,OURS L'IMMOBILIER,http://www.ourslimmobilier.com/,ourslimmobilier.com,
106534290,OUSIMPLANTER,https://ousimplanter.com/,ousimplanter.com,
753330851,OZ IMMOBILIER,http://www.oz-immobilier.fr/,oz-immobilier.fr,
499255883,P.C.C.,http://www.pccsarl.com/,pccsarl.com,
783864242,PAC LOGT Hainaut-Cambrésis,http://www.paclogt-hc.fr/,paclogt-hc.fr,
492157276,PACFA IMMOBILIER,http://www.pacfa-immobilier.com/,pacfa-immobilier.com,
752075986,PADILLA IMMOBILIER,http://www.padilla-immobilier.fr/,padilla-immobilier.fr,
899956312,PAGAMA,https://www.pagama.fr/,pagama.fr,
499216679,PAGNON IMMOBILIER,https://www.pagnon-immobilier.fr/fr/,pagnon-immobilier.fr,
790609614,PAILLE IMMOBILIER,http://www.pailleimmobilier.com/,pailleimmobilier.com,
402715486,PAILLETTE IMMOBILIER GODERVILLE,https://www.pailletteimmobilier.fr/,pailletteimmobilier.fr,
827580002,PALADIA IMMOBILIER,http://www.paladia-immo.fr/,paladia-immo.fr,
523426971,PALAIS DE L'IMMOBILIER,https://www.palais-immobilier.com/,palais-immobilier.com,
343080727,PALAUSSE IMMOBILIER,https://www.palausse-immobilier.com/,palausse-immobilier.com,
530040385,PALIS'IMMO,https://www.palis-immo.fr/,palis-immo.fr,
949745046,PALM IMMO,http://www.palmimmo.fr/,palmimmo.fr,
939659892,PALM'IMMO,https://www.palm-immo.com/,palm-immo.com,
514347962,Palmarole Immobilier,http://www.palmaroleimmobilier.com/fr/,palmaroleimmobilier.com,
953227782,PALMER IMMOBILIER,https://www.palmerimmobilier.fr/,palmerimmobilier.fr,
522260389,PAM IMMO,http://www.pam-immo.fr/,pam-immo.fr,
899551436,PANCRAZI IMMOBILIER,https://pancrazipartners.com/,pancrazipartners.com,
384019246,Panda Immobilier,http://www.panda-immo.com/,panda-immo.com,
937961621,Panda Immobilier,https://www.pandaimmobilier.com/,pandaimmobilier.com,
921260782,Panther'Immo,http://www.pantherimmo.com/,pantherimmo.com,
480824887,PAOLA IMMOBILIER,http://www.paolaimmobilier.com/,paolaimmobilier.com,
535045991,PAOLI IMMOBILIER,http://www.paoli-immo.com/,paoli-immo.com,
417682259,PAPAZIAN SANARY,https://www.agencespapazian.com/,agencespapazian.com,
908628936,Paps Immo,http://www.papsimmo.fr/home,papsimmo.fr,
887720738,PAQUIN IMMOBILIER,http://www.paquin-immobilier.com/,paquin-immobilier.com,
932606353,PARADIS IMMOBILIER,http://www.paradis-immobilier.com/,paradis-immobilier.com,
999301641,PARALLELE IMMOBILIER,http://www.agence-parallele.com/,agence-parallele.com,
938196326,PARC NORD IMMOBILIER,https://www.parcnordimmobilier.fr/,parcnordimmobilier.fr,
942313784,PARENT IMMOBILIER La Souterraine,http://parent-immobilier.fr/,parent-immobilier.fr,
814637112,PARFUM D'IMMOBILIER,http://www.parfumdimmobilier.fr/,parfumdimmobilier.fr,
837805555,PARIS BIENS PRIVES,http://www.paris-biens-prives.com/,paris-biens-prives.com,
415387851,PARIS IMMOBILIER,https://www.parisimmobilier.fr/,parisimmobilier.fr,
835145152,PARIS IMMOBILIER INVESTISSEMENT,https://www.parisimmoinvest.com/,parisimmoinvest.com,
811847342,PARIS NORMANDIE TRANSACTIONS,https://pnt.immo/,pnt.immo,
799505615,PARIS NORMANDY IMMOBILIER,https://parisnormandyimmobilier.com/acheter/,parisnormandyimmobilier.com,
887622819,Paris-Saclay Immobilier,http://www.pasaim.fr/,pasaim.fr,
528327224,PARIS-VILLAGES IMMO,https://www.paris-villages.com/,paris-villages.com,
512725128,PARISIANSTUDIO,https://www.parisianstudio.fr/,parisianstudio.fr,
901276303,Parisii-Immobilier,https://www.parisii-immobilier.fr/,parisii-immobilier.fr,
789703139,PARISOUEST.IMMO,https://parisouest.immo/fr/votre-agence,parisouest.immo,
853183713,PARKI IMMOBILIER,http://www.hennebont.parki.fr/,hennebont.parki.fr,
505049452,PARLEZ MOI D'IMMO,http://www.parlezmoidimmo.fr/,parlezmoidimmo.fr,
939153813,PARQUET Immobilier,https://www.parquetimmobilier.fr/,parquetimmobilier.fr,
535398663,PARSON,https://www.parson-regie.fr/,parson-regie.fr,
520461468,partenaire immobilier,https://www.partenaire-immobilier26.com/,partenaire-immobilier26.com,
981555899,PASADENA,https://www.agencepasadena.com/,agencepasadena.com,
379542764,PASCAL IMMOBILIER,https://www.pascal-immo.com/,pascal-immo.com,
479731416,Pascale Pyrénées Immobilier,https://www.saint-lary-immobilier.com/,saint-lary-immobilier.com,
428957971,Passaga Immobilier,http://www.passaga-immobilier.com/,passaga-immobilier.com,
933823247,PASSIO IMMO,http://www.passio-immo.fr/,passio-immo.fr,
490990108,PASSIONIMMO,http://www.passionimmo.com/,passionimmo.com,
929380285,PATP L'AGENCE,http://www.100pour100immo.com/,100pour100immo.com,
881984066,PATR'IMMONIAL,http://www.patrimmonial.fr/,patrimmonial.fr,
538613001,Patrice Besse,http://www.patrice-besse.com/,patrice-besse.com,
829003466,Patrice Navarro,http://patricenavarroimmobilier.fr/,patricenavarroimmobilier.fr,
805382694,Patricia Gomez Immobilier,https://www.patriciagomezimmobilier.com/,patriciagomezimmobilier.com,
832164354,Patrim And Co,https://www.patrimandco.fr/,patrimandco.fr,
753544766,PATRIMMOGEST,https://www.patrimmogest.fr/,patrimmogest.fr,
441826781,PATRIMOINE & IMMOBILIER,http://www.patimmo.com/,patimmo.com,
839981354,PATRIMOINE & VOUS,https://www.patrimoineetvous-immo.com/,patrimoineetvous-immo.com,
919435735,Patrimoine IMMO,https://www.patrimoineimmo-cgp.fr/,patrimoineimmo-cgp.fr,
419570726,PATRIMOINE IMMOBILIER,http://www.patrimoine971.com/,patrimoine971.com,
843954454,Patrimoine Immobilier,https://patrimoineimmobilier-lemans.com/,patrimoineimmobilier-lemans.com,
978686095,Patrimonia,http://www.patrimoniaconseils.fr/,patrimoniaconseils.fr,
491776902,PATRIMONIO,https://immobilier-colomiers.nestenn.com/,immobilier-colomiers.nestenn.com,
821838091,PATRIMONYA,https://patrimonya.fr/,patrimonya.fr,
478682552,PAUL CLAPPE IMMOBILIER,http://www.paulclappeimmobilier.com/,paulclappeimmobilier.com,
890550387,Paul et Stéphane LAPIGNADA,http://www.pignada-immobilier.fr/,pignada-immobilier.fr,
891460651,PAULME IMMO,https://www.paulme.immo/,paulme.immo,
477280879,Pavinor,http://pavinor.com/,pavinor.com,
987642048,PAVLOVA IMMOBILIER,http://pavlova-immobilier.fr/,pavlova-immobilier.fr,
490607967,Pays de l'Ain Immobilier,http://www.immobiliermontluel.com/,immobiliermontluel.com,
880513924,PAYS DES SORGUES IMMOBILIER P.S.I. Edith CHANSEL,http://www.paysdessorguesimmobilier.fr/,paysdessorguesimmobilier.fr,
820921195,Pays Tarusate Immobilier,https://www.pays-tarusate-immobilier.com/,pays-tarusate-immobilier.com,
452267123,PBFI,http://www.pbfi-immo.com/,pbfi-immo.com,
879425106,PC IMMOBILIER,https://www.pcimmobilier.com/,pcimmobilier.com,
605720531,PEAK CHEVALLIER IMMOBILIER,https://peakimmobilier.com/agence-immobiliere-chamonix/,peakimmobilier.com,
522265065,PECLERS IMMOBILIER,http://www.peclersimmobilier.fr/,peclersimmobilier.fr,
884454505,PECRIAUX Bastien,https://immoko.fr/,immoko.fr,
948056866,PEIRO IMMOBILIER,https://www.peiro-immobilier.com/,peiro-immobilier.com,
751758236,PENN AR BED IMMOBILIER,https://www.pennarbed-immobilier.fr/,pennarbed-immobilier.fr,
897614210,Penn Ar Immo - Patricia BERGOT,http://www.pennarimmo.fr/,pennarimmo.fr,
445207756,PENN IMMOBILIER - VITRE,http://www.penn-immobilier.com/,penn-immobilier.com,
881833263,PEPITE IMMOBILIER,http://www.pepiteimmobilier.com/,pepiteimmobilier.com,
901611301,Perfect'IMM - Marie BIDOT Immobilier Grenoble,http://www.perfectimm.fr/,perfectimm.fr,
839675436,Perform Immobilier - ILLKIRCH-GRAFFENSTADEN,https://www.performimmobilier.fr/,performimmobilier.fr,
899004196,Perform'Transaction,http://www.performtransaction.fr/,performtransaction.fr,
882227465,PERFORMANCE IMMOBILIER,http://performance-immobilier-nancy.fr/,performance-immobilier-nancy.fr,
982272536,PERGENT IMMOBILIER,https://www.pergent-immobilier.com/,pergent-immobilier.com,
333098713,PERION IMMOBILIER,http://www.perion-immobilier.com/,perion-immobilier.com,
381203470,PERION REALISATIONS,https://www.perion-realisations.com/,perion-realisations.com,
488018425,PERL IMMO,http://www.perlimmo.com/,perlimmo.com,
452065832,PERLE DU SEMNOZ,https://perledusemnoz.fr/,perledusemnoz.fr,
445069990,PERQUIN IMMOBILIER,http://www.perquin.fr/,perquin.fr,
382948180,PERSPECTIVE,https://www.perspective-immobilier.com/,perspective-immobilier.com,
840298202,PERSPECTIVE IMMOBILIER,http://www.immo-perspective.com/,immo-perspective.com,
929156289,PERSPECTIVE IMMOBILIER,https://www.perspective-limmobilier.fr/,perspective-limmobilier.fr,
808403778,PERSPECTIVES IMMOBILIER,https://www.perspectivesimmobilier.fr/,perspectivesimmobilier.fr,
494626021,PESCALUNE IMMOBILIER,https://www.pescaluneimmo.com/,pescaluneimmo.com,
849547005,PETAT IMMOBILIER,http://www.petatimmobilier.fr/,petatimmobilier.fr,
460201478,PETGES ET DUFRANC,https://www.immopetges-dufranc.com/,immopetges-dufranc.com,
839736444,PETIT Immobilier Clermont de L'Oise et Mouy,https://www.petitimmobilier.com/,petitimmobilier.com,
918960576,PETITS & GRANDS ESPACES,https://www.petitsetgrandsespaces.fr/,petitsetgrandsespaces.fr,
885214486,PETROVA INVESTISSEMENT IMMOBILIER,https://petrovainvestissement.com/fr/,petrovainvestissement.com,
904646312,Peyre Immobilier,https://www.peyreimmobilier.com/,peyreimmobilier.com,
482508942,PG IMMOBILIER,http://www.pgimmobilier.fr/,pgimmobilier.fr,
827832288,philip immobilier,https://www.philip-immobilier.com/fr,philip-immobilier.com,
930603618,Philippe Bonnet Immo,http://philippe-bonnet-immo.fr/,philippe-bonnet-immo.fr,
447869991,PHILIPPE BROCHARD IMMOBILIER,http://www.brochard-immobilier.com/,brochard-immobilier.com,
913226833,PHILIPPE Immobilier,http://www.philippeimmobilier.com/,philippeimmobilier.com,
848662136,PHILIPPERRET IMMOBILIER,https://www.philipperret-immobilier.com/,philipperret-immobilier.com,
523193324,PHL IMMOBILIER,http://www.phl-immobilier.fr/,phl-immobilier.fr,
945402691,PHOENIX FAURE IMMO,https://www.pfimmo974.com/,pfimmo974.com,
898856067,PHOENIX IMMO,https://www.phoeniximmo.fr/,phoeniximmo.fr,
887687788,Phygital.immo Agence au Forfait Fixe,http://www.phygital.immo/,phygital.immo,
929519999,Phénix Immo,http://immo.phenixhabitat.com/,immo.phenixhabitat.com,
818575201,PIAGET IMMOBILIER,http://www.piaget-immobilier.com/,piaget-immobilier.com,
944194026,PIANA IMMOBILIER,https://www.piana-immobilier.fr/,piana-immobilier.fr,
481508323,PIC VERT IMMOBILIER,http://www.picvertimmobilier.com/,picvertimmobilier.com,
509717997,PICTAVE IMMO,http://www.pictave-immo.com/,pictave-immo.com,
817496367,PICTURE IMMOBILIER,http://www.pictureimmo.com/,pictureimmo.com,
915104558,Pierre & Sens Developpement,https://www.pierresens-developpement.com/,pierresens-developpement.com,
512734831,Pierre & Terre,http://www.pierre-et-terre.fr/,pierre-et-terre.fr,
485076350,PIERRE AZUR IMMOBILIER,http://www.pierreazur.fr/,pierreazur.fr,
499787695,PIERRE DE LUNE,http://www.property-partners.fr/,property-partners.fr,
490112315,PIERRE DE TAILLE CONSEIL IMMOBILIER,http://www.pierredetailleimmobilier.com/,pierredetailleimmobilier.com,
442609434,PIERRE DUBOIS IMMOBILIER,http://www.pierredubois-immo.com/,pierredubois-immo.com,
880888664,Pierre et Compagnie,https://www.pierreetcompagnie.fr/,pierreetcompagnie.fr,
789251683,PIERRE IMMOBILIER,http://www.pierre-immobilier.fr/,pierre-immobilier.fr,
842432809,PIERRE NOTARIANNI IMMOBILIER,http://www.notarianni-immobilier.fr/,notarianni-immobilier.fr,
843510538,PIERRE O CARRE,https://www.pierreocarre.fr/,pierreocarre.fr,
410111843,Pierre Olivier Glodas Immobilier,https://www.gpo-immobilier.com/,gpo-immobilier.com,
523303071,PIERRE REVENTE,https://www.pierre-revente.com/listeProgrammes/all/all/all/all,pierre-revente.com,
912624954,PIERRE ROUEN IMMO,https://www.pierre-rouen-immobilier.fr/fr,pierre-rouen-immobilier.fr,
893436311,PIERRE STRADAL,http://www.pierre-stradal.com/,pierre-stradal.com,
489135285,PIERRE TRANSACTIONS,http://www.pierretransactions.fr/,pierretransactions.fr,
510475437,Pierres & Territoires - Alsace,https://www.pierres-territoires-alsace.com/,pierres-territoires-alsace.com,
431600428,PIERRES & TRADITION EN LUBERON IMMOBILIER,https://pierrestradition.fr/fr/,pierrestradition.fr,
394964498,PIERRES AU SOLEIL,https://pierresausoleil.fr/,pierresausoleil.fr,
478122682,PIERRES AU SOLEIL IMMOBILIER,https://www.pierres-au-soleil.com/,pierres-au-soleil.com,
479595456,PIERRES DE BRETAGNE IMMOBILIER,http://www.pierres-de-bretagne-immobilier.fr/,pierres-de-bretagne-immobilier.fr,
793109489,PIERRES DU GARD,https://www.pierresdugard.com/,pierresdugard.com,
892152901,PIERRES DU NORD IMMOBILIER,http://pierres-du-nord-immobilier.fr/,pierres-du-nord-immobilier.fr,
401505722,Pierres et Caractère Vendée,https://www.pierres-caractere.fr/,pierres-caractere.fr,
501590723,PIERRES ET GESTION,http://www.pierresetgestion.fr/,pierresetgestion.fr,
429543549,PIERRES ET TERRES,https://www.pierresetterres.fr/,pierresetterres.fr,
392186581,Pierres et Territoires de France,https://www.ptf-champagneardennelorraine.com/,ptf-champagneardennelorraine.com,
844837310,PIERRES OCEANES IMMOBILIER,http://www.pierresoceanesimmobilier.fr/,pierresoceanesimmobilier.fr,
480128867,PIERRES PASSION IMMOBILIER REMAX,https://www.pierrespassion.fr/fr/,pierrespassion.fr,
444180434,PIERREVAL,http://www.pierreval.com/,pierreval.com,
501474951,PIERSOHOME,https://www.piersohome.com/,piersohome.com,
831236724,PIETARI IMMOBILIER,http://pietari-immobilier.com/,pietari-immobilier.com,
917817066,PIETRAPOLIS,https://chalon.pietrapolis.fr/,chalon.pietrapolis.fr,
310862974,PIGEAULT IMMOBILIER,http://www.pigeaultimmobilier.com/,pigeaultimmobilier.com,
937579613,PIGNON SUR RUE,https://www.psrimmo.fr/,psrimmo.fr,
898066212,PILIMSTRA IMMOBILIER D'ENTREPRISE,https://www.pilimstra.com/asset-management,pilimstra.com,
820633006,PIMS TRANSACTIONS,http://www.pims-transactions.fr/,pims-transactions.fr,
831111778,Pineau Immobilier - L'Agence Angevine,https://www.pineau-immobilier.com/,pineau-immobilier.com,
413940560,PINOY IMMOBILIER,http://www.pinoy-immobilier.com/,pinoy-immobilier.com,
537453052,PIRAINO,http://www.piraino.fr/,piraino.fr,
788420883,PISANI IMMOBILIER,http://www.immobilier-pisani.fr/,immobilier-pisani.fr,
938369832,PJ IMMO Jacquot Immobilier Père & Fille,https://www.pj-immo.fr/fr,pj-immo.fr,
951267046,PJ REALESTATE,https://www.pjr-immo.fr/,pjr-immo.fr,
792741993,Place Privée,http://www.placeprivee-immobilier.com/,placeprivee-immobilier.com,
301126975,PLAISANCE IMMOBILIERE,http://www.la-rochelle-immobilier.com/,la-rochelle-immobilier.com,
483078093,PLANET IMMOBILIER JUAN-LES-PINS,https://www.planetimmobilier.com/,planetimmobilier.com,
944391408,PLANIFIQUE IMMOBILIER,https://planifique-invest.com/,planifique-invest.com,
840867378,PLEIN SUD IMMO,http://www.pleinsudimmo.com/,pleinsudimmo.com,
808261218,PLERIN IMMOBILIER,http://www.plerin-immobilier.fr/,plerin-immobilier.fr,
838457653,PLOTTON IMMOBILIER,https://www.plotton-immobilier.fr/,plotton-immobilier.fr,
793652553,PLOUFRAGAN IMMOBILIER,http://www.ploufragan-immobilier.fr/,ploufragan-immobilier.fr,
951412949,Plume Immobilier,https://plume-immo.fr/,plume-immo.fr,
504803339,PLURIEL IMMOBILIER,https://www.immo-pluriel.fr/,immo-pluriel.fr,
437887235,PLURIMMO,https://www.plurimmo.fr/,plurimmo.fr,
407484310,PLUS IMMO,http://www.plusimmo.fr/,plusimmo.fr,
531549871,PLUS IMMO,http://www.plus-immo-neuf.fr/,plus-immo-neuf.fr,
822352241,Plusurimmo,https://plusurimmo.fr/home-plusurimmo/,plusurimmo.fr,
478024524,PM IMMOBILIER,http://www.pmimmobilier.net/,pmimmobilier.net,
797507985,PM IMMOBILIER TRANSACTION,http://www.pm-immobilier.fr/,pm-immobilier.fr,
318670957,PNB IMMO,https://www.pnbimmo.com/,pnbimmo.com,
498771633,POINAS IMMOBILIER,http://www.poinas-immobilier.com/,poinas-immobilier.com,
811882190,Poinsot Immobilier - Agence Immobilière Ancenis,http://www.poinsot-immobilier.com/,poinsot-immobilier.com,
399983220,POINT IMMO,http://www.pointimmo.fr/,pointimmo.fr,
948719455,POINT IMMO,http://www.pointimmo-pasturel.com/,pointimmo-pasturel.com,
402487359,POINT VERT Vert-le Grand,http://www.groupepointvert.fr/,groupepointvert.fr,
943882068,Poitou Conseil Immobilier,https://poitouconseilimmobilier.fr/,poitouconseilimmobilier.fr,
900130220,POLE HABITAT 66 - Agence immobilière - Aménageur,https://www.polehabitat66.com/,polehabitat66.com,
499224327,POLE IMMOBILIER,http://www.pole-immobilier38.com/,pole-immobilier38.com,
511070401,POLE IMMOBILIER,http://www.pole-immobilier28.fr/,pole-immobilier28.fr,
538563966,POLE IMMOBILIER,http://www.pole-immobilier-caen.com/,pole-immobilier-caen.com,
793649161,POLE IMMOBILIER MUSSIPONTAIN,http://www.polim.fr/,polim.fr,
881108658,POLE SANTE MUSEUM,https://polesantemuseum.fr/nos-poles-sante/,polesantemuseum.fr,
443511944,POLGE IMMOBILIER,http://www.api26.com/,api26.com,
434754701,POLIMMO PROMOTION,https://www.polimmo.fr/,polimmo.fr,
405420159,Polygone SA,http://www.polygone-sa.fr/,polygone-sa.fr,
789741329,Polymmo,http://www.agencepolymmo.fr/,agencepolymmo.fr,
100180272,POM - Propriétés Off Market,http://www.pomimmo.fr/,pomimmo.fr,
808086540,Pompel Conseil Immobilier,https://pompelimmobilier.fr/,pompelimmobilier.fr,
479253866,PONT CARDINAL IMMOBILIER,http://www.immobilier-brive.com/,immobilier-brive.com,
509766341,PONT IMMOBILIER,http://www.pontimmobilier.fr/,pontimmobilier.fr,
919480988,Pont Loup Immobilier,https://www.pontloupimmobilier.com/,pontloupimmobilier.com,
333844769,PONTIM IMMO DE FRANCE,http://www.pontim.com/,pontim.com,
845346261,PONTONX IMMOBILIER,http://www.pontonximmobilier.com/,pontonximmobilier.com,
919083444,PORCHEFONTAINE IMMOBILIER,http://www.porchefontaine-immobilier.fr/,porchefontaine-immobilier.fr,
833381593,PORQUEROLLES IMMOBILIER,https://www.porquerolles-immobilier.fr/article-gestion.html,porquerolles-immobilier.fr,
522005586,PORT IMMO,https://www.portimmo.com/,portimmo.com,
349620278,PORT LEUCATE IMMOBILIER,http://www.portleucateimmobilier.com/,portleucateimmobilier.com,
951004894,PORTAL GROUPE,http://www.portalgroupe.fr/,portalgroupe.fr,
838028785,PORTES IMMOBILIER,http://www.portes-immo.com/,portes-immo.com,
938409927,PORTET IMMOBILIER,https://www.portetimmobilier.fr/,portetimmobilier.fr,
411642663,Portier Immobilier Antibes,http://www.portierimmo.fr/,portierimmo.fr,
512711375,Poulpiquet Immobilier Nantes,https://www.poulpiquet-immobilier.fr/,poulpiquet-immobilier.fr,
894065341,"POUR VOUS, PARTICULIERS",http://www.pourvousparticuliers.com/,pourvousparticuliers.com,
901059543,Pourp'immo,http://www.pourprimmo.com/,pourprimmo.com,
824691539,"POURSINE IMMOBILIER, Les Transactions de l’océan",http://www.poursine-immobilier.com/,poursine-immobilier.com,
432225449,POUTEAU Caroline,https://www.expert-immo-millylaforet.fr/,expert-immo-millylaforet.fr,
980623888,POUZOL IMMOBILIER,https://pouzolimmobilier.fr/,pouzolimmobilier.fr,
823890603,PRADES Sophie,https://cezanne-et-toits.com/,cezanne-et-toits.com,
380689331,PRADIMMO,http://www.pradimmo.com/,pradimmo.com,
902643519,Pradines Immobilier - Agence immobilière à ECHALAS,https://www.pradines-immobilier.fr/,pradines-immobilier.fr,
499736551,PRAGOUT IMMOBILIER,https://www.pragout-immo.fr/,pragout-immo.fr,
420724569,PREFECTURE IMMOBILIER,https://www.prefectureimmobilier.com/,prefectureimmobilier.com,
849159405,PREMI'HOME IMMOBILIER,http://www.premihome-immobilier.com/,premihome-immobilier.com,
924918212,Premier CHOIX Immobilier,https://www.premierchoix.co/,premierchoix.co,
481088888,PREMIERE AGENCE,http://www.premiere-agence.com/,premiere-agence.com,
518258843,PREMIUM ESTATE,https://www.premiumestate.fr/,premiumestate.fr,
479505372,Premium Immobilier,https://www.premium-immo.com/,premium-immo.com,
791044571,PREMIUM IMMOBILIER,http://www.premium66immobilier.com/,premium66immobilier.com,
508591567,PREMIUM IMMOBILIER OI,http://www.premiumioi.fr/,premiumioi.fr,
532125788,PREMIUM IMMOBILIER TRANSACTION,http://www.premiumimmobilier.net/,premiumimmobilier.net,
921436200,PREMIUM RETAIL TRANSACTIONS,https://premium-retail.fr/,premium-retail.fr,
819182098,PRESTANT LUXURY REALTY,http://www.prestant.com/,prestant.com,
353824873,Prestig'immo,https://www.prestig-immo.net/,prestig-immo.net,
921843868,PRESTIGE CONTACT IMMO,https://prestigecontactimmo.fr/,prestigecontactimmo.fr,
815222906,PRESTIGE IMMOBILIER,https://www.prestigeimmobilierdunkerque.com/fr,prestigeimmobilierdunkerque.com,
852122290,PRESTIGE TRANSACTION,https://www.prestige-transaction.fr/,prestige-transaction.fr,
532102647,PRESTIGIA IMMOBILIER,https://www.prestigiaimmobilier.fr/transaction/,prestigiaimmobilier.fr,
829265446,PREUX IMMOBILIER,http://www.preuximmobilier.fr/,preuximmobilier.fr,
477593768,primera développement,http://www.primadev.fr/,primadev.fr,
814090338,PRIMMO,http://www.primmo-salon.fr/,primmo-salon.fr,
941812935,PRIMMO CAPITAL,http://www.primmocapital.fr/,primmocapital.fr,
341668911,PRIMMO FLASH,http://www.primmo-flash.fr/a-propos-de-nous/,primmo-flash.fr,
339708430,PRIMMO NEUVILLE,http://www.agence-primmo.com/,agence-primmo.com,
353215791,Primogest - Atout Gestion,https://www.primogest.fr/fr,primogest.fr,
434530663,Prisma Immobilier Avrillé Val d'Or,https://www.prisma-immobilier.fr/,prisma-immobilier.fr,
891619983,PRISMO,http://www.prismo.bzh/,prismo.bzh,
929338341,PRISS'IMMO,http://www.prissimmo.fr/,prissimmo.fr,
909467532,PRIVILEGE IMMO,https://privilegeimmo.fr/,privilegeimmo.fr,
880967773,PRIVILEGE IMMOBILIER & CONSEIL,http://privilegeimmoconseil.com/,privilegeimmoconseil.com,
801450552,PRO - IMMO,http://www.pro-immo66.fr/,pro-immo66.fr,
883216988,PRO DEAL TRANSACTION,https://www.prodeal-transaction.fr/,prodeal-transaction.fr,
979763794,PRO G IMMO,https://www.progimmo.re/,progimmo.re,
334346921,PRO IMMO,http://www.proimmo.fr/,proimmo.fr,
821869617,PRO IMMO PROVENCE,http://www.proimmoprovence.fr/,proimmoprovence.fr,
810820803,Prodeom Immobilier Neuf,http://www.prodeom-immobilier.com/,prodeom-immobilier.com,
520468653,Profil Immo,https://www.profilimmo.fr/,profilimmo.fr,
801186784,PROFIL IMMOBILIER,http://www.profil-immobilier.fr/,profil-immobilier.fr,
483639266,PROGEST,http://www.progest34.fr/,progest34.fr,
894568245,Progress immobilier Agence Immobilière,https://progressimmobilier.fr/,progressimmobilier.fr,
445275779,Progressia Immobilier,https://www.progressia-immobilier.fr/,progressia-immobilier.fr,
953179470,Projed'Immo,https://projedimmo.fr/fr/,projedimmo.fr,
501825871,PROJET IMMO,http://www.projetimmo34.com/,projetimmo34.com,
503210403,PROJET IMMO,http://www.projet-immo.com/,projet-immo.com,
953489341,PROJET IMMO,http://www.projetimmo76110.fr/,projetimmo76110.fr,
790558753,PROJET IMMO VICHY,http://www.projetimmo-vichy.fr/,projetimmo-vichy.fr,
834600595,ProjetLocatif,https://projetlocatif.fr/,projetlocatif.fr,
814546255,PROLOCAUX,http://www.prolocaux.fr/,prolocaux.fr,
819763285,PROM-S,http://www.prom-s.net/,prom-s.net,
803205624,PROMECIA,http://promecia.fr/,promecia.fr,
489305854,PROMETHEE,http://www.promethee-immo.com/,promethee-immo.com,
884288523,PROMETHEE TRANSACTION,http://www.promethee-transaction.com/,promethee-transaction.com,
351556451,PROMO EST IMMOBILIERE,https://promo-est-immobilier.fr/,promo-est-immobilier.fr,
412010977,PROMO OUEST IMMOBILIER,https://promo-ouest-immobilier.com/,promo-ouest-immobilier.com,
477929996,Promoca,http://www.promoca.fr/,promoca.fr,
381082072,Promomidi,https://promomidi.com/,promomidi.com,
819794850,PROMOTEAM,https://www.promoteam.fr/nos-programmes/,promoteam.fr,
306267832,PROMOTION 2000,https://www.c-immobilier.com/,c-immobilier.com,
400327995,PROMOVAL,https://www.promoval.fr/,promoval.fr,
534137120,PROMPT'IMMO,http://www.promptimmo.fr/,promptimmo.fr,
928199223,PROMUP,http://promup.com/,promup.com,
998961924,PROPERTIES HYERES,http://www.properties-agency.com/,properties-agency.com,
907518906,PROPRIETE NORMANDE,http://www.propriete-normande.fr/,propriete-normande.fr,
980951339,PROPRIETES COTE SUD,https://proprietescotesud.com/fr/,proprietescotesud.com,
887758092,PROPRIO ACCESS,https://proprio-access.fr/,proprio-access.fr,
887579662,Proprium,https://proprium.expert/,proprium.expert,
828906081,PropriUp,https://www.propriup.fr/,propriup.fr,
998956494,PROPRIZEN,https://proprizen-immo.com/,proprizen-immo.com,
493811178,PROSPECT IMMO,http://www.prospect-immo.fr/,prospect-immo.fr,
514271865,PROST Immobilier,http://www.immobilierdombes.com/,immobilierdombes.com,
493902142,PROTERAM,https://proteram.fr/,proteram.fr,
438302044,PROUDREED,http://www.proudreed.com/,proudreed.com,
529774358,PROVENCE CONSEIL IMMOBILIER - AGENCE PCI,http://www.provence-conseil-immobilier.com/,provence-conseil-immobilier.com,
900565193,PROVENCE REAL ESTATE,http://www.provencerealestate-france.com/,provencerealestate-france.com,
404085169,PROVENCIA,https://www.provencia-immobilier.com/,provencia-immobilier.com,
899778625,PROVENSA IMMOBILIER,https://www.provensa.immo/,provensa.immo,
849416045,PROVIMO,https://www.provimo.fr/fr,provimo.fr,
995245826,Prox-immo,http://www.prox-immo.re/,prox-immo.re,
442274544,PROXIMMO IMMOBILIER DERVAL,http://www.proximmo-immobilier.com/,proximmo-immobilier.com,
940834021,PROXIMO,https://www.proximo-immobilier.fr/,proximo-immobilier.fr,
834592743,Prudenzia Immobilier S.a.r.l.,https://www.prudenzia-immobilier.com/,prudenzia-immobilier.com,
402585087,Pruès Immobilier - Agence Immobilière Poitiers,http://www.cabinet-prues.fr/,cabinet-prues.fr,
893531863,PRYSM IMMOBILIER,http://www.prysm-immobilier.fr/,prysm-immobilier.fr,
819331091,PUIG IMMOBILIER,http://www.puig.immo/,puig.immo,
529329617,PULLMANN Immobilier,http://www.pullmann-immobilier.com/,pullmann-immobilier.com,
498310689,PULP IMMOBILIER,http://www.pulp-immobilier.fr/,pulp-immobilier.fr,
884181207,PULSAR IMMOBILIER,http://www.pulsarimmo.fr/,pulsarimmo.fr,
990031577,PUR IMMOBILIER,http://www.purimmobilier.fr/,purimmobilier.fr,
448988691,PY IMMOBILIER,http://www.py-immobilier.fr/,py-immobilier.fr,
515129922,PYB SERVICES IMMOBILIER,http://www.pybimmo.com/,pybimmo.com,
822265864,Pygmalion immobilier,http://pygmalyon.immo/,pygmalyon.immo,
802426734,PYRAMID IMMOBILIER,https://pyramid-immobilier.com/,pyramid-immobilier.com,
449213750,PYRAMIDE IMMOBILIER,https://www.pyramideimmobilier.fr/,pyramideimmobilier.fr,
913786653,Pèira Immobilier,http://www.peiraimmobilier.fr/,peiraimmobilier.fr,
978308211,Pévèle Vente Location PVL Immobilier,http://pvl-immobilier.fr/,pvl-immobilier.fr,
840139430,Pôle Immo,https://www.dbpoleimmobilier.fr/,dbpoleimmobilier.fr,
931174924,Qasa immobilier,https://www.qasa-immobilier.fr/,qasa-immobilier.fr,
792805855,QAZA IMMOBILIER,http://www.qaza.fr/,qaza.fr,
989240262,QG IMMO,https://www.qgimmo.fr/,qgimmo.fr,
948209598,QORIDOR,https://qoridor.fr/,qoridor.fr,
823274493,qovop immobilier,http://www.qovop-immobilier.fr/,qovop-immobilier.fr,
813104254,QUADRAN IMMOBILIER,https://www.quadran-immobilier.com/quadran-bareme-honoraires.pdf,quadran-immobilier.com,
800596124,QUADRANCE IMMOBILIER AGENCE REIMS,http://www.quadrance-immobilier.fr/,quadrance-immobilier.fr,
909829111,Quadrea Immobilier,https://www.quadrea-immobilier.fr/,quadrea-immobilier.fr,
494266257,QUADRIGIMMO,http://www.quadrigimmo.com/,quadrigimmo.com,
914606538,QUADRIMM,https://www.quadrimm.com/,quadrimm.com,
523555860,Qualit'Immo,https://qualit-immo.fr/,qualit-immo.fr,
905363461,QUALITY HOME BY BARBARA,https://qualityhome.immo/,qualityhome.immo,
901429688,QUARTO,https://www.quarto-immo.fr/programme/bellis/,quarto-immo.fr,
821143039,QUARTUS RESIDENTIEL,https://www.quartus-residentiel.fr/,quartus-residentiel.fr,paramètres de suivi retirés
500966551,QUARTZ IMMOBILIER,https://www.quartz-immobilier.com/,quartz-immobilier.com,
947958872,Quatuor,http://www.quatuor.immo/,quatuor.immo,
491215356,QUENTIMMO,http://www.quentimmo.fr/,quentimmo.fr,
914905963,Quentin Gallot Immobilier,https://www.quentin-gallot-immobilier.fr/,quentin-gallot-immobilier.fr,
992346932,QUERCY LOT IMMOBILIER,http://www.quercylotimmo.com/,quercylotimmo.com,
788909463,QUINT IMMOBILIER,https://www.quint-immobilier.com/vente/1,quint-immobilier.com,
792894743,QUOI DE NEUF IMMOBILIER,https://quoideneufimmobilier.fr/,quoideneufimmobilier.fr,
832100341,QUORNER,https://www.quorner.com/,quorner.com,
522987635,Qwartz immobilier,https://www.qwartz-immobilier.fr/,qwartz-immobilier.fr,
918516444,R B IMMO,https://www.rb-immo.fr/,rb-immo.fr,
504246737,R ET B IMMOBILIER,http://www.rbimmobilier.com/,rbimmobilier.com,
821445020,R IMMO,http://www.r-immo.com/,r-immo.com,
828234922,R IMMOBILIER HERAULT,http://www.r-immobilierpro.com/,r-immobilierpro.com,
951914332,R.Immo34,http://www.rimmo34.com/,rimmo34.com,
480819986,R2I,http://www.immobilier-r2i.fr/,immobilier-r2i.fr,
528862287,RACINE IMMOBILIER,http://www.terrain-ecohabitat.com/,terrain-ecohabitat.com,
343826319,RAMBAUD IMMOBILIER,http://www.rambaud.immo/,rambaud.immo,
344329933,RAMOS IMMOBILIER,http://www.agencesramos.com/,agencesramos.com,
335188033,Rampa Réalisations,https://www.rampa-realisations.fr/,rampa-realisations.fr,
828451179,RANCE IMMO,http://rance-immo.com/,rance-immo.com,
504936790,RAP Immobilier,https://www.rap-immobilier.com/fr,rap-immobilier.com,
522866011,Raphaël Immo,https://www.raphaelimmo.com/,raphaelimmo.com,
988045845,RAYMOND IMMOBILIER,https://www.raymond-immobilier.fr/,raymond-immobilier.fr,
512735739,RB CONSEILS,https://rbimmobilier-leraincy.fr/fr/,rbimmobilier-leraincy.fr,
909023400,RB IMMO,https://www.rb-immobilier.fr/,rb-immobilier.fr,
985001023,RC IMMOBILIER & CONSULTING,https://www.rc-immobilier.com/,rc-immobilier.com,
940981129,RCH Immo,https://rch-immo.com/,rch-immo.com,
911239390,RCH IMMOBILIER MERE GAMBAIS,https://rchimmobilier.com/,rchimmobilier.com,
507393452,RCI Immobilier,http://www.rci-immobilier.fr/,rci-immobilier.fr,
810544569,RD IMMO,http://www.rdimmo.fr/,rdimmo.fr,
479696767,REAL 31 HOUILLES,http://www.real31.fr/,real31.fr,
795338821,REAL EXPERT,http://www.realexpert.fr/,realexpert.fr,
814589271,REAL'SUD IMMOBILIER,http://www.realsudimmobilier.fr/,realsudimmobilier.fr,
988966099,REALESTY,https://realesty.fr/,realesty.fr,
804259497,REALTY'Z,https://www.realtyz.fr/,realtyz.fr,
828478677,REALTYSSIMMO,http://www.realtyssimmo.com/,realtyssimmo.com,
840159099,REBERGA IMMOBILIER,http://www.reberga-immobilier.com/,reberga-immobilier.com,
530864206,Recherches&Biens,http://www.recherchesetbiens.com/,recherchesetbiens.com,
837556703,RED IMMOBILIER COTE BASQUE LANDES,https://red.immo/,red.immo,
487911554,Redouté Immobilier,https://www.redoute-immobilier.fr/,redoute-immobilier.fr,
999848005,REEL IMMOBILIER,https://www.reelimmobilier.com/,reelimmobilier.com,
504404468,REFERENCE IMMOBILIER,http://www.reference-immo.fr/,reference-immo.fr,
843738253,Reflex en s'home,http://www.reflexenshome.fr/agence-2/,reflexenshome.fr,
505123752,REGARD IMMOBILIER SARL,http://www.regard-immo.com/,regard-immo.com,
979676749,Regent Alps - Christie's International Real Estate,http://www.regent-alps.com/,regent-alps.com,
979382769,REGENT IMMOBILIER,https://regentimmo.fr/fr/,regentimmo.fr,
912650645,REGIE BBC,https://regiebbc.fr/,regiebbc.fr,
443546486,REGIE BERTRAND-DEPAGNEUX,http://www.regiebertrand.com/,regiebertrand.com,
499135275,REGIE BOUSCASSE,https://www.regiebouscasse.com/,regiebouscasse.com,
890030182,REGIE CASTAN-MARCILLAT,https://www.regiecm.com/,regiecm.com,
332507961,REGIE CHOMETTE,http://www.chomette-immobilier.fr/,chomette-immobilier.fr,
493417455,REGIE CONSEIL,https://www.regie-conseil.fr/,regie-conseil.fr,
338074693,REGIE CROIX D'OR,https://croixdorimmobilier.fr/,croixdorimmobilier.fr,
808682785,REGIE D'IMMEUBLES BEAUFARON,http://www.locationautun.fr/,locationautun.fr,
844080523,REGIE DES GONES,https://regiedesgones.fr/,regiedesgones.fr,
500224076,REGIE DUPRONT,https://www.dupront-immobilier.fr/,dupront-immobilier.fr,
016750895,REGIE FONCIERE DIJON LOCATION,http://www.regie-fonciere.net/index.php?lang=fr,regie-fonciere.net,
749870044,REGIE FRANCOIS GOFFIN,http://www.regiegoffin.fr/,regiegoffin.fr,
377650171,REGIE GASC BATTISTELLA IMMOBILIER,http://www.rgb-immo.com/,rgb-immo.com,
403036684,REGIE GOUDARD-PATOT,https://www.goudard-patot.com/,goudard-patot.com,
072503022,REGIE IMMOBILIA VENTE,https://www.regie-immobilia.com/,regie-immobilia.com,
328234109,REGIE IMMOBILIERE DE VIENNE,http://www.riv.immo/,riv.immo,
340269752,REGIE IMMOBILIERE DELAS,http://www.agence-delas.com/,agence-delas.com,
957527716,REGIE JURON ET TRIPIER,http://www.juron-tripier.fr/,juron-tripier.fr,
300179363,REGIE MIALON,http://www.regiemialon.com/,regiemialon.com,
988011979,REGIE ROSÉLIE,https://regieroselie.fr/,regieroselie.fr,
853768109,REGIE SIMONET,https://www.regiesimonet.fr/,regiesimonet.fr,
450413422,REINA IMMOBILIER,http://www.reinaimmo.com/,reinaimmo.com,
499518710,REITZ IMMOBILIER,http://www.reitz-immobilier.fr/,reitz-immobilier.fr,
792377871,RELAIS IMMO GESTION,https://www.relais-immo-gestion.com/,relais-immo-gestion.com,
793232513,RELAXIMMO,http://www.relaximmo.fr/,relaximmo.fr,
751189119,RELIVE,https://company50803nxm.netty.fr/,company50803nxm.netty.fr,
881703482,Rely'on Immobilier Aigrefeuille et Mons,http://www.relyon-immobilier.com/,relyon-immobilier.com,
482110103,Renel Legal Sirius Home,http://www.siriushome.fr/,siriushome.fr,
821314556,RENNES IMMOBILIER,http://www.rennesimmobilier.com/,rennesimmobilier.com,
852682855,RENOIR ET VALORIS,https://www.renoiretvaloris.com/,renoiretvaloris.com,
483877247,RENOULT CONSEIL IMMOBILIER,http://www.renoultconseil.com/,renoultconseil.com,
853922045,RENOUVIER IMMOBILIER,https://www.renouvierimmobilier.com/,renouvierimmobilier.com,
944501972,RENSON Madeleine,http://www.barbasimmobilier.com/,barbasimmobilier.com,
883357741,Rent'immo,https://www.rent-immo.fr/notre-agence/,rent-immo.fr,
900761461,RENTAL EXPERT IMMOBILIER,https://rental-expert.com/,rental-expert.com,
421947763,REPUBLIQUE IMMOBILIER,http://repimmo-saintdiz.fr/,repimmo-saintdiz.fr,
839121126,RESEAU BONAPARTE,http://www.bonaparte-artdevivre.com/,bonaparte-artdevivre.com,
812601086,RESEAU IMMO ANGELS,http://www.immoangels.com/,immoangels.com,
894960236,RESERVOIR IMMO BEAUNE,https://www.reservoirimmo.fr/,reservoirimmo.fr,
407555366,RESID'IMMOBILIER,https://resid.agency.re/fr/,resid.agency.re,
918056433,RESIDENCE U QUERCIU,http://www.corse-developpement-immobilier.com/programmes-neufs-promotions-immobilieres-corse-2-fr.html,corse-developpement-immobilier.com,
518081682,RESO IMMOBILIER,https://www.reso74.com/,reso74.com,
788782837,RESOMIA IMMOBILIER,https://www.resomia.com/,resomia.com,
820591527,RESONANCE IMMOBILIERE,http://www.resonance-immobiliere.com/,resonance-immobiliere.com,
809993306,RETAIL PREMIUM,http://www.retailpremium.fr/,retailpremium.fr,
985020957,REVALYS Consultant Immobilier,http://www.revalys.eu/,revalys.eu,
813067287,REVE PROVENCAL IMMOBILIER,http://www.reveprovencalimmobilier.com/,reveprovencalimmobilier.com,
831671128,REVEDIMMO,https://www.agencerevedimmo.com/,agencerevedimmo.com,
802362749,REVERDIN IMMOBILIER,https://www.reverdin-immobilier.com/,reverdin-immobilier.com,
480511120,REVERMONT IMMOBILIER,http://www.revermontimmobilier.com/,revermontimmobilier.com,
789064722,REVOLIM,http://www.revolim.com/,revolim.com,
835108549,REYNAUD IMMOBILIER,https://www.reynaud-immo.fr/,reynaud-immo.fr,
513451302,REZ-DE-CHAUSSEE.COM,http://rez-de-chaussee.com/,rez-de-chaussee.com,
951366632,REZANA Thierry,https://rezana-immobilier.com/,rezana-immobilier.com,
951414416,REZO'CO IMMOBILIER,http://www.rezocoimmobilier.fr/,rezocoimmobilier.fr,
508783982,RHONE SAONE IMMOBILIER,http://www.rhone-saone-immo.com/,rhone-saone-immo.com,
921238705,Rhône Alpes Immo Stéphane Goutteratel,https://www.rhonealpesimmo.fr/,rhonealpesimmo.fr,
490831724,Rhône Patrimoine Immobilier Lyon 5,http://www.rhonepatrimoineimmobilier.com/,rhonepatrimoineimmobilier.com,
452923261,RIANI IMMOBILIER,https://www.riani-immobilier.com/,riani-immobilier.com,
981279615,RIAZHOME Immobilier,https://www.riazhome-immo.com/,riazhome-immo.com,
448640821,RICHARD AND SONS,https://www.richard-sons.com/fr/,richard-sons.com,
334721420,Richard Immobilier SARL,http://www.richardimmo.fr/,richardimmo.fr,
682009121,Richardière,https://richardiere.fr/,richardiere.fr,
798145082,RICHER IMMOBILIER,https://www.richerimmobilier.com/,richerimmobilier.com,
851999821,RICHTER GROUPE IMMOBILIER,https://www.richtergroupeimmobilier.com/,richtergroupeimmobilier.com,
791541329,RIETSCH IMMOBILIER,http://www.rietsch-immobilier.com/,rietsch-immobilier.com,
753103043,RIF - Régie Immobilière Fiducia,http://www.regieimmobilierefiducia.com/,regieimmobilierefiducia.com,
511324881,RIGAL Immobilier,http://www.rigalimmobilier.com/,rigalimmobilier.com,
485139133,RIHB,http://www.rihb-immobilier.com/,rihb-immobilier.com,
889571964,RIMBAUD IMMO,https://www.rimbaudimmo.fr/,rimbaudimmo.fr,
842714743,Riva immobilier,http://www.rivaimmobilier.com/,rivaimmobilier.com,
100773555,RIVE 8 immobilier,https://www.rive8immobilier.com/,rive8immobilier.com,
499313138,RIVE DROITE,http://www.rivedroite.immo/,rivedroite.immo,
515179703,RIVE OUEST Boulogne-Billancourt,https://riveouestimmo.com/,riveouestimmo.com,
102259967,RIVE SAINT GERMAIN,http://www.rivestgermain.fr/,rivestgermain.fr,
838693869,RIVE-DROITE IMMOBILIER,http://www.rive-droiteimmobilier.fr/,rive-droiteimmobilier.fr,
942723719,RIVERA IMMOBILIER,https://riveraimmobilier.com/,riveraimmobilier.com,
913836201,RIVES LOIRE IMMOBILIER,https://www.rivesloireimmobilier.fr/,rivesloireimmobilier.fr,
528963382,RIVES PARISIENNES,https://www.rives-parisiennes.com/,rives-parisiennes.com,
980734057,RIVES SAINTE-CATHERINE,https://rives-immobilier.com/,rives-immobilier.com,
809112188,RIVIERA ANTIBES,http://www.riviera-antibes.fr/,riviera-antibes.fr,
444534416,RIVIERA IMMOBILIER REAL ESTATE CAVALAIRE,http://www.rivimo.com/,rivimo.com,
504889775,RIVIERA REALISATION IMMOBILIER,http://www.rivieraantibes.com/,rivieraantibes.com,
792753006,RIVOLI IMMOBILIER,http://rivolimmobilier.fr/,rivolimmobilier.fr,
833409048,RIZZO Immobilier,http://www.rizzoimmobilier.fr/,rizzoimmobilier.fr,
832047211,RM Immo'Concept,http://www.rm-immoconcept.com/,rm-immoconcept.com,
789471539,RMP IMMOBILIER,http://www.rmpimmobilier.com/,rmpimmobilier.com,
391887957,ROBERT LASKAR IMMOBILIER,http://www.laskarimmo.fr/,laskarimmo.fr,
489767905,ROBIN DES TOITS,http://robindestoits.com/,robindestoits.com,
348617846,Robinson Immobilier,https://www.robinson-immobilier.fr/,robinson-immobilier.fr,
495402349,ROCHAT IMMOBILIER,http://www.rochat-viagers.fr/,rochat-viagers.fr,
451290928,ROCHE IMMO,https://agencerocheimmo.com/,agencerocheimmo.com,
750573529,ROCHE Sylvie,https://www.duroche.fr/,duroche.fr,
490911450,ROCHER IMMOBILIER,http://www.rocher-immobilier.fr/,rocher-immobilier.fr,
852063171,ROCHER IMMOBILIER SUCCESSEUR WILLIAM DALLE,https://www.rocherimmo.fr/,rocherimmo.fr,
494409287,ROCHETTE IMMOBILIER,https://www.rochette-immobilier.com/,rochette-immobilier.com,
879404259,Rock in Share,https://www.rock-in-share.com/fr/confiez-nous-votre-bien,rock-in-share.com,
533554382,RODEZ AGENCE,http://www.rodez-agence.fr/,rodez-agence.fr,
881598791,RODIER IMMOBILIER,https://www.rodier-immobilier.com/,rodier-immobilier.com,
922377197,RODRIGUES IMMOBILIER,https://www.rodriguesimmobilier.fr/,rodriguesimmobilier.fr,
453313025,ROLLING IMMOBILIER,https://www.rolling-immobilier.com/,rolling-immobilier.com,
933003287,ROMAIN CERNY IMMOBILIER,https://www.romaincernyimmobilier.fr/,romaincernyimmobilier.fr,
927749143,Romain Terral,https://romainterral.fr/,romainterral.fr,nom corrigé
881782031,Romain Tuault Immobilier,https://www.romaintuaultimmo.fr/fr,romaintuaultimmo.fr,
884951534,RONDOT IMMO,http://rondot-immo.fr/,rondot-immo.fr,
751786914,RONGERE Sandrine,https://www.sandrinerongere.fr/,sandrinerongere.fr,
492118054,ROQUES IMMOBILIER,http://www.roques-immobilier.com/,roques-immobilier.com,
890242522,Rose d'Argent Immobilier,https://rosedargentimmobilier.fr/,rosedargentimmobilier.fr,
891177016,ROSE IMMOBILIER,https://www.rose-immobilier.fr/,rose-immobilier.fr,
810392019,ROSINE IMMO WEST,http://www.rosineimmowest.com/,rosineimmowest.com,
898887351,ROUQUET IMMOBILIER,https://www.rouquet-immobilier.fr/,rouquet-immobilier.fr,
853051415,ROUSSEL IMMOBILIER,https://www.roussel-immobilier.com/avis-clients/,roussel-immobilier.com,
502531999,Royal Immobilier Dijon,https://www.royal-immobilier-dijon.com/,royal-immobilier-dijon.com,
831428677,Rue de la paix immobilier,https://www.ruedelapaiximmobilier.com/,ruedelapaiximmobilier.com,
877639120,RUE DE LA PAIX.IMMO.LENCLOITRE,https://www.ruedelapaiximmo.com/,ruedelapaiximmo.com,
750297707,Rue des Victoires,https://ruedesvictoires.candidature-location.com/,ruedesvictoires.candidature-location.com,URL d'administration/identifiants retirés (racine conservée); site tiers (pas le site propre de l'agence) — à vérifier
790675094,RUE DU SOLEIL IMMOBILIER,https://www.ruedusoleilimmobilier.com/,ruedusoleilimmobilier.com,
922640768,Rue'Brique Immo - Agence Immobilière - Liévin,http://www.ruebriqueimmo.com/,ruebriqueimmo.com,
334380995,Rulleau Immobilier,https://www.rulleau-immobilier.fr/,rulleau-immobilier.fr,
832541486,RUNIMMO,http://www.runimmo.re/,runimmo.re,
830258927,Réaliti Immobilier,http://www.realitimmobilier.fr/,realitimmobilier.fr,
502061120,Référence Building,https://www.reference-building.com/,reference-building.com,
450454269,Référence Immobilière,http://www.reference-immobiliere.com/,reference-immobiliere.com,
411228737,Régie Des Quatre Rues,http://www.regiedes4rues.com/,regiedes4rues.com,
957528201,Régie FRANCHET ET CIE,http://www.regiefranchet.fr/,regiefranchet.fr,
404776296,Régie Générale de Lyon,https://regiegeneraledelyon.com/,regiegeneraledelyon.com,
509176277,RÉGIE HORVATH & ASSOCIÉS,http://www.regie-lyon-metropole.fr/,regie-lyon-metropole.fr,
389202631,Régie Saint-Pierre,https://www.regiesaintpierre.fr/,regiesaintpierre.fr,
964501704,Régie Simonneau Lyon 6e,http://www.regie-simonneau.com/,regie-simonneau.com,
813212974,Réponse Location,https://bailleurtranquille.com/la-location/,bailleurtranquille.com,
500800248,Réseau MAXImmo,https://www.reseau-maximmo.fr/,reseau-maximmo.fr,
911240612,Résolument Immo,http://www.resolumentimmo.fr/,resolumentimmo.fr,
520817230,RÊVE DE SUD IMMOBILIER,https://www.revedesud.com/,revedesud.com,
819076522,S IMMO CONCEPT,http://s-immoconcept.com/,s-immoconcept.com,
488604802,S'ANTONI IMMOBILIER,https://www.santoni.fr/,santoni.fr,
834739872,S'PRIM - Savoie Promotion Immobilière,http://www.s-prim.fr/,s-prim.fr,
902910975,S'TEAM IMMO,http://s-team-immo.com/,s-team-immo.com,
889822540,S-immo,https://www.s-immo.fr/,s-immo.fr,
751200817,S.A.R.L. ALPHA IMMOBILIER,http://www.alpha-immobilier-82.com/,alpha-immobilier-82.com,
528343270,S.A.R.L. LE LOROUX IMMOBILIER,http://www.lelorouximmobilier.com/,lelorouximmobilier.com,
925200982,S.L. IMMO,http://www.sli-cher.fr/,sli-cher.fr,
488658592,S.T Investimmo,http://www.stinvestimmo.fr/,stinvestimmo.fr,
310764816,SA MONT-BLANC - Siège,http://www.samontblanc.com/,samontblanc.com,
799496591,SAB PRIVATE ESTATE,https://www.sabprivate-estate.com/,sabprivate-estate.com,
838584266,Sable Blanc Immobilier,https://www.sableblancimmobilier.com/,sableblancimmobilier.com,
933450967,Sables&sens Immobilier,https://sables-et-sens.fr/,sables-et-sens.fr,
442262341,SABLETTES IMMOBILIER,http://www.sablettes-immobilier.fr/,sablettes-immobilier.fr,
303689483,SACCLO,http://www.sacclo.fr/,sacclo.fr,
318054004,Sadone immobilier et patrimoine,http://www.sadone.fr/,sadone.fr,
808643761,SADSIMMO,https://www.sadsimmo.com/,sadsimmo.com,
306916768,SAEMANN Immobilier,http://www.saemann-immobilier.fr/,saemann-immobilier.fr,
392170619,SAEM’ALES,http://www.saem-ales.com/,saem-ales.com,
062500368,SAFER AUVERGNE RHONE ALPES,https://safer-aura.fr/,safer-aura.fr,
428775647,Safimmo,http://www.agence-safimmo.fr/,agence-safimmo.fr,
525002143,SAGEPRIM,https://www.sageprim.com/,sageprim.com,
897921730,Sagesse immobilière,https://sagesseimmobiliere.fr/,sagesseimmobiliere.fr,
813830445,SAINT ALYRE IMMOBILIER,http://stalyre.immo/,stalyre.immo,
794531053,SAINT ANDRE IMMOBILIER,http://www.st-andre-immobilier.fr/,st-andre-immobilier.fr,
909011041,SAINT ANDRE IMMOBILIER,https://www.saint-andreimmo.fr/fr,saint-andreimmo.fr,
492521257,Saint André Immobilier,http://www.standreimmo.fr/,standreimmo.fr,
811972512,SAINT ARNOULT IMMOBILIER,https://www.imopi-immobilier.fr/,imopi-immobilier.fr,
422244269,SAINT CLAIR IMMOBILIER,http://www.saint-clair-immobilier.fr/,saint-clair-immobilier.fr,
435165048,Saint Cybard Immobilier,http://saintcybard-immobilier.fr/,saintcybard-immobilier.fr,
422637553,SAINT EX IMMOBILIER,http://www.sainteximmobilier.net/,sainteximmobilier.net,
348820531,SAINT HILAIRE IMMOBILIER,http://sthilaireimmobilier.fr/,sthilaireimmobilier.fr,
828047530,Saint Jean Immobilier,https://www.saintjeanimmobilier.fr/,saintjeanimmobilier.fr,
889413118,SAINT JOSEPH IMMOBILIER,http://www.saintjosephimmobilier.fr/,saintjosephimmobilier.fr,
434294948,SAINT LEONARD IMMOBILIER 87,http://www.agencesenlimousin.com/,agencesenlimousin.com,
910677483,Saint Léonard immobilier,http://www.saint-leonard-immobilier.fr/,saint-leonard-immobilier.fr,
414337154,SAINT MICHEL IMMOBILIER,http://www.saintmichel-immobilier.com/,saintmichel-immobilier.com,
508748480,Saint Nazaire Immo SARL,http://www.saint-nazaire-immo.fr/,saint-nazaire-immo.fr,
979020450,SAINT QUENTIN IMMOBILIER,http://www.stquentin-immobilier.com/,stquentin-immobilier.com,
441887866,SAINT ROCH IMMOBILIER,http://www.saintrochimmobilier.com/,saintrochimmobilier.com,
880810791,SAINT SAULVE TRANSACTION,https://lecomptoirdhestia.fr/,lecomptoirdhestia.fr,
851514265,Saint Sauveur immobilier,https://saint-sauveur.immo/,saint-sauveur.immo,
814827556,SAINT VALERY IMMOBILIER,http://www.doyen-immobilier.fr/,doyen-immobilier.fr,
421030057,SAINT-BRIEUC IMMOBILIER,http://www.st-brieuc-immobilier.fr/,st-brieuc-immobilier.fr,
498865294,Saint-François Immobilier,https://www.saintfrancoisimmobilier.fr/,saintfrancoisimmobilier.fr,
831438155,SAINT-HUBERT IMMOBILIER REUNION,http://www.sthubertimmobilierreunion.re/i/redac/honoraires,sthubertimmobilierreunion.re,
451455331,SAINT-PIERRE IMMOBILIER TOURNEFEUILLE,http://www.saintpierre-immobilier.com/,saintpierre-immobilier.com,
803971555,SAINTE ANNE IMMO,https://www.sainte-anne-immo-amiens.fr/,sainte-anne-immo-amiens.fr,
482371218,Sainte Aubane Immobilière,http://www.sainteaubane.com/,sainteaubane.com,
307263780,SAINTE BARBE,http://www.saintebarbe-groupesni.fr/rechercher-un-logement/acheter-un-logement/les-offres-disponibles.html,saintebarbe-groupesni.fr,
482528262,SAJAC IMMOBILIER,https://www.sajac-immobilier.fr/,sajac-immobilier.fr,
897690079,SALANQUE MEDITERRANEE IMMOBILIER,http://www.salanqueimmobilier.fr/,salanqueimmobilier.fr,
752782961,Sales In the City,https://www.salesinthecity.fr/,salesinthecity.fr,
900271958,SALMON IMMOBILIER,https://www.salmonimmobilier.fr/,salmonimmobilier.fr,
984156703,SANCHEZ Pierre,https://www.pierresanchezimmobilier.fr/,pierresanchezimmobilier.fr,
847585064,SANCY IMMO,https://www.sancy-immobilier.com/,sancy-immobilier.com,
485281679,SANDRA VIRICEL IMMOBILIER,http://www.sandraviricel-immobilier.com/,sandraviricel-immobilier.com,
879404655,SANDRINE TURGIS IMMOBILIER,http://st-immobilier.com/,st-immobilier.com,
983257932,SANIMMO,https://agence-sanimmo.fr/,agence-sanimmo.fr,
844843185,Sankom Immobilier,https://www.sankom-immobilier.fr/,sankom-immobilier.fr,
822475596,Sans Vis a Vis,http://www.sansvisavis.com/,sansvisavis.com,
897390811,Sant'immo - Le Cabinet,https://www.santimmo.fr/,santimmo.fr,
791399082,SANTINI & BASTELICA IMMOBILIER,https://www.santinibastelica.immo/,santinibastelica.immo,
901249995,SAPALY&Co – Immobilier d’entreprise !,https://www.sapaly-immo.fr/,sapaly-immo.fr,
381728914,Sapene immobilier,https://www.sapene-immobilier.com/,sapene-immobilier.com,
977855568,SAPET MICHELAS IMMOBILIER,https://www.sapetmichelasimmobilier.fr/,sapetmichelasimmobilier.fr,
792998452,SARL AHV FRANCK GABRIEL,http://www.ahv.fr/notre-agence.html,ahv.fr,
932216682,SARL AOI-PRO,http://www.aoi-pro.fr/,aoi-pro.fr,
513719609,SARL BW IMMO,https://www.bwimmo.fr/,bwimmo.fr,
397422833,SARL Cabinet CORDIER,http://www.cabinetcordier.com/,cabinetcordier.com,
395380132,SARL CABINET RONDREUX,http://www.cabinet-rondreux.fr/,cabinet-rondreux.fr,
481528784,SARL CADR'IMMO,http://www.cadrimmo.com/,cadrimmo.com,
414631101,SARL COLLIN IMMOBILIER,https://www.collin-immobilier.com/,collin-immobilier.com,
819078577,SARL COTE PATIO IMMOBILIER PARENTIS EN BORN,http://www.cote-patio.fr/,cote-patio.fr,
750183790,SARL D.M. IMMOBILIER,http://www.duchein-mathaux-immobilier.com/,duchein-mathaux-immobilier.com,
488253949,SARL EXPANSION,https://www.agentimmo18.com/,agentimmo18.com,
798358347,SARL HANNA'S,http://hannas.fr/,hannas.fr,
801918236,SARL HERRANZ IMMOBILIER,http://www.herranz-immobilier.fr/,herranz-immobilier.fr,
434105698,SARL IM.CO.IMMOBILIER,http://www.imcosaintmalo.com/,imcosaintmalo.com,
533547287,SARL IMMO CONSEIL CARAIBES,http://www.iccdom.org/,iccdom.org,
410718712,SARL IMMOBILIERE DU GOLF,http://immobiliere-du-golf.fr/,immobiliere-du-golf.fr,
499470409,SARL IMPACT IMMO BOULOGNE,https://www.laresidence.fr/agences-immobilieres/boulogne-billancourt,laresidence.fr,
889634929,SARL LA BASTIDE AGENCE IMMOBILIERE,http://www.labastide-immobilier.com/,labastide-immobilier.com,
851183152,SARL TERRES DU ROUSSILLON,http://www.terresduroussillon.fr/,terresduroussillon.fr,
404736456,SARREGUEMINES IMMOBILIER,http://immobilier-sarreguemines.fr/,immobilier-sarreguemines.fr,
890307366,SARRO IMMOBILIER - EURL JADAM,http://www.sarroimmobilier.fr/,sarroimmobilier.fr,
812748242,SARTROUVILLE IMMOBILIER,http://www.sartrouvilleimmobilier.fr/,sartrouvilleimmobilier.fr,
801416116,SARZEAU IMMOBILIER,http://www.sarzeau-immobilier.fr/,sarzeau-immobilier.fr,
323355966,SAS AB GESTION IMMOBILIERE,http://www.gestionimmobiliere.fr/,gestionimmobiliere.fr,
450309224,SAS ACROPOLE TRANSACTIONS,http://www.acropoletransactions.fr/,acropoletransactions.fr,
852943935,SAS AGENCE DURIS IMMO,https://agencedurisimmo.com/,agencedurisimmo.com,
840185185,SAS ALLURE,https://www.allure.immo/fr,allure.immo,
823003959,SAS AZUREL IMMOBILIER,http://www.azurel.immo/,azurel.immo,
823140942,SAS CCI IMMOBILIER,https://www.cci-immo.fr/,cci-immo.fr,
418731741,SAS CEPROGIM COLIN,https://ceprogim-colin.immo/,ceprogim-colin.immo,
450609060,SAS CITIC,https://www.citic.fr/,citic.fr,
384393468,SAS COBATI ENTREPRISE,http://www.maisoncobati.fr/,maisoncobati.fr,
801169871,SAS Demeures en Perigord,http://www.demeuresenperigord.fr/,demeuresenperigord.fr,
834780199,SAS ELOGE IMMOBILIER,https://www.eloge.immo/,eloge.immo,
900908641,SAS FRATRIES,https://fratries.com/,fratries.com,
807382445,SAS LANKIDEAK,http://www.lankideak.immo/,lankideak.immo,
983010992,SAS LE SPECIALISTE IMMOBILIER,http://www.reseaulsi.fr/,reseaulsi.fr,
344453311,SAS LECOUTRE IMMOBILIER,http://www.lecoutre-immobilier.com/,lecoutre-immobilier.com,
431843697,SAS MAYA IMMO,http://www.maya-immo.com/,maya-immo.com,
990354342,SAS Millenium Properties,http://www.milleniumproperties.ch/,milleniumproperties.ch,
481624948,SAS MOBILITE LOGEMENT,http://www.mobilitelogement.com/,mobilitelogement.com,
532812955,SAS PREMIUM,https://www.loft.fr/,loft.fr,
100666650,SAS RVC Immobilier,http://wwww.rvc-etude.fr/,wwww.rvc-etude.fr,
889031134,SASSANA Immobilier,https://www.sassana-immo.fr/,sassana-immo.fr,
900154766,SASSI IMMOBILIER Agence Immobilière Indépendante,https://www.sassi-immobilier.fr/,sassi-immobilier.fr,
814487930,SASU CABINET NICOLAS BARTHE,https://cabinet-nicolasbarthe.fr/,cabinet-nicolasbarthe.fr,
881635007,SASU IMMOBILIERE DE LA HAUTE DORDOGNE,http://www.agencehautedordogne.fr/,agencehautedordogne.fr,
753229152,SB L'IMMOBILIERE D'ORSAY,https://www.immobiliere-orsay.fr/,immobiliere-orsay.fr,
326520574,SBM,http://www.sbm-immo.com/,sbm-immo.com,
834433807,SCAGLIARINO IMMOBILIER,http://www.scagliarino-immobilier.com/,scagliarino-immobilier.com,
815620463,SCALIS,http://www.scalis.fr/,scalis.fr,
344403787,SCCV MARINAA,https://marinaa-gravelines.fr/,marinaa-gravelines.fr,
802344457,SCELLOS IMMOBILIER,https://scellos-immobilier.com/,scellos-immobilier.com,
415173574,SCHARF IMMOBILIER,http://www.scharf-immobilier.com/,scharf-immobilier.com,
448302133,SCHMIDT WABNITZ IMMOBILIER,https://www.schmidt-wabnitz.com/Default.asp,schmidt-wabnitz.com,
491832937,SCI Beauval Village d'entreprises,https://www.village-entreprises-beaugency.fr/,village-entreprises-beaugency.fr,
402014120,SCI YOUBHAGYA,https://youbhagya.fr/,youbhagya.fr,
840405047,Scot'Immo,https://scotimmo.fr/,scotimmo.fr,
951662808,Scotimmo,https://www.scotimmoparis.fr/,scotimmoparis.fr,
058502329,SD'UP!,https://www.sdh.fr/sd-up,sdh.fr,
947979217,SDSIMMO L'AGENCE,https://www.sdsimmo.com/,sdsimmo.com,
882027071,SEB IMMO,http://www.sebimmo.fr/,sebimmo.fr,
428082606,Sebastien Silferi - VISITA,http://www.visita.immo/,visita.immo,
512378894,SEBIMMOBILIER,https://www.sebimmobilier.fr/,sebimmobilier.fr,
320218944,Secib Immobilier Rennes,http://secib-immobilier.com/,secib-immobilier.com,
300072576,Seckler Immobilier Colmar,https://www.immo-seckler.com/,immo-seckler.com,
307157693,SECRI,http://secri.fr/,secri.fr,
433644085,Securité Gestion Plus Immobilier,https://www.securitegestion.fr/,securitegestion.fr,
303544258,SEDEI,http://www.vitavi-immo.fr/,vitavi-immo.fr,
301100756,SEDELKA,https://www.sedelka.fr/,sedelka.fr,
841242670,SEEDS,https://www.seeds.immo/,seeds.immo,
822310124,SEEMO,https://www.seemo.fr/,seemo.fr,ancre retirée
336880604,SEFIC Immobilier,http://www.sefic.com/,sefic.com,
339619389,SEGERAD,http://www.segerad.fr/,segerad.fr,
335185146,SEGIME,https://www.segime.net/a-propos/,segime.net,
492103676,SEGRE IMMOBILIER,http://www.segreimmobilier.fr/,segreimmobilier.fr,
352909006,SEGUENOT IMMOBILIER,https://www.seguenot-immo.com/,seguenot-immo.com,
890299845,SEIXO IMMOBILIER,https://www.seixo-immobilier.fr/,seixo-immobilier.fr,
103126033,SELD,http://www.seldimmobilier.fr/,seldimmobilier.fr,
830076618,Select Azur Immobilier,http://www.select-azur-immobilier.com/,select-azur-immobilier.com,
834407728,SELECT INVEST IMMO,http://www.selectinvestimmo.com/,selectinvestimmo.com,
789103405,Select'Immo,http://www.selectimmovexin.com/,selectimmovexin.com,
335074779,SELECTION ARTISANALE,https://www.selectionartisanale.fr/,selectionartisanale.fr,
451492169,SELECTION IMMOBILIER,http://www.selection-immobilier04.com/,selection-immobilier04.com,
341067833,SELECTION IMMOBILIERE,http://www.jamesimmobilier.com/,jamesimmobilier.com,
434876371,SELECTION SUD IMMOBILIER,http://www.selectionsud.com/fr/,selectionsud.com,
804286102,SELEDEN IMMOBILIER,https://www.seledenimmobilier.fr/,seledenimmobilier.fr,
437986854,SELIKA,http://www.agence-selika.com/,agence-selika.com,
482110913,SELLAM IMMOBILIER,http://www.sellam-immobilier.com/,sellam-immobilier.com,
994156768,SELY,https://sely.pro/,sely.pro,
429618812,SEMENADISSE IMMOBILIER,http://www.semenadisse.fr/,semenadisse.fr,
820564755,SENECLAUZE IMMOBILIER CONSEIL,https://seneclauze-immobilier.fr/,seneclauze-immobilier.fr,
853809978,Sensée Immobilier,https://www.sensee-immobilier.fr/,sensee-immobilier.fr,
978913812,SEON Immobilier Bourg-Saint-Maurice,https://www.seon-immobilier.fr/,seon-immobilier.fr,
491582680,SEPIG,https://www.sepig-groupeimmobilier.com/,sepig-groupeimmobilier.com,
632003638,Sepimo,http://www.sepimo.fr/,sepimo.fr,
888638764,SerafiniIMMO,http://serafiniimmo.fr/,serafiniimmo.fr,
918169525,SERAPH IMMO,http://seraph-immo.com/,seraph-immo.com,
922548094,SEREA GESTION,https://groupe-serea.fr/serea-gestion/,groupe-serea.fr,
880106588,SERENITY,http://www.serenityimmobilier.fr/,serenityimmobilier.fr,
879991073,SERENITY IMMO,http://www.serenity-immo.net/,serenity-immo.net,
919465633,Serenity Immobilier,https://www.serenity-immo.fr/,serenity-immo.fr,
820873727,SERIMM,http://www.serimm.fr/,serimm.fr,
379858244,SERMACO IMMOBILIER,http://www.sermacoimmobilier.com/,sermacoimmobilier.com,
853995959,SERRANO IMMOBILIER,http://www.serrano-immobilier.com/,serrano-immobilier.com,
913629093,SERRE IMMOBILIER,http://www.serre-immobilier.fr/,serre-immobilier.fr,
939946505,SERVICES IMMOBILIERS,https://www.services-immobiliers.fr/,services-immobiliers.fr,
322395617,SESAM IMMOBILIER,https://sesam-immobilier.com/fr/,sesam-immobilier.com,
887921443,SESAME IMMOBILIER,http://www.sesame.immo/,sesame.immo,
584801625,SET,https://set.fr/,set.fr,
898432281,SETE IMMO,https://www.agence-seteimmo.com/,agence-seteimmo.com,
905339610,SETI IMMO,http://www.setiimmo.com/,setiimmo.com,
803602424,SEV'IMMO,https://www.sevimmo.fr/,sevimmo.fr,
829068493,Seven immobilier,http://www.seven-immo.com/,seven-immo.com,
535078166,SEVRE ET LOIRE IMMOBILIER,https://sevreetloireimmo.com/,sevreetloireimmo.com,
832288955,SEVREMOINE IMMOBILIER,https://www.sevremoineimmobilier.fr/,sevremoineimmobilier.fr,
818100737,SFEIR IMMOBILIER,http://www.sfeir-immobilier.fr/,sfeir-immobilier.fr,
529018319,SH CONSEIL IMMOBILIER ET PATRIMOINE,http://agenceshconseil.com/,agenceshconseil.com,
499097970,SHALLYD IMMOBILIER,http://shallyd-immobilier.com/,shallyd-immobilier.com,
520631748,SIA IMMOBILIER,https://www.siaimmobilier.fr/fr,siaimmobilier.fr,
537565715,SIAMO,https://www.siamo-immobilier.com/,siamo-immobilier.com,
453192593,SICRE Jean-Pierre,http://www.jps-immo.fr/,jps-immo.fr,
978334225,SIELLO,https://www.siello.co/,siello.co,
305233850,SIGA MARSEILLE,https://www.siga.fr/,siga.fr,
889817433,SIGNATUR,https://www.signatur-immobilier.fr/,signatur-immobilier.fr,
913602272,SIGNATURE Agence Immobilière,http://signatureimmobilier.com/,signatureimmobilier.com,
891516999,SIGNATURE IMMO,https://www.signature-immo.com/fr/,signature-immo.com,
383895372,SIGNATURE IMMOBILIER,http://www.signature-immobilier.com/,signature-immobilier.com,
949224620,SIGNATURE L'AGENCE IMMOBILIERE,http://www.signature-immo.fr/,signature-immo.fr,
548500768,SIIHE,http://www.siihe.com/,siihe.com,
793008186,SIKA IMMOBILIER,http://www.sika-immobilier.fr/,sika-immobilier.fr,
539538702,SILLINGY IMMOBILIER,http://www.sillingyimmobilier.com/,sillingyimmobilier.com,
321460370,SIM,http://www.agence-sim.fr/,agence-sim.fr,
435230461,SIMAB CONSEILS,http://www.simabconseils.com/,simabconseils.com,
834827040,SIMEKA IMMOBILIER,http://www.simekaimmo.fr/,simekaimmo.fr,
980763999,SIMMONE,http://simmone-immo.fr/,simmone-immo.fr,
808478846,SIMON & DEBUYSERIE Cie,https://www.simonetdebuyseriecie.com/,simonetdebuyseriecie.com,
441820537,SIMON IMMOBILIER,https://www.simon-immobilier.com/,simon-immobilier.com,
793511296,SIMON LACORD IMMOBILIER,http://www.simonlacordimmobilier.fr/,simonlacordimmobilier.fr,
809538663,SIMONET Immobilier,https://www.simonet-immobilier.com/,simonet-immobilier.com,
528730641,SIMONIN Agence Immobiliere,https://www.lamontagne.fr/immobilier/annuaire-professionnels/simonin-agence-immobiliere/SIMONIN-63400-2,lamontagne.fr,
981965486,Simons Immobilier,https://simonsimmobilier.fr/,simonsimmobilier.fr,
829647171,Simply-Up Immobilier,https://simply-up.fr/,simply-up.fr,
825294606,Simpl’immo,https://www.simpl-immo.fr/fr/,simpl-immo.fr,
918303603,SINDY MICOTS IMMOBILIER,http://micotsimmobilieruzes.com/,micotsimmobilieruzes.com,
908483522,Sinecera Immobilier,http://sinecera-immobilier.com/,sinecera-immobilier.com,
411291701,SINFONIA - Agence Immobilière,https://www.sinfonia.immo/,sinfonia.immo,
423693415,Sionneau Immobilier SARL,https://www.sionneau-immobilier.fr/,sionneau-immobilier.fr,
911883866,SISTOM,http://www.sistom.fr/,sistom.fr,
948465935,SIX-FOURS IMMO,https://www.sixfoursimmo.fr/,sixfoursimmo.fr,
822321899,SIXTINE Immobilier Bourgoin-Jallieu,https://www.sixtineimmobilier.fr/,sixtineimmobilier.fr,
982587248,SJ Solutions Immobilières,https://www.sjsolutionsimmobilieres.com/,sjsolutionsimmobilieres.com,
904962776,SKOOP,http://www.skoop-immobilier.fr/,skoop-immobilier.fr,
101095990,SKY IMMO,https://skyimmo26.vercel.app/,skyimmo26.vercel.app,
832116511,SL IMMOBILIER,http://www.slimmobilier.fr/,slimmobilier.fr,
841057235,SLDI,https://www.sldi-immobilier.com/,sldi-immobilier.com,
410532972,SM IMMOBILIER NARBONNE,http://www.smimmobiliernarbonne.com/,smimmobiliernarbonne.com,
884811258,Smart House Immobilier,http://smarthouse-immobilier.fr/,smarthouse-immobilier.fr,
803203686,Smart Proprio,https://smartproprio.fr/,smartproprio.fr,
900231309,smartup.immo,http://www.smartup.immo/,smartup.immo,
951665058,SMASH IMMOBILIER,http://smashimmo.com/,smashimmo.com,
444473375,SMCI EDITEUR IMMOBILIER,http://www.smci.fr/,smci.fr,
451023345,SN AGENCE MOLINARD,http://www.agencemolinard.com/,agencemolinard.com,
402083562,SNB IMMOBILIER,http://www.snb-immobilier.com/,snb-immobilier.com,
341826782,SNCF RETAIL & CONNEXIONS,https://territoires.placedelagare.sncf/,territoires.placedelagare.sncf,
444655955,SNG Extensia - Vente,https://www.sng-immobilier.com/,sng-immobilier.com,
921745717,SNV IMMOBILIER PRESTIGE,http://www.snvimmobilierprestige.com/,snvimmobilierprestige.com,
811018266,So' Link Conseil - Conseil Immobilier Orléans,https://www.solinkconseil.com/,solinkconseil.com,
511891137,SOAMCO,https://www.soamco.fr/index.php,soamco.fr,
310864970,SOCIETE HERREN IMMOBILIER,https://www.herren-immobilier.com/,herren-immobilier.com,
440272524,SOCIETE IMMOBILIERE DE TRETS,http://www.immobilier-trets.com/,immobilier-trets.com,
329151492,SOCIETE IMMOBILIERE DU MOULIN,http://www.sim-moulin.com/,sim-moulin.com,
401720594,SOCIETE POSEIDON,https://www.groupe-delacour.fr/,groupe-delacour.fr,
394824833,SOGEM - IMMOBILIERE FALGUIERE,https://www.sogem-immo.fr/votre-agence-a-toulouse/,sogem-immo.fr,
326314846,SOGEPA,https://www.sogepa-strasbourg.fr/,sogepa-strasbourg.fr,
326818762,SOGEPRIM BESANCON,http://www.sogeprim.fr/,sogeprim.fr,
479162117,SOGERIM,https://www.sogerim.fr/,sogerim.fr,
947250692,SOGIM,http://sogim-immobilier.com/,sogim-immobilier.com,
622920247,SOLAGI- MARTY BRUN IMMOBILIER,https://www.marty-brun-immobilier.com/,marty-brun-immobilier.com,
883528101,SOLEILUNA,https://soleiluna.fr/,soleiluna.fr,
978922052,SOLENE B IMMOBILIER,http://www.soleneb-immobilier.fr/,soleneb-immobilier.fr,
880568670,SOLID IMMO,http://www.solid-immo.com/,solid-immo.com,
444305452,SOLIS IMMOBILIER,http://www.solis-immobilier.fr/,solis-immobilier.fr,
310667654,Sologec Immobilier,https://www.agence-immobiliere-sologec.com/,agence-immobiliere-sologec.com,
835088485,SOLOGNE CONSEIL IMMOBILIER,http://www.sologne-conseil-immobilier.fr/,sologne-conseil-immobilier.fr,
884489741,Sologne Immobilier,https://www.sologne-immobilier.com/,sologne-immobilier.com,
890440134,SoluciO,https://solucio-immo.com/,solucio-immo.com,
910817444,Solutions Immo invest,http://www.solutionsimmoinvest.fr/,solutionsimmoinvest.fr,
752655761,SOLYGEST,https://www.solygest.com/,solygest.com,
315485896,SOMATRIM,https://www.immobiliersomatrim.fr/,immobiliersomatrim.fr,
804579571,SONADEV,https://www.sonadev.fr/,sonadev.fr,
103919395,SONIA OUASSIM - SIGNATURE IMMOBILIER,https://signatureimmobilier-so.fr/,signatureimmobilier-so.fr,
815031760,Soon Immo,https://www.soonimmo.fr/soonimmo/,soonimmo.fr,
513576348,SOPHIA BUSINESS CENTER,http://www.templiers-valley.com/,templiers-valley.com,
331788372,SOPHIE CHASSAGNE IMMOBILIER,http://www.sophiechassagneimmobilier.fr/,sophiechassagneimmobilier.fr,
533061354,SOPHIES 2 L'IMMOBILIER,http://www.sophies2immobilier.com/,sophies2immobilier.com,
487446866,SOQUET IMMOBILIER,http://www.soquetimmobilier.com/,soquetimmobilier.com,
894334887,SORGEL IMMOBILIER,http://sorgel-immobilier.com/,sorgel-immobilier.com,
482182904,SOULET Olivier,http://www.soulet-immobilier.com/,soulet-immobilier.com,
841572886,South Blue,http://www.bleudusud.fr/,bleudusud.fr,
344047600,SOVAMER COUDOULIERE,http://www.sovamer.fr/,sovamer.fr,
316139930,SOVI,https://www.sovi.fr/qui-sommes-nous,sovi.fr,
411678220,SOVIMO,https://sovimo-immobilier-confolens.fr/,sovimo-immobilier-confolens.fr,
877574731,SP IMMO,https://www.sp-immo.fr/,sp-immo.fr,
878285402,SPARN'IMMO,https://www.sparn-immo.fr/,sparn-immo.fr,
844555359,SPARRING IMMOBILIER,https://www.sparring-immobilier.fr/,sparring-immobilier.fr,
993273861,Spectre Immobilier,https://www.spectre-immobilier.fr/,spectre-immobilier.fr,
752073429,SPGRI,http://relocationguyane.com/,relocationguyane.com,
834983488,SPI Montargis Doree,https://montargis.stephaneplazaimmobilier.com/,montargis.stephaneplazaimmobilier.com,
885013136,SPME - Solution Pour Mon Entreprise,https://immopro.solution-pour-mon-entreprise.fr/,immopro.solution-pour-mon-entreprise.fr,
403836976,SPORTING IMMOBILIER LOCATIONS,http://www.sporting-immobilier.fr/,sporting-immobilier.fr,
851016964,Spot'immo,https://spotimmo-france.fr/,spotimmo-france.fr,
428246482,SPR IMMOBILIER,https://www.spr-immobilier.fr/,spr-immobilier.fr,
882925571,SPSB Pôle immobilier à Chateauneuf-du-Rhône,https://www.spsb-invest.com/,spsb-invest.com,
853575520,SPY IMMOBILIER,http://www.piesy-immobilier.fr/,piesy-immobilier.fr,
915165203,Square's international,https://www.squares-international.com/fr/,squares-international.com,
537810350,SR IMMOBILIER,https://www.sr-immobilier.com/,sr-immobilier.com,
514918432,SR IMMOBILIER - Immobilier d'Entreprise,https://www.srimmo-pro.fr/,srimmo-pro.fr,
420135444,ST BENOIT IMMOBILIER,http://www.stbenoitimmo.com/,stbenoitimmo.com,
404992422,ST GENIS IMMOBILIER,http://www.stgenisimmobilier.com/fr/,stgenisimmobilier.com,
910062686,STABILIS IMMOBILIER,https://stabilis-immobilier.fr/,stabilis-immobilier.fr,
451026603,STAND IMMO,https://www.standimmo.fr/,standimmo.fr,
434437729,Stanislas Immobilier,http://www.stanislas-immobilier.com/,stanislas-immobilier.com,
819724881,STARK IMMOBILIER,http://www.stark-immobilier.com/,stark-immobilier.com,
538736927,START'IMMO,http://start-immo.fr/,start-immo.fr,
879408987,STARTHOM Immobilier,http://www.starthom.fr/,starthom.fr,
400966594,Statim Immobilier34,https://www.statim-immobilier.fr/,statim-immobilier.fr,
453206005,STATION IMMO FRANCE,http://www.stationimmo.fr/,stationimmo.fr,
450898572,STAUB IMMOBILIER,http://www.staubimmo.com/,staubimmo.com,
341712974,STE FOY IMMOBILIER,http://www.lyonimmo.com/,lyonimmo.com,
515289007,STEBAS IMMOBILIER,https://www.stebasimmo.com/,stebasimmo.com,
829074624,STEINMETZ IMMOBILIER,https://www.steinmetz-immobilier.fr/,steinmetz-immobilier.fr,
831310503,STELLA PATR'IMMO,http://stellapatrimmo.com/,stellapatrimmo.com,
481885010,STELLANGEL Immobilier,http://www.stellangel.fr/,stellangel.fr,
817642135,STEPHAN CEREZO IMMOBILIER,http://www.sci.paris/,sci.paris,
477918627,STEPHANIE BRUYELLE IMMOBILIER,http://www.bruyelleimmobilier.com/,bruyelleimmobilier.com,
882562127,STEPHANIE CORNELIS IMMOBILIER,http://www.stephaniecornelisimmobilier.com/,stephaniecornelisimmobilier.com,
798032058,STEPHIMMO,http://www.stephimmo.fr/,stephimmo.fr,
835342833,STEPH’ IMMO,http://www.stephimmo.com/,stephimmo.com,
529981128,STG IMMOBILIER,https://v2.stgimmobilier.com/,v2.stgimmobilier.com,
377532346,STI Pernety,http://www.sti-immo.com/,sti-immo.com,
483061750,STIEGLER IMMOBILIER,https://www.stiegler-immobilier.fr/,stiegler-immobilier.fr,
987834702,STO'CAJ,https://stocaj.fr/,stocaj.fr,
791437239,STOA Agence Immo,http://www.agencestoa.fr/,agencestoa.fr,
802337907,STOCKY IMMOBILIER,https://www.stocky-immobilier.com/,stocky-immobilier.com,
878195072,STOREE RETAIL IMMOBILIER COMMERCIAL,https://www.storee-retail.com/,storee-retail.com,
411044365,STRATEGIE IMMOBILIER,http://www.strategie-immobilier.com/,strategie-immobilier.com,
835175365,StruKtur Immobilier,http://www.struktur-immobilier.com/,struktur-immobilier.com,
880831748,STUCKERT IMMOBILIER,http://www.stuckert-immobilier.fr/,stuckert-immobilier.fr,
912172160,Studio Ymô - Agence Immobilière Annecy,http://www.studioymo.fr/,studioymo.fr,
789097219,STYL'IMMOBILIER,http://www.styl-immobilier.fr/,styl-immobilier.fr,
484347232,STYLES,https://www.styles.fr/fr,styles.fr,
432051712,Stéphanie Grévin IMMOBILIER,https://www.sgrevin-immobilier.fr/,sgrevin-immobilier.fr,
494010358,SUBLIMO,http://www.agencesublimo.fr/,agencesublimo.fr,
828759365,SUBLIMONS TRANSACTIONS,https://www.sublimons.com/,sublimons.com,
822967634,SUCCESS HOUSE,https://www.successhouse.fr/,successhouse.fr,
937961498,Success Immo - Elyes BABOURI,https://www.successimmolyon.com/,successimmolyon.com,
413519273,SUCCESS IMMOBILIER,http://www.success-immobilier.com/,success-immobilier.com,
820365120,SUCCESS IMMOBILIER GACE,http://www.successimmobilier.com/,successimmobilier.com,
819366634,SUCCESS’IMMO,http://www.success-immo.fr/,success-immo.fr,
842606519,Suchet Immobilier,http://www.suchet-immobilier.fr/,suchet-immobilier.fr,
399549179,Sud Espace Immobilier,http://www.sudespaceimmobilier.com/,sudespaceimmobilier.com,
818815284,SUD LOIRE IMMO BLOIS,http://www.sudloireimmobilier.fr/,sudloireimmobilier.fr,
801842402,SUD LOIRE IMMOBILIER,http://www.sud-loire-immobilier.com/,sud-loire-immobilier.com,
493705222,SUD PROPRIETES,http://www.sudproprietes.com/,sudproprietes.com,
491700217,SUD SAINTE VICTOIRE IMMOBILIER,http://www.sudsaintevictoire.com/,sudsaintevictoire.com,
481953917,Sud Value,https://sudvalue.com/,sudvalue.com,
450974050,Sudprod Immo,http://www.sudprodimmo.com/,sudprodimmo.com,
847853256,SUFFREN IMMOBILIER,http://suffren-immobilier.com/,suffren-immobilier.com,
790238075,Sully Immobilier,http://www.sully-immobilier.fr/,sully-immobilier.fr,
429048770,SUN IMMOBILIA Cagnes-sur-mer,https://www.sunimmobilia.fr/,sunimmobilia.fr,
398460410,SUNKAZ,https://www.sunkaz.re/,sunkaz.re,
912004728,SUNNY HOUSE IMMOBILIER,https://www.sunnyhouseimmobilier.com/,sunnyhouseimmobilier.com,
519461453,SUNNYMMO ROMANECHE THORINS,http://www.sunnymmo.fr/,sunnymmo.fr,
895267128,SUNSET AVENUE,https://www.sunsetavenue.fr/fr/,sunsetavenue.fr,
891869596,SUNSET IMMO,http://www.sunsetimmo.fr/,sunsetimmo.fr,
818500415,SUPER BESSE IMMO,http://www.superbesse-immo.com/,superbesse-immo.com,
951843135,SUPER'B'IMMO BRIOUDE,https://www.superbimmo.com/,superbimmo.com,
342339769,SUPERFICIES,https://superficies.com/,superficies.com,
885223602,SUPERHOME,http://www.superhome.fr/,superhome.fr,
904926433,Sur les Toits Immobilier,https://www.surlestoits-immobilier.fr/,surlestoits-immobilier.fr,
921455945,Sur-mesure Immobilier,https://www.surmesure-immobilier.fr/,surmesure-immobilier.fr,
752552992,SURAULT IMMOBILIER PLELAN LE GRAND,http://www.surault-immobilier.fr/fr/,surault-immobilier.fr,
382269595,Suzanne Immobilier,http://www.suzanne-immobilier.com/,suzanne-immobilier.com,
803346873,SV IMMO,http://www.svimmo.fr/,svimmo.fr,
834192197,SV Immobilier,http://www.sv-immobilier.com/,sv-immobilier.com,
908655137,SVS ALSACE IMMOBILIER,https://www.svsalsaceimmobilier.fr/,svsalsaceimmobilier.fr,
941107781,SWAN & CO. IMMO,https://www.swanimmo.com/,swanimmo.com,
904998424,SWEET HOME,http://www.sweet-home-immo.com/,sweet-home-immo.com,
799416094,SWEET IMMO CORP.,http://www.sweetimmocorp.fr/,sweetimmocorp.fr,
802793885,SWELL immo Moliets,https://www.swell-immo.fr/,swell-immo.fr,
321469116,SWII,https://smartworldimmobilier.com/,smartworldimmobilier.com,
894967207,Sylogest,https://sylogest.fr/,sylogest.fr,
524979895,Sylvain GARDÈRES,https://sylvain-garderes.capifrance.fr/fr,sylvain-garderes.capifrance.fr,
834649766,SYLVIE BLANC IMMOBILIER,http://www.sylvieblancimmobilier.com/,sylvieblancimmobilier.com,
831589189,SYNALP IMMOBILIER,https://synalp-immobilier.fr/,synalp-immobilier.fr,
903883627,SYNDICAP IMMOBILIER,http://www.syndicap.fr/,syndicap.fr,
928028687,SYNDIXIA Immobilier,https://syndixia-immobilier.fr/,syndixia-immobilier.fr,
931287726,SYNERGIMO,https://www.synergimo.com/,synergimo.com,
804409423,SYNTHESE GESTION,https://www.synthese-gestion.com/,synthese-gestion.com,
485219075,SYSTEM PLUS Immobilier - Brétigny sur Orge,http://www.plus-immobilier.com/,plus-immobilier.com,
900620410,SZENTENDREI IMMOBILIER,http://www.szentendrei-immo.com/,szentendrei-immo.com,
483431086,Sélection Immobilier,http://www.selection-immobilier.com/,selection-immobilier.com,
811755172,Séléction Bordelaise,https://www.selectionbordelaise.immo/,selectionbordelaise.immo,
922204318,T'IMMO NIVERNAIS,https://www.timmonivernais.com/,timmonivernais.com,
839625753,T.R. IMMO,http://www.trimmo.fr/,trimmo.fr,
984671115,TABARY IMMOBILIER,http://tabaryimmobilier.com/,tabaryimmobilier.com,
510006554,TABONI TRANSACTIONS,https://www.cabinet-taboni.fr/,cabinet-taboni.fr,
849039383,TAILOR IMMO,https://www.tailorimmo.com/,tailorimmo.com,
789812633,TAILPIED immobilier,http://www.tailpied.fr/,tailpied.fr,
388786113,TAL CORPORATE,https://www.talcorporate.fr/,talcorporate.fr,
533642401,TALBOTIER IMMOBILIER,http://www.immobilier-ceyrat-chamalieres.com/,immobilier-ceyrat-chamalieres.com,
494356488,TALENTIS IMMO,http://www.talentis-immo.com/,talentis-immo.com,
539017236,TALLARD IMMO,http://www.tallard-immo.com/,tallard-immo.com,
839552932,TAM Immobilier,https://www.tam-immo.fr/,tam-immo.fr,
348734583,TANDEM,http://www.tandem.immo/,tandem.immo,
392936167,TANDEM IMMOBILIER,https://www.tandem-immobilier60.fr/,tandem-immobilier60.fr,
913038238,Tandem immobilier Dunkerque,https://www.tandem-immo.fr/,tandem-immo.fr,
451296552,Tanguy Immobilier,http://www.atanguy-immobilier.com/,atanguy-immobilier.com,
428915748,TARAVANT IMMOBILIER,http://www.taravantimmo.fr/,taravantimmo.fr,
389372590,TARRIOTTE IMMOBILIER,http://www.tarriotte-immobilier.com/,tarriotte-immobilier.com,
891516056,Tassin Immobilier,https://www.tassin-immobilier.com/,tassin-immobilier.com,
493661482,TAULIER IMMOBILIER,http://www.taulier-immobilier.fr/,taulier-immobilier.fr,
821213394,TAVERNY IMMO,http://www.taverny-immo.fr/,taverny-immo.fr,
904045077,TCB - IMMOBILIER D'ENTREPRISE,https://www.tcb-immobilier.com/,tcb-immobilier.com,
944991868,TD Immobilier,https://www.tdimmobilier.fr/,tdimmobilier.fr,
888579737,TEAM DE LA RADE Brest,https://www.kwocean.com/fr/2/chercher-bien/a-vendre,kwocean.com,
535229660,TEAM OUEST IMMOBILIER,http://www.team-ouest-immobilier.com/,team-ouest-immobilier.com,
848662904,TEAMFI,http://www.teamfi.fr/,teamfi.fr,
485052872,TECCELIA,https://teccelia.com/,teccelia.com,
441102878,TECH IMMOBILIER,https://www.techimmobilier.com/,techimmobilier.com,
820115640,TEISMANN IMMOBILIER,http://teismann.flatbay.fr/fr,teismann.flatbay.fr,
832406961,TEISSIMMO,https://www.teissimmo.com/,teissimmo.com,
531986073,TEKA IMMO,http://www.tekaimmo.com/,tekaimmo.com,
904776515,TEM Immobilier,https://tem-immobilier.fr/,tem-immobilier.fr,
398447565,TEMERAIRE IMMOBILIER,http://www.temeraire-immobilier.com/,temeraire-immobilier.com,
409407046,TEMPLUM IMMOBILIER,https://agencetemplum.com/fr/notre-agence,agencetemplum.com,
800320087,TEMPO IMMOBILIER,http://www.tempo-immo.com/,tempo-immo.com,
539091157,TENDANCE IMMO,http://www.tendanceimmo.com/,tendanceimmo.com,
918484643,TENDANCE IMMO,http://www.agence-tendanceimmo.com/,agence-tendanceimmo.com,
843294596,TENDANCE IMMO 05,http://tendanceimmo05.fr/,tendanceimmo05.fr,
527509699,Tendance Immobilier,http://www.tendance-immobilier.fr/,tendance-immobilier.fr,
442784674,TERACYTÉ BOURG EN BRESSE,https://www.teracyte-immobilier.fr/,teracyte-immobilier.fr,
921503751,TERAMATA,http://www.teramata.com/,teramata.com,
834644254,TEREMIS Gestion Immobilière,https://teremis.fr/,teremis.fr,
820125904,Terence Frank Real Estate | Nice,http://terencefrank.com/fr/,terencefrank.com,
422843821,Terimmo Atlantique,https://terimmo-atlantique.com/,terimmo-atlantique.com,
850626912,TERR'ALTA,https://www.terralta-immobilier.com/,terralta-immobilier.com,
799046073,TERR-IMMO,https://www.terr-immo.com/,terr-immo.com,
809108137,TERRA ALBERA - Agence Immobilière - Real Estate,http://www.terra-albera.com/,terra-albera.com,
977753078,TERRA COSTA IMMOBILIER,https://terra-costa-immobilier.com/fr/,terra-costa-immobilier.com,
902514355,TERRA FORUM,http://www.terraforum.immo/,terraforum.immo,
441309408,TERRA IMMOBILIER AJACCIO,http://www.terra-immobilier.com/AJACCIO/,terra-immobilier.com,
827617812,TERRA IMMOBILIER SOLENZARA,https://www.terraimmobiliersolenzara.com/,terraimmobiliersolenzara.com,
503458929,TERRA MARE IMMOBILIER,https://www.terra-mare-immobilier.fr/,terra-mare-immobilier.fr,
901309526,TERRA TRANSACTION,http://www.terra-transaction.com/,terra-transaction.com,
983090739,TERRA VILLA IMMO,https://www.terravillaimmo.com/,terravillaimmo.com,
498456367,TERRACOTA IMMOBILIER,http://www.terracota-immobilier.fr/,terracota-immobilier.fr,
492495155,TERRASSE DU SUD,https://www.terrassedusud.com/,terrassedusud.com,
814623815,Terrasse en ville la Ciotat,http://www.terrasse-en-ville.com/,terrasse-en-ville.com,
843450800,TERRAVENIR IMMOBILIER,http://www.terravenir-immobilier.fr/,terravenir-immobilier.fr,
481232106,TERRAVIA,http://www.terravia.fr/,terravia.fr,
309980977,TERRAZUR IMMOBILIER,http://www.terrazurimmo.com/,terrazurimmo.com,
500066642,Terre & Développement,https://www.terre-developpement.com/,terre-developpement.com,
899223697,TERRE & MER Immobilier,http://www.terreetmerimmo.com/,terreetmerimmo.com,
444136337,Terre bleue immobilier,https://www.terrebleueimmobilier.com/,terrebleueimmobilier.com,
789185675,TERRE D IMMO,http://terredimmo.fr/,terredimmo.fr,
909120263,TERRE DE BIENS,https://terredebiens.fr/fr/,terredebiens.fr,
518752803,TERRE DU SUD IMMOBILIER,http://www.terredusud-immobilier.com/,terredusud-immobilier.com,
515337673,Terre du Sud Ouest Bidart,http://www.terredusud-ouest.com/,terredusud-ouest.com,
793848615,TERRE ET MER DU SUD IMMOBILIER,http://www.terremerdusudimmo.com/,terremerdusudimmo.com,
448401786,TERRE ET MER IMMOBILIER,http://www.terremerimmo.com/fr/,terremerimmo.com,
445042625,TERRE ET TOIT,https://monterrain35.fr/,monterrain35.fr,
519289086,terre latine,https://terre-latine.com/index.php,terre-latine.com,
491761326,TERRE MARINE,http://www.agenceterremarine.com/,agenceterremarine.com,
913371134,TERRENLOT,https://www.terrenlot.com/saint-bueil/,terrenlot.com,
844689943,Terres & Toits Immobilier,https://www.terres-toits-immobilier.com/,terres-toits-immobilier.com,
495056723,TERRES ET DEMEURES DE NORMANDIE CORMEILLES,https://www.terresetdemeuresdenormandie.com/,terresetdemeuresdenormandie.com,
913776597,TERRES ET DOMAINES,https://www.terresetdomaines.com/,terresetdomaines.com,
833980956,TERRES ET PIERRES EN PERIGORD,http://www.immobilier-perigord.net/,immobilier-perigord.net,
537689507,TERRES LATINES IMMOBILIER,http://www.terreslatines.com/,terreslatines.com,
403161169,TERRES NOBLES,https://www.terresnobles.com/,terresnobles.com,
877728485,TERRIEN IMMOBILIER Agence Immobilière,http://www.terrien-immobilier.com/,terrien-immobilier.com,
531349421,TERROINE - IMMOBILIER T.GM Sarl,http://www.terroine-immobilier.com/,terroine-immobilier.com,
840062244,Terrésens,https://www.terresens.com/fr/accueil-terresens/,terresens.com,
985276476,TESS'IMMO,https://www.tessimmo.fr/,tessimmo.fr,
498482876,Tesserim,https://www.tesserim.com/,tesserim.com,
839034899,TETRIS IMMOBILIER,https://www.tetris-immobilier.com/,tetris-immobilier.com,
775545882,TEYSSIER CHRISTIN,http://www.teyssier-christin.com/,teyssier-christin.com,
753349893,TF IMMO,http://www.tfimmo.com/,tfimmo.com,
430143768,TFC IMMOBILIER,http://www.tfcimmobilier.com/,tfcimmobilier.com,
433767365,TGE IMMOBILIER,https://www.tge-immobilier.fr/,tge-immobilier.fr,
915180012,THALIS IMMOBILIER,http://www.thalis-immobilier.com/,thalis-immobilier.com,
839731569,THE HOME CLUB,http://www.gravier-immobilier.com/,gravier-immobilier.com,
849494521,THE HOME CLUB,http://www.the-home-club.com/,the-home-club.com,
899878581,THE HOME IMMOBILIERE,http://www.thehome-immobiliere.com/,thehome-immobiliere.com,
984610766,The IMMO TIMES,http://www.the-immotimes.com/,the-immotimes.com,
489070482,The Nest Immobilier,https://thenestimmo.fr/,thenestimmo.fr,
898544168,THE OTHER FLAT IMMOBILIER,https://theotherflat.com/,theotherflat.com,
850786567,THE OU CAFE IMMOBILIER,http://www.theoucafeimmobilier.com/,theoucafeimmobilier.com,
440744993,THE WEDGE IMMOBILIER,http://www.the-wedge.com/,the-wedge.com,
929336154,THEAMILLERS,https://www.theamillers.com/,theamillers.com,
890932122,Thela Immobilier,https://www.thela-immobilier.fr/,thela-immobilier.fr,
401161112,THELENE ENTREPRISES,http://www.thelene-entreprises.com/,thelene-entreprises.com,URL malformée corrigée
810816884,THEMEIS IMMOBILIER,https://www.themeis.fr/,themeis.fr,
801844317,THEODORE IMMOBILIER,https://www.theodore-immo.fr/,theodore-immo.fr,
881884845,THIBAUD VENET IMMOBILIER,http://www.thibaud-venet-immobilier.com/,thibaud-venet-immobilier.com,
910446772,THICENT GROUPE,https://www.thicent-groupe.com/,thicent-groupe.com,
819936378,THIDAM-IMMO,http://thidam-immo.fr/,thidam-immo.fr,
477715981,THIERRY BADIN IMMOBILIER,http://www.btimmo.com/,btimmo.com,
397928391,Thierry Bervas immobilier,https://www.tb-immobilier.fr/,tb-immobilier.fr,
452978729,THIERRY LANGLOIS IMMOBILIER,http://www.langlois-immobilier.com/,langlois-immobilier.com,
881873186,Thomas & Piron,http://www.thomas-piron.fr/,thomas-piron.fr,
952548469,THOMAS METIVIER IMMOBILIER,https://www.thomas-metivier.fr/,thomas-metivier.fr,
851380733,THOMAS WILLIS IMMOBILIER,https://www.thomaswillisimmobilier.com/,thomaswillisimmobilier.com,
952106763,THORR & VINCI,https://thorr-vinci.fr/,thorr-vinci.fr,
948902861,THOULOUZE IMMOBILIER,https://www.thoulouzeimmobilier.fr/,thoulouzeimmobilier.fr,
953565918,Ticket Immobilier,http://www.ticket-immo.fr/,ticket-immo.fr,
401383039,TIGRE IMMOBILIER,http://www.tigre-immobilier.fr/,tigre-immobilier.fr,
845009893,TIMER IMMOBILIER,https://www.timer-immobilier.fr/,timer-immobilier.fr,
994109908,TINY IMMO,https://tiny-taux-credit.fr/fr/page/agence-immobiliere,tiny-taux-credit.fr,
879949600,TIPASSE IMMO,http://www.tipasse-immo.fr//,tipasse-immo.fr,
530891548,TIPI IMMOBILIER,http://www.tipi-immobilier.com/,tipi-immobilier.com,
880398417,TiT immobilier,http://www.tit-immobilier.com/,tit-immobilier.com,
893480392,TITAN IMMOBILIER,http://www.titan-immobilier.fr/,titan-immobilier.fr,
898622477,TITANIUM IMMOBILIER,http://www.titanium-immo.fr/,titanium-immo.fr,
509715959,TITOM TRANSACTION,http://www.titom-transaction.fr/,titom-transaction.fr,
879927358,TIVOLI IMMOBILIER MEDOC,https://www.tivoli-immobilier-medoc.fr/,tivoli-immobilier-medoc.fr,
885358770,TNL Provence Immobilier,https://www.tnlprovence-immobilier.fr/,tnlprovence-immobilier.fr,
879894418,TOAH IMMOBILIER,http://www.toah-immobilier.fr/,toah-immobilier.fr,
992739920,TOIT & MOI,https://www.toit-et-moi.com/,toit-et-moi.com,
933394223,Toit & Tomette,https://toitettomette.com/about,toitettomette.com,
753884311,TOIT COMME VOUS,https://www.toitcommevous.com/,toitcommevous.com,
311009146,Toit Français agence conseil,https://toit-francais.fr/,toit-francais.fr,
948141056,TOIT POUR TOI,https://www.toitpourtoi.com/,toitpourtoi.com,
823146014,TOP IMMO,http://www.agencetopimmo.fr/,agencetopimmo.fr,
833979370,TOPIMMO,http://www.top-immo.fr/,top-immo.fr,
849446901,TOPS IMMOBILIER,http://www.topsimmo.fr/,topsimmo.fr,
430200832,TORRENS IMMOBILIER,http://www.immobilier82.fr/,immobilier82.fr,
882326374,TOTEM IMMO,https://www.totemimmo.fr/,totemimmo.fr,
797958410,Toul'house Immobilier,http://www.toulhouseimmobilier.fr/,toulhouseimmobilier.fr,
979845229,TOUL'IMMO,http://www.toul-immo.com/,toul-immo.com,
834554933,TOULON IMMOBILIER,https://toulon-immobilier.net/index.html,toulon-immobilier.net,
499101483,TOULOUSE IMMO CONSEIL,http://www.toulouse-immo-conseil.com/,toulouse-immo-conseil.com,
754098382,TOUR DES LACS - IMMOBILIER,http://www.tourdeslacs.com/,tourdeslacs.com,
684801293,TOURAINE LOGEMENT,https://www.touraine-logement.fr/,touraine-logement.fr,
993501121,TOURNAIRE IMMOBILIER,https://www.tournaireimmobilier.fr/,tournaireimmobilier.fr,
921848073,Tourneur Immobilier,https://www.tourneurimmobilier.fr/,tourneurimmobilier.fr,
790631162,TOURNIER IMMOBILIER,https://www.tournier-immobilier.fr/,tournier-immobilier.fr,
432974889,Tours Val de Loire Sotheby's International Realty,https://www.valdeloire-sologne-sothebysrealty.com/fr/,valdeloire-sologne-sothebysrealty.com,
529453029,TOURS’N GESTION IMMOBILIERE 37,https://gautard-immobilier.fr/index.html,gautard-immobilier.fr,URL normalisée
940830136,Tourves Immobilier,https://www.tourvesimmobilier.com/,tourvesimmobilier.com,
929391530,TOUT L'IMMO,http://www.toutlimmo.fr/,toutlimmo.fr,
419656780,TOUT L'IMMOBILIER,https://www.immobilier-labastide.com/,immobilier-labastide.com,
507451474,TOUT L'IMMOBILIER,https://www.toutlimmobilier-landes.com/,toutlimmobilier-landes.com,
499418390,Toutabitat,http://www.toutabitat.com/,toutabitat.com,
498491067,TOUTATISSIMMO,http://www.toutatissimmo.fr/,toutatissimmo.fr,
809815962,TOZZOLI IMMOBILIER,http://www.tozzoli-immobilier.fr/,tozzoli-immobilier.fr,
334382256,TRADI DEMEURES,http://tradi-demeures.com/,tradi-demeures.com,
798900148,TRADI-ART IMMOBILIER,https://tradi-art.fr/tradi-art/la-societe/,tradi-art.fr,
493063119,TRADIBATI,http://montelimar.tradibati.com/,montelimar.tradibati.com,
493063317,TRADIBATI,https://valence.tradibati.com/,valence.tradibati.com,
537860215,TRADIECO,https://www.tradieco.com/,tradieco.com,
528863053,TRANQUILLIMMO,https://www.tranquillimmo.fr/l-agence-tranquillimmo,tranquillimmo.fr,
479807695,TRANS' INNO,https://www.dominno-immobilier.fr/,dominno-immobilier.fr,
514367978,TRANS'ACTIF,https://www.transactif-immobilier.fr/fr/,transactif-immobilier.fr,
321897340,TRANSAC IMMO,http://www.zabelimmo.fr/transac-immo-barbizon-163,zabelimmo.fr,
445244049,Transac'Immo,http://www.transac63.fr/,transac63.fr,
988299673,TRANSAC'IMMO,https://www.transac-immo.com/,transac-immo.com,
894736883,TRANSAC'IMMOBILIER,http://transacimmobilier.fr/,transacimmobilier.fr,
511537136,TRANSACOM,http://www.transacom.com/,transacom.com,
832043418,Transaction Diffusion Immobilier,https://www.diffusion-immobilier.com/,diffusion-immobilier.com,
989880547,TRANSACTION GRAND OUEST,https://transactiongrandouest.fr/,transactiongrandouest.fr,
910325893,TRANSACTION PASSION IMMOBILIER,https://www.transactionpassionimmobilier.com/,transactionpassionimmobilier.com,
519465173,TRANSACTION-IMMO37.COM,http://www.transaction-immo37.com/,transaction-immo37.com,
399818012,Transactions & Locations Immobilière,http://tli-immobilier.com/,tli-immobilier.com,
533507158,TRANSAGEST,http://www.transagest.com/,transagest.com,
453335671,Transalpes Immobilier Malakoff,http://www.transalpesimmobilier.fr/,transalpesimmobilier.fr,
823748215,TRANSAXIO ALSACE LORRAINE,https://www.transaxio.fr/,transaxio.fr,
508902418,TRANSMICIBLE,http://www.transmicible.com/,transmicible.com,
931218945,Trans’Acte immobilier,https://www.transacte-immobilier.fr/,transacte-immobilier.fr,
978557379,TRASSUD IMMOBILIER,http://www.trassudimmo.fr/,trassudimmo.fr,
939267886,TRINNITY IMMOBILIER,http://www.immotrinnity.fr/,immotrinnity.fr,
809061005,TRIPLEX,http://www.tripleximmobilier.fr/,tripleximmobilier.fr,
793777897,TRISKEL IMMOBILIER,http://www.triskel-immo.com/,triskel-immo.com,
812087781,TROPIS IMMOBILIER,http://www.tropis-immobilier.fr/,tropis-immobilier.fr,
849945225,Troyes Champagne Immobilier,http://www.troyes-champagne-immobilier.fr/,troyes-champagne-immobilier.fr,
981340219,TRUSTIFY,https://trustifygroup.fr/,trustifygroup.fr,
925330144,TRYBE IMMO 34,http://www.trybe.immo/,trybe.immo,
509017687,TSI LANNEMEZAN,http://www.tsilannemezan.com/,tsilannemezan.com,
938550688,TTCH IMMOBILIER,https://www.ttch-immo.com/,ttch-immo.com,
749964656,TUC IMMOBILIER SAINT AMBROIX,http://www.saint-ambroix.letuc.com/,saint-ambroix.letuc.com,
424523637,TURONE IMMOBILIER,https://www.turoneimmobilier.com/content/1/notre-agence.html,turoneimmobilier.com,
897973111,TURQUOISE LOCATION,https://turquoiselocation.fr/,turquoiselocation.fr,
927905984,TYPI IMMOBILIER,https://www.typi-immobilier.bzh/,typi-immobilier.bzh,
845269620,TYPIQUEMENT IMMO,https://www.typiquement-immo.fr/,typiquement-immo.fr,
948337936,UBIREAL,https://www.ubireal.fr/,ubireal.fr,
850300286,UN JOUR UN BIEN IMMOBILIER,http://www.unjourunbien.com/,unjourunbien.com,
902837962,UN L DEUX C IMMO,http://www.clc-immo.com/,clc-immo.com,
853615359,UN NOUVEAU CHEZ VOUS,http://www.unnouveauchezvous.fr/,unnouveauchezvous.fr,
883960460,Un Palmier Dans La Cour,https://www.unpalmierdanslacour.com/,unpalmierdanslacour.com,
513923730,UN TOIT EN PROVENCE,http://www.untoitenprovence.com/,untoitenprovence.com,
833372782,Un Toit et Vous,https://www.untoitetvous-bordeaux.fr/,untoitetvous-bordeaux.fr,
680201365,UN TOIT POUR TOUS,http://www.untoitpourtous.fr/,untoitpourtous.fr,
851188433,"Un toit, une histoire...",http://www.untoitunehistoire.fr/,untoitunehistoire.fr,
478173388,URBA SUD CONCEPT,https://www.urbasudconcept.com/,urbasudconcept.com,
529800088,URBAN IMMO,http://www.urbanimmo.com/,urbanimmo.com,
511375461,URBAN IMMOBILIER,http://www.urbanimmobilier.fr/,urbanimmobilier.fr,
908709009,URBAN PRO GESTION,http://www.urbanpro.fr/,urbanpro.fr,
352588727,URBAT,https://www.urbat.com/,urbat.com,
903205888,UXCO,https://www.uxco.com/,uxco.com,
917506073,V&F IMMO,http://v-fimmo.com/,v-fimmo.com,
323354746,V.I.A,http://www.agencevia.com/,agencevia.com,
480230960,V.O IMMOBILIER,https://www.voimmobilier.fr/,voimmobilier.fr,
500069943,VAILLANT IMMOBILIER,http://www.vaillant-immobilier.com/,vaillant-immobilier.com,
888116019,VAISON VENTOUX IMMOBILIER,https://www.vaisonventouximmo.fr/,vaisonventouximmo.fr,
851850446,Val 60 - Agence Immobilière Clermont,https://www.al60.com/,al60.com,
309989226,VAL D YERRES IMMOBILIER,http://www.vy-immobilier.com/,vy-immobilier.com,
271800013,Val de Berry,http://www.valdeberry.fr/,valdeberry.fr,
794512087,VAL DE ROLAND,http://immo-valderoland.fr/,immo-valderoland.fr,
414097162,VAL DE SAONE TRANSACTIONS,https://immobilier-vst.com/,immobilier-vst.com,
382383206,VAL IMMOBILIER MAISSE,http://www.val-immo.com/,val-immo.com,
908877368,VAL SAVOIE IMMOBILIER - VSI,http://www.valsavoieimmobilier.com/,valsavoieimmobilier.com,
344796701,Val Transaction,https://www.val-transactions.com/,val-transactions.com,
831871892,VAL''IMMOPRO Immobier Commerces & Entreprises,http://val-immopro.com/,val-immopro.com,
929937993,Val'immo by Valérie & Alexandre,https://www.val-immo.fr/fr/,val-immo.fr,
815057187,Val'Neige Immobilier,http://www.valneige-immobilier.com/,valneige-immobilier.com,
845159094,VALADE IMMOBILIER,https://www.valadeimmobilier.fr/fr,valadeimmobilier.fr,
524184785,VALAT LES 2 ALPES,http://www.vallat-elegance.com/fr/agence-immobiliere/les-2-alpes/vallat-les-deux-alpes/60658229CC401123987665,vallat-elegance.com,
423847649,VALBERG AGENCE,http://www.valberg-agence.com/,valberg-agence.com,
800053779,VALCOR IMMO,http://www.valcorimmo.fr/,valcorimmo.fr,
921002515,VALENCAY IMMOBILIER,http://www.valencay-immo.com/,valencay-immo.com,
487676025,Valenti Immobilier,http://www.valenti-immobilier.com/,valenti-immobilier.com,
953329737,Valentimmo - Agence immobilière Neuilly-Plaisance,https://www.valentimmo.com/,valentimmo.com,
943370122,VALENTIN REAL ESTATE,https://www.valentinrealestate.fr/,valentinrealestate.fr,nom corrigé
344503784,VALENTINO IMMOBILIER,http://www.valentino-immobilier.com/,valentino-immobilier.com,
910942499,VALERIE AUBRIT IMMOBILIER,https://www.valerieaubritimmobilier.fr/,valerieaubritimmobilier.fr,
443233176,VALERIE GIGON IMMOBILIER,http://www.gigon.immo/,gigon.immo,
881058796,VALERIE HERBELOT IMMOBILIER,http://www.valerieherbelot.com/,valerieherbelot.com,
517413696,VALERIE LORENZO VOTRE AGENCE IMMOBILIERE,http://valerielorenzoimmobilier.com/,valerielorenzoimmobilier.com,
514538446,VALERIE VINEL IMMOBILIER,https://www.valerievinelimmobilier.com/,valerievinelimmobilier.com,
879294650,VALEUR AJOUTEE,http://www.valeurajoutee.immo/,valeurajoutee.immo,
914343041,VALEURS ET EXPERT : Agence immobilière solidaire,http://www.valeurs-et-expert.fr/,valeurs-et-expert.fr,
850116229,VALEURS ET PATRIMOINE,https://www.vep.immo/,vep.immo,
750215014,VALEURS IMMOBILIERES 31,http://valeursimmobilieres31.com/,valeursimmobilieres31.com,
423191287,VALEURS SURES,https://www.valeurs-sures.net/,valeurs-sures.net,
798273173,VALIMOVIA,http://www.valimovia.fr/,valimovia.fr,
792081523,VALLAT IMMOBILER ANNECY,https://www.immo-lacs.com/,immo-lacs.com,
510949027,VALLAT IMMOBILIER,http://www.vallatimmo.com/,vallatimmo.com,
482719333,VALLEE VERTE IMMOBILIER,http://www.vvimmobilier.com/nous-contacter.htm,vvimmobilier.com,
344083274,VALLET IMMOBILIER,http://www.valletimmobilier.com/,valletimmobilier.com,
382156800,VALLET IMMOBILIER,http://www.vallet-immobilier.fr/,vallet-immobilier.fr,
949916803,VALMI,https://valmi-expert.fr/,valmi-expert.fr,
823097597,Valmorel Immobilier,http://www.valmorel-location-immobilier.com/,valmorel-location-immobilier.com,
353462500,VALMY IMMOBILIER,https://valmy-immobilier.com/fr/,valmy-immobilier.com,
813561867,VALOIS IMMOBILIER,http://www.nvalois-immobilier.fr/,nvalois-immobilier.fr,
823123963,VALOPARK,https://www.valopark.fr/,valopark.fr,
813230786,VALORIANCE GESTION,http://valoriance-gestion.fr/,valoriance-gestion.fr,
512369141,VALORIS IMMOBILIER,https://www.valoris-immobilier.fr/,valoris-immobilier.fr,
845176619,VALORISER SON BIEN,https://valorisersonbien.com/,valorisersonbien.com,
878116607,VALOSTONE INTERNATIONAL,https://www.valostone-international.com/,valostone-international.com,
979974052,ValSud Valorisation Sud Immobilier,https://www.valsud.fr/,valsud.fr,
794601427,VALTEOS,http://www.valteos.fr/,valteos.fr,
911715985,VALTIS - AGENCE IMMOBILIERE SAINT CAST LE GUILDO,http://www.valtis.net/,valtis.net,
910581768,VALUCIAN,https://www.valucian.fr/,valucian.fr,
914394192,Valuo,https://www.valuo.immo/,valuo.immo,
849233002,ValYou&Home,https://www.valyouandhome.com/,valyouandhome.com,
449451954,Valérie Duparque Immobilier,https://www.valerie-duparque-immobilier.com/,valerie-duparque-immobilier.com,
898878756,Valérie Fermé Immobilier,https://www.valeriefermeimmobilier.com/,valeriefermeimmobilier.com,
915263875,Valéus – Transactions immobilières,https://valeus.fr/,valeus.fr,
389303363,VAN DEN IMMOBILIER,http://vandenimmobilier.fr/,vandenimmobilier.fr,
412118762,VARCES IMMOBILIER,http://www.varces-immobilier.fr/,varces-immobilier.fr,
948904974,VARTEM,http://www.vartem.fr/,vartem.fr,
953707478,VASTIMMO,https://www.vastimmo.fr/,vastimmo.fr,
982450017,VATINE IMMOBILIER,http://www.vatineimmobilier.fr/,vatineimmobilier.fr,
950907360,VAUBAN IMMOBILIER,http://www.vaubanimmo.fr/,vaubanimmo.fr,
381306430,VAUHALLAN IMMOBILIER,https://vauhallan-immobilier.fr/,vauhallan-immobilier.fr,
433850765,Vaultier Dupuy Immobilier (Sas),http://www.vdimmo.com/,vdimmo.com,
907480321,VAULTIER IMMOBILIER LORIENT,https://www.vaultier.immo/,vaultier.immo,
850584988,VBA Immobilier,https://www.propriogagnant.com/,propriogagnant.com,
484946306,VDB IMMOBILIER,http://www.vdb-immobilier.com/,vdb-immobilier.com,
795098425,VDH NORD-IMMOBILIER,http://www.vdh-nord-immobilier.com/,vdh-nord-immobilier.com,
913137659,VdoubleV immobilier,https://www.vdoublev.com/,vdoublev.com,
102534070,VENDEZ SMART,https://vendezsmart.fr/,vendezsmart.fr,
918985086,VendezBien.fr,http://www.vendezbien.fr/,vendezbien.fr,
929269330,VENDEZVOTREBIEN.COM,http://www.vendezvotrebien.com/,vendezvotrebien.com,
450566096,Vendimo,https://www.vendimo.fr/,vendimo.fr,
498193945,VENDOME IMMOBILIER,http://www.vendome-immobilier.fr/,vendome-immobilier.fr,
433291507,Vendome Immobilier Bordelais,https://vendome-immo.com/,vendome-immo.com,
835300476,Vendre Ma Défisc,http://www.aquitaineconsultingimmobilier.com/,aquitaineconsultingimmobilier.com,
445390339,VENELLES IMMOBILIER,http://www.venelles-immobilier.com/,venelles-immobilier.com,
750425894,VENTU IMMO,http://www.ventuimmo.com/fr/,ventuimmo.com,
351986336,VERCORS IMMOBILIER MONTAGNE,https://vercors-immobilier-montagne.com/,vercors-immobilier-montagne.com,
798859005,VERDON IMMOBILIER,http://verdonimmo.com/,verdonimmo.com,
517638623,VEREECKE IMMOBILIER,https://vereecke-immobilier.com/,vereecke-immobilier.com,
801776311,VERFEIL IMMOBILIER,http://www.verfeilimmobilier.fr/,verfeilimmobilier.fr,
980430169,VERGARA immobilier,http://www.vergaraimmobilier.com/,vergaraimmobilier.com,
792600470,VERGOZ IMMOBILIER,https://taplink.cc/vergozimmobilier,taplink.cc,paramètres de suivi retirés; site tiers (pas le site propre de l'agence) — à vérifier
898697958,VERITABLE IMMOBILIER,https://www.veritableimmobilier.com/,veritableimmobilier.com,
888640059,VERLINGHEM IMMOBILIER,https://www.0320-immo.fr/,0320-immo.fr,
902099985,VERNAY IMMOBILIER,http://vernay-immobilier.com/,vernay-immobilier.com,
481278141,VERNET IMMOBILIER,https://www.vernetimmo.com/fr,vernetimmo.com,
397933227,VERNON IMMOBILIER,http://www.vernon-immobilier.fr/,vernon-immobilier.fr,
509027959,VERONIQUE COSTAZ IMMOBILIER,http://www.costaz-immobilier.com/,costaz-immobilier.com,
894834209,VERS L'IMMOBILIER,https://www.verslimmobilier.fr/,verslimmobilier.fr,
751021205,VERSION IMMOBILIER,http://www.version-immobilier.com/,version-immobilier.com,
515061174,Versus Immobilier,http://www.versus-immobilier.com/,versus-immobilier.com,
841725427,VERT ET BLEU IMMOBILIER,http://www.vertetbleuimmobilier.com/,vertetbleuimmobilier.com,
502158058,VERT-IMMO,http://www.vert-immo.com/,vert-immo.com,
431397702,VESOUL IMMOBILIER,http://www.vesoul-immobilier.com/,vesoul-immobilier.com,
983104175,VEST'IMMO,https://vest-immo.fr/,vest-immo.fr,
480087956,Vesta Immobilier,https://www.vestaimmo.fr/,vestaimmo.fr,
514605773,Vesta Immobilier,http://www.vestaimmobilier.net/,vestaimmobilier.net,
488507930,VESTER Immobilier,http://www.vester.fr/,vester.fr,
841559677,VESUBIE IMMO,http://www.vesubie-immo.com/,vesubie-immo.com,
925308546,Veyre chez vous,https://www.veyrechezvous.fr/,veyrechezvous.fr,
909644452,VEZERE IMMO,https://www.vezere-immo.fr/,vezere-immo.fr,
423354810,VF CONSEILS - FRITSCH IMMOBILIER,http://www.fritsch-immobilier.com/,fritsch-immobilier.com,
882933781,VIA DOMITIA IMMOBILIER,http://www.viadomitia-immo.com/,viadomitia-immo.com,
815275094,Via Humanis Immobilier,https://www.via-humanis-immo.fr/,via-humanis-immo.fr,
949867857,Via Strasbourg,https://www.via-acc.com/,via-acc.com,
381170216,VIA SUD IMMOBILIER,https://www.viasud.fr/,viasud.fr,
452600711,VIABILIS,http://www.viabilis.fr/,viabilis.fr,
941592099,VIAGICI,https://www.viagici.fr/,viagici.fr,
383098266,VIALAN IMMOBILIER,http://www.vialan.fr/,vialan.fr,
937749661,VIC'IMMO,http://vic-immo63.com/,vic-immo63.com,
908560394,VICHY TRANSACTIONS,https://www.vichy-transactions.com/avis-clients,vichy-transactions.com,paramètres de suivi retirés
420867186,VICTOIRE IMMOBILIER,http://www.victoire-immo.fr/,victoire-immo.fr,
852954742,Victor & Richard Immobilier,https://www.victoretrichard.fr/,victoretrichard.fr,
902585199,VICTOR GESTION,https://www.victor-gestion.com/,victor-gestion.com,
921632360,VICTORIA ATHENA,http://www.grandoursimmo..fr/,grandoursimmo..fr,
885404624,Victoria Hayden Homes,https://www.victoria-hayden-homes.com/,victoria-hayden-homes.com,
848436200,Victoria Immobilier,https://www.victoria-immobilier.com/,victoria-immobilier.com,
414589705,VICTORIA KEYS,https://reims.victoria-keys.com/,reims.victoria-keys.com,
931201222,VIDYA IMMOBILIER,http://www.vidya-immobilier.fr/,vidya-immobilier.fr,
530984939,VIERZON IMMOBILIER 18,http://www.vierzon-immobilier-18.com/,vierzon-immobilier-18.com,
390606960,VIGIER IMMOBILIER,http://www.immo-vigier.com/,immo-vigier.com,
813045002,VIGNAC Mélanie,https://melanie-vignac.optimhome.com/fr,melanie-vignac.optimhome.com,
907550669,VIL'ACT,https://vil-act.fr/,vil-act.fr,URL d'administration/identifiants retirés (racine conservée)
824007090,VILAE IMMOBILIER,https://www.vilae.fr/,vilae.fr,
842939647,VILLA MARINE,https://www.villamarine.immo/,villamarine.immo,
752510552,VILLADEALE,https://www.villadeale.fr/,villadeale.fr,
483182341,VILLAGE IMMOBILIER,http://www.levillage.immo/,levillage.immo,
533613972,Village Immobilier,https://www.villageimmobilier.fr/,villageimmobilier.fr,
842953333,VILLAS ET MAISONS L'AGENCE,http://www.villasetmaisonslagence.fr/,villasetmaisonslagence.fr,
318697208,VILLE RENOUVELEE,http://www.ville-renouvelee.fr/opportunites-implantation/,ville-renouvelee.fr,
818784720,VILLEBOIS IMMOBILIER,https://villebois-immobilier.com/,villebois-immobilier.com,
419056205,VILLEJEAN BEAUREGARD IMMOBILIER,http://www.villejean-beauregard-immobilier.fr/,villejean-beauregard-immobilier.fr,
985080670,VILLEMONT IMMOBILIER,https://www.villemontimmobilier.fr/,villemontimmobilier.fr,
438719940,VILLES ET VILLAGES CREATIONS,https://www.villesetvillagescreations.com/,villesetvillagescreations.com,
901936740,VIMMO,http://www.agencevimmo.com/,agencevimmo.com,
530074574,Vincent FLOURET Proprietes-privees,https://www.flouretimmobilier.fr/,flouretimmobilier.fr,
901066415,Vincent Jos Immobilier,https://vincentjos-immobilier.com/fr/,vincentjos-immobilier.com,
808840524,VINCENT PRAZ IMMOBILIER & SOLUTIONS PATRIMONIALES,https://www.agencepraz-megeve.fr/,agencepraz-megeve.fr,
423565159,VIP BOURGOGNE IMMOBILIER,https://vip-bourgogne-immobilier.com/,vip-bourgogne-immobilier.com,
891205569,VIRGILE IMMOBILIER,https://www.virgile.immo/,virgile.immo,
482556123,VISIANCE IMMOBILIER,https://www.visiance.immo/,visiance.immo,
844246405,VisioImmo Sassenage,http://www.visioimmo.fr/,visioimmo.fr,
520596966,VISION IMMO,http://www.vision-immo.fr/,vision-immo.fr,
928270313,VISION IMMOBILIER,https://www.visiongroupeimmobilier.com/fr,visiongroupeimmobilier.com,
844932285,Visite & Co,http://www.visite-andco.fr/,visite-andco.fr,
487438335,Vital Immo 33,https://www.vitalimmo33.com/,vitalimmo33.com,
888050598,VITIS IMMOBILIER,https://www.vitisimmobilier.fr/,vitisimmobilier.fr,
843968280,VIVET IMMOBILIER,http://www.vivetimmobilier.com/,vivetimmobilier.com,
831904040,VIVRE AUX SABLES Immobilier,https://www.votre-loc.fr/vente+immobilier.html,votre-loc.fr,
513853598,VIVRE EN BEAUJOLAIS - Sauverzac Immobilier,https://www.vivre-en-beaujolais.com/,vivre-en-beaujolais.com,
888748530,VIVRE EN MORVAN,http://www.vivre-en-morvan.fr/,vivre-en-morvan.fr,
521847277,VKS Immobilier,http://www.vks-immobilier.com/,vks-immobilier.com,
904037256,VM IMMOBILIER,https://www.vmimmo2607.com/,vmimmo2607.com,
533819413,VMA IMMO,http://www.vma-immo.com/,vma-immo.com,
899352413,VO IMMO,http://www.vo-immo.fr/,vo-immo.fr,
904643053,VOILA IMMOBILIER,https://www.voilaimmobilier.fr/,voilaimmobilier.fr,
931660096,VOIR IMMO,https://voir-immo.fr/,voir-immo.fr,
502310758,VOISIN IMMOBILIER,http://www.voisin-immobilier-dijon.com/,voisin-immobilier-dijon.com,
529740706,VOISINE IMMOBILIER,http://www.voisine-immobilier.com/,voisine-immobilier.com,
978987766,Voisins Immobilier,https://www.voisins-immo.com/,voisins-immo.com,
941589939,VOLKANIS IMMOBILIER,https://www.volkanis-immobilier.fr/estimation,volkanis-immobilier.fr,
100509967,VOLTAIRE GESTION IMMO,http://www.vgi-immo.fr/,vgi-immo.fr,
828606384,Voltaire Immobilier Aubagne,https://voltaireimmo.com/fr/,voltaireimmo.com,
438582033,VOLVESTRE IMMOBILIER,http://www.volvestre-immobilier.com/,volvestre-immobilier.com,
910904739,Vos agent ont du cœur,http://www.vosagentsontducoeur.com/,vosagentsontducoeur.com,
911666287,VOS AGENTS,http://www.vosagents.fr/,vosagents.fr,
949416101,VOS IMMOBILIERES,http://www.vosimmobilieres.fr/,vosimmobilieres.fr,
902643923,Vos Projets Immo - Hélene Besson Agent Immobilier,https://www.vosprojetsimmo-besson.com/,vosprojetsimmo-besson.com,
879994796,VOSA IMMOBILIER,http://www.vosa-immobilier.com/,vosa-immobilier.com,
527635783,VOTRE ACHAT IMMOBILIER.COM,http://www.votreachatimmobilier.com/,votreachatimmobilier.com,
507939171,VOTRE AGENCE IMMO FR,http://www.votre-agence-immo.fr/,votre-agence-immo.fr,
903115756,VOTRE BIEN,https://www.votrebien-immo.fr/,votrebien-immo.fr,
520773227,Votre Immobilier Pornicais,https://www.votreimmobilierpornicais.fr/,votreimmobilierpornicais.fr,
850816992,VOURION IMMOBILIER,https://www.vourion-immobilier.com/,vourion-immobilier.com,
538239518,VOUS LOGER IMMO,http://www.vouslogerimmo.com/,vouslogerimmo.com,
983793944,VOXIMO,https://www.voximo.fr/,voximo.fr,
524682465,VPI,https://pmpi-vpi.immo/,pmpi-vpi.immo,
847810876,VPS RESIDENTS TEMPORAIRES,https://www.vps-protectionparoccupation.fr/devenir-resident,vps-protectionparoccupation.fr,
898704630,VR FRANCE IMMOBILIER,https://urlr.me/!VRFI,urlr.me,
491588984,VR immobilier,https://www.vr-immobilier.com/notre-agence,vr-immobilier.com,
940306871,VR TRANSACTIONS,http://www.vrtransactions.fr/,vrtransactions.fr,
890232846,VRC IMMO',https://www.vrcimmo.fr/,vrcimmo.fr,
487380255,VRIGNAUD & BIRON IMMOBILIER SAINT HILAIRE DE RIEZ,https://www.vrignaudbiron.com/,vrignaudbiron.com,
497805069,VS CONSEILS,https://vs-conseils.com/,vs-conseils.com,
921884656,Vue Ouest immobilier,https://vueouestimmo.fr/,vueouestimmo.fr,
510063845,Vue sur Parc,http://www.vuesurparc.com/,vuesurparc.com,
829282524,VUES D'AZUR,http://www.vuesdazur.com/,vuesdazur.com,
932511660,WAHOU IMMOBILIER,https://www.wahou.immo/,wahou.immo,
903449262,WEEMYS,https://www.weemys.fr/,weemys.fr,
489891176,WEISS IMMOBILIER,https://www.weissimmo.com/,weissimmo.com,
498760958,Welchome Bourgogne,https://welchomebourgogne.com/,welchomebourgogne.com,
439056565,WELCOME IMMOBILIER,https://www.welcome-immobilier.com/,welcome-immobilier.com,
893341545,WELK'HOME Immobilier,https://welk-home.com/,welk-home.com,
798630828,Well'C'Home Agence immobilière,http://www.wellc-home-immobilier.com/,wellc-home-immobilier.com,
884676545,WellCome Immobilier Agence G. Bouvier,http://www.wellcome-immobilier.fr/,wellcome-immobilier.fr,
499630507,WELLER IMMOBILIERE,http://www.wellerimmo.fr/,wellerimmo.fr,
881819684,WELLOW,http://www.wellowhouse.com/,wellowhouse.com,
507835254,WG Immo,http://wgimmo.fr/,wgimmo.fr,
699800157,WHITE BIRD,https://www.whitebird.immo/,whitebird.immo,
524883949,White Immo,http://www.whiteimmo.com/,whiteimmo.com,
902966977,Wilok,https://www.wilok.fr/,wilok.fr,
494776602,WIMMO,http://www.agence-wimmo.com/,agence-wimmo.com,
883496721,WIMMOBILIER,https://company34849kpt.netty.fr/,company34849kpt.netty.fr,
920666039,Win Win Immobilier,http://www.winwin-immobilier.fr/,winwin-immobilier.fr,
932359144,WINTER ET ASSOCIES,https://winter-associates.fr/,winter-associates.fr,
920416500,WIT - BOUCHES DU RHONE,http://wit-immobilier.fr/,wit-immobilier.fr,
815258975,WIXPI,http://www.wixpi.com/,wixpi.com,
533858049,WIZCO,http://www.wizco.fr/,wizco.fr,
819520222,WIZI,https://wizi.io/,wizi.io,
884766866,WOLFFBAERT IMMOBILIER,https://www.residence-marina-di-bravone.fr/fr,residence-marina-di-bravone.fr,
982781601,XAVIER CLERJAUD IMMOBILIER,https://www.clerjaud-immobilier.com/,clerjaud-immobilier.com,
911495307,XL IMMObilier,http://www.xlimmo.com/,xlimmo.com,
912808235,XL Immobilier,https://www.xl-immobilier.com/,xl-immobilier.com,
880712476,Y.D.C IMMOBILIER ET COURTAGE,https://www.agence-ydc.com/fr,agence-ydc.com,
884304106,Yann Dufour - Agence Hamilton Provence,https://yann-dufour.fr/,yann-dufour.fr,
533871083,YANN VRANCKEN IMMOBILIER,https://www.yann-vrancken-immobilier.fr/,yann-vrancken-immobilier.fr,URL normalisée
901449157,YANNICK SOUAL IMMO,http://www.ys-immo.com/,ys-immo.com,
484086947,Yaouanc Immobilier,https://www.yaouanc-immobilier.fr/,yaouanc-immobilier.fr,
934622077,YDéal Immobilier,https://www.ydealimmobilier.com/,ydealimmobilier.com,
901075796,Yes Immobilier,https://yes-immobilier.fr/,yes-immobilier.fr,
441224409,YF IMMO,http://www.promofar.fr/,promofar.fr,
434135455,YFFINIAC IMMOBILIER,http://www.yffiniac-immobilier.com/annonces/transaction/Vente.html,yffiniac-immobilier.com,
753995901,YGL,http://ymmostore.fr/,ymmostore.fr,
823515952,YOANNA SOULIER IMMOBILIER,https://www.yoannasoulierimmobilier.com/,yoannasoulierimmobilier.com,
819630724,YVAN HUET IMMOBILIER,https://www.yvanhuet-immobilier.fr/,yvanhuet-immobilier.fr,
987440989,YZY Gestion,https://yzy-gestion.com/,yzy-gestion.com,
904732773,ZAN'IMMO,http://www.zanimmo.fr/,zanimmo.fr,
898543814,ZEROPOURCENT.COM,http://www.zeropourcent.com/,zeropourcent.com,
982247504,ZeRuche,http://www.zeruche.com/,zeruche.com,
908829930,ZETA IMMO,https://www.zeta-immo.fr/,zeta-immo.fr,
830918272,ZUCCARELLI IMMOBILIER,http://www.zuccarellimmo.com/,zuccarellimmo.com,
882554579,Zéphyr Immo Conseil,https://www.zephyrimmoconseil.fr/,zephyrimmoconseil.fr,
952746154,À VOUS L’IMMOBILIER Le Havre,https://www.avlh.fr/,avlh.fr,
492230974,Île et côtier Agence immobilière île de Groix,https://www.groix-immobilier.com/,groix-immobilier.com,
831093182,Ô COEUR DE L IMMO,https://ocoeurdelimmo.immo/,ocoeurdelimmo.immo,
